url,status,title,meta_description,content_type,error
https://www.twstackle.com/,200,TW's Bait &amp; Tackle,,text/html; charset=iso-8859-1,
https://www.twstackle.com/departments,200,Categories,You may purchase eGift Cards on our site with this link: Purchase eGift Card&amp;nbsp;- use eGift Cards online or at the Nags Head Store #content_wrap &gt; .container{display: none},text/html; charset=iso-8859-1,
https://www.twstackle.com/departments/adult-life-jacket-|65|65G|065190.html,200,ADULT LIFE JACKET,,text/html; charset=iso-8859-1,
https://www.twstackle.com/departments/all-coozies-|75|75B|075107.html,200,ALL COOZIES,,text/html; charset=iso-8859-1,
https://www.twstackle.com/departments/all-other-drinkware-|75|75B|075106.html,200,ALL OTHER DRINKWARE,,text/html; charset=iso-8859-1,
https://www.twstackle.com/departments/all-other-storage--amp--carry-bags-|75|75C|075124.html,200,ALL OTHER STORAGE &amp; CARRY BAGS,,text/html; charset=iso-8859-1,
https://www.twstackle.com/departments/anchoring--rope--amp--docking-|65|65H|065213.html,200,"ANCHORING, ROPE &amp; DOCKING",,text/html; charset=iso-8859-1,
https://www.twstackle.com/departments/apparel--amp--footwear-%7C35.html,200,APPAREL &amp; FOOTWEAR,,text/html; charset=iso-8859-1,
https://www.twstackle.com/departments/apparel--amp--footwear-|35.html,200,APPAREL &amp; FOOTWEAR,,text/html; charset=iso-8859-1,
https://www.twstackle.com/departments/attractants--amp--cures-|25|25D|025131.html,200,ATTRACTANTS &amp; CURES,,text/html; charset=iso-8859-1,
https://www.twstackle.com/departments/backpack-coolers-|75|75A|075002.html,200,BACKPACK COOLERS,,text/html; charset=iso-8859-1,
https://www.twstackle.com/departments/bait--lures--amp--attractants-|25|25D.html,200,"BAIT, LURES &amp; ATTRACTANTS",,text/html; charset=iso-8859-1,
https://www.twstackle.com/departments/bait-alternatives-|25|25D|025130.html,200,BAIT ALTERNATIVES,,text/html; charset=iso-8859-1,
https://www.twstackle.com/departments/bajio-|45|45A|045008.html,200,BAJIO,,text/html; charset=iso-8859-1,
https://www.twstackle.com/departments/beach--patio--amp--houseware-|95|95F.html,200,"BEACH, PATIO &amp; HOUSEWARE",,text/html; charset=iso-8859-1,
https://www.twstackle.com/departments/binoculars-|55|55A|055005.html,200,BINOCULARS,,text/html; charset=iso-8859-1,
https://www.twstackle.com/departments/blinds--stands--covers--amp--chairs-|55|55E|055153.html,200,"BLINDS, STANDS, COVERS &amp; CHAIRS",,text/html; charset=iso-8859-1,
https://www.twstackle.com/departments/boat-accessories-|65|65H.html,200,BOAT ACCESSORIES,,text/html; charset=iso-8859-1,
https://www.twstackle.com/departments/boat-flags-|65|65H|065219.html,200,BOAT FLAGS,,text/html; charset=iso-8859-1,
https://www.twstackle.com/departments/boating--amp--kayaking-%7C65.html,200,BOATING &amp; KAYAKING,,text/html; charset=iso-8859-1,
https://www.twstackle.com/departments/boating--amp--kayaking-|65.html,200,BOATING &amp; KAYAKING,,text/html; charset=iso-8859-1,
https://www.twstackle.com/departments/books--brochures--videos--amp--maps-|95|95E.html,200,"BOOKS, BROCHURES, VIDEOS &amp; MAPS",,text/html; charset=iso-8859-1,
https://www.twstackle.com/departments/braided-line-|25|25F|025151.html,200,BRAIDED LINE,,text/html; charset=iso-8859-1,
https://www.twstackle.com/departments/brumate-|75|75B|075101.html,200,BRUMATE,,text/html; charset=iso-8859-1,
https://www.twstackle.com/departments/buckets--aerators--amp--bait-holders-|25|25J|025208.html,200,"BUCKETS, AERATORS &amp; BAIT HOLDERS",,text/html; charset=iso-8859-1,
https://www.twstackle.com/departments/bucktails-|25|25D|025125.html,200,BUCKTAILS,,text/html; charset=iso-8859-1,
https://www.twstackle.com/departments/bucktails-|25|25E|025125.html,200,BUCKTAILS,,text/html; charset=iso-8859-1,
https://www.twstackle.com/departments/camping-supplies-|75|75G.html,200,CAMPING SUPPLIES,,text/html; charset=iso-8859-1,
https://www.twstackle.com/departments/cart--amp--carrier-accessories-|75|75F|075163.html,200,CART &amp; CARRIER ACCESSORIES,,text/html; charset=iso-8859-1,
https://www.twstackle.com/departments/carts--rod-racks--amp--carriers-|75|75F.html,200,"CARTS, ROD RACKS &amp; CARRIERS",,text/html; charset=iso-8859-1,
https://www.twstackle.com/departments/cast-nets-|25|25J|025206.html,200,CAST NETS,,text/html; charset=iso-8859-1,
https://www.twstackle.com/departments/casting--amp--conventional-combos-|25|25C|025111.html,200,CASTING &amp; CONVENTIONAL COMBOS,,text/html; charset=iso-8859-1,
https://www.twstackle.com/departments/casting--amp--conventional-reels-|25|25B|025101.html,200,CASTING &amp; CONVENTIONAL REELS,,text/html; charset=iso-8859-1,
https://www.twstackle.com/departments/casting--amp--conventional-reels-|25|25D|025101.html,200,CASTING &amp; CONVENTIONAL REELS,,text/html; charset=iso-8859-1,
https://www.twstackle.com/departments/casting--amp--conventional-rods-|25|25A|025002.html,200,CASTING &amp; CONVENTIONAL RODS,,text/html; charset=iso-8859-1,
https://www.twstackle.com/departments/casual--comfort--amp--atheletic-|35|35E|035162.html,200,"CASUAL, COMFORT &amp; ATHELETIC",,text/html; charset=iso-8859-1,
https://www.twstackle.com/departments/casual--comfort--amp--atheletic-|35|35F|035182.html,200,"CASUAL, COMFORT &amp; ATHELETIC",,text/html; charset=iso-8859-1,
https://www.twstackle.com/departments/centerfire-rifle-scopes-|55|55A|055001.html,200,CENTERFIRE RIFLE SCOPES,,text/html; charset=iso-8859-1,
https://www.twstackle.com/departments/clam--crab--scallop--amp--oyster-kni-|85|85A|085009.html,200,"CLAM, CRAB, SCALLOP &amp; OYSTER KNI",,text/html; charset=iso-8859-1,
https://www.twstackle.com/departments/clam--crab--scallop--amp--oyster-kni-|85|85C|085009.html,200,"CLAM, CRAB, SCALLOP &amp; OYSTER KNI",,text/html; charset=iso-8859-1,
https://www.twstackle.com/departments/clippers--amp--snips-|85|85B|085105.html,200,CLIPPERS &amp; SNIPS,,text/html; charset=iso-8859-1,
https://www.twstackle.com/departments/clippers--amp--snips-|85|85C|085105.html,200,CLIPPERS &amp; SNIPS,,text/html; charset=iso-8859-1,
https://www.twstackle.com/departments/cooking-kits--amp--accessories-|95|95F|095180.html,200,COOKING KITS &amp; ACCESSORIES,,text/html; charset=iso-8859-1,
https://www.twstackle.com/departments/cooler-accessories-|75|75A|075007.html,200,COOLER ACCESSORIES,,text/html; charset=iso-8859-1,
https://www.twstackle.com/departments/coolers--amp--gear-%7C75.html,200,COOLERS &amp; GEAR,,text/html; charset=iso-8859-1,
https://www.twstackle.com/departments/coolers--amp--gear-|75.html,200,COOLERS &amp; GEAR,,text/html; charset=iso-8859-1,
https://www.twstackle.com/departments/coolers-|75|75A.html,200,COOLERS,,text/html; charset=iso-8859-1,
https://www.twstackle.com/departments/costa-|45|45A|045001.html,200,COSTA,,text/html; charset=iso-8859-1,
https://www.twstackle.com/departments/crabbing--clamming--amp--sand-fleas-|25|25J|025205.html,200,"CRABBING, CLAMMING &amp; SAND FLEAS",,text/html; charset=iso-8859-1,
https://www.twstackle.com/departments/cutting--amp--fillet-boards-|85|85A|085010.html,200,CUTTING &amp; FILLET BOARDS,,text/html; charset=iso-8859-1,
https://www.twstackle.com/departments/decals--amp--magnets-|95|95D|095141.html,200,DECALS &amp; MAGNETS,,text/html; charset=iso-8859-1,
https://www.twstackle.com/departments/deck--amp--boat-shoes-|35|35E|035160.html,200,DECK &amp; BOAT SHOES,,text/html; charset=iso-8859-1,
https://www.twstackle.com/departments/deck--amp--boat-shoes-|35|35F|035180.html,200,DECK &amp; BOAT SHOES,,text/html; charset=iso-8859-1,
https://www.twstackle.com/departments/deck--amp--boat-shoes-|35|35G|035200.html,200,DECK &amp; BOAT SHOES,,text/html; charset=iso-8859-1,
https://www.twstackle.com/departments/decoys--amp--gear-|55|55D.html,200,DECOYS &amp; GEAR,,text/html; charset=iso-8859-1,
https://www.twstackle.com/departments/dive-accessories-|65|65I.html,200,DIVE ACCESSORIES,,text/html; charset=iso-8859-1,
https://www.twstackle.com/departments/dredges-|25|25E|025142.html,200,DREDGES,,text/html; charset=iso-8859-1,
https://www.twstackle.com/departments/dredges-|25|25J|025142.html,200,DREDGES,,text/html; charset=iso-8859-1,
https://www.twstackle.com/departments/drinkware-|75|75B.html,200,DRINKWARE,,text/html; charset=iso-8859-1,
https://www.twstackle.com/departments/e-gift-card-|95|95A|095001.html,200,E-GIFT CARD,,text/html; charset=iso-8859-1,
https://www.twstackle.com/departments/essentials--amp--accessories-|65|65H|065218.html,200,ESSENTIALS &amp; ACCESSORIES,,text/html; charset=iso-8859-1,
https://www.twstackle.com/departments/eyewear-%7C45.html,200,EYEWEAR,,text/html; charset=iso-8859-1,
https://www.twstackle.com/departments/eyewear-accessories-|45|45C.html,200,EYEWEAR ACCESSORIES,,text/html; charset=iso-8859-1,
https://www.twstackle.com/departments/eyewear-|45.html,200,EYEWEAR,,text/html; charset=iso-8859-1,
https://www.twstackle.com/departments/feet--amp--hand-warmers-|55|55E|055154.html,200,FEET &amp; HAND WARMERS,,text/html; charset=iso-8859-1,
https://www.twstackle.com/departments/fillet-knives-|85|85A|085005.html,200,FILLET KNIVES,,text/html; charset=iso-8859-1,
https://www.twstackle.com/departments/fish-landing-tools-|25|25J|025202.html,200,FISH LANDING TOOLS,,text/html; charset=iso-8859-1,
https://www.twstackle.com/departments/fishing-%7C25.html,200,FISHING,,text/html; charset=iso-8859-1,
https://www.twstackle.com/departments/fishing-accessories-|25|25J.html,200,FISHING ACCESSORIES,,text/html; charset=iso-8859-1,
https://www.twstackle.com/departments/fishing-gloves-|35|35A|035007.html,200,FISHING GLOVES,,text/html; charset=iso-8859-1,
https://www.twstackle.com/departments/fishing-|25.html,200,FISHING,,text/html; charset=iso-8859-1,
https://www.twstackle.com/departments/fishing-|65|65A|065001.html,200,FISHING,,text/html; charset=iso-8859-1,
https://www.twstackle.com/departments/fixed-blades-|85|85A|085003.html,200,FIXED BLADES,,text/html; charset=iso-8859-1,
https://www.twstackle.com/departments/flashlights--amp--headlamps-|75|75G|075180.html,200,FLASHLIGHTS &amp; HEADLAMPS,,text/html; charset=iso-8859-1,
https://www.twstackle.com/departments/flies-|25|25D|025132.html,200,FLIES,,text/html; charset=iso-8859-1,
https://www.twstackle.com/departments/fluorocarbon-line-|25|25F|025152.html,200,FLUOROCARBON LINE,,text/html; charset=iso-8859-1,
https://www.twstackle.com/departments/game-calls-|55|55C.html,200,GAME CALLS,,text/html; charset=iso-8859-1,
https://www.twstackle.com/departments/game-shears--amp--scissors-|85|85A|085007.html,200,GAME SHEARS &amp; SCISSORS,,text/html; charset=iso-8859-1,
https://www.twstackle.com/departments/gear-storage--amp--carry-bags-|75|75C.html,200,GEAR STORAGE &amp; CARRY BAGS,,text/html; charset=iso-8859-1,
https://www.twstackle.com/departments/gift-card-|95|95A|095002.html,200,GIFT CARD,,text/html; charset=iso-8859-1,
https://www.twstackle.com/departments/gift-cards-|95|95A.html,200,GIFT CARDS,,text/html; charset=iso-8859-1,
https://www.twstackle.com/departments/gifts-%7C95.html,200,GIFTS,,text/html; charset=iso-8859-1,
https://www.twstackle.com/departments/gifts-|95.html,200,GIFTS,,text/html; charset=iso-8859-1,
https://www.twstackle.com/departments/gigging--amp--spearing-|25|25J|025209.html,200,GIGGING &amp; SPEARING,,text/html; charset=iso-8859-1,
https://www.twstackle.com/departments/hand-crimpers-|85|85B|085103.html,200,HAND CRIMPERS,,text/html; charset=iso-8859-1,
https://www.twstackle.com/departments/hard-sided-coolers-|75|75A|075003.html,200,HARD SIDED COOLERS,,text/html; charset=iso-8859-1,
https://www.twstackle.com/departments/hats--caps--amp--buffs-|35|35A|035004.html,200,"HATS, CAPS &amp; BUFFS",,text/html; charset=iso-8859-1,
https://www.twstackle.com/departments/hats--caps--amp--buffs-|35|35C|035123.html,200,"HATS, CAPS &amp; BUFFS",,text/html; charset=iso-8859-1,
https://www.twstackle.com/departments/health--amp--well-being-|95|95C.html,200,HEALTH &amp; WELL BEING,,text/html; charset=iso-8859-1,
https://www.twstackle.com/departments/helm-chairs--amp--harnesses-|65|65C|065123.html,200,HELM CHAIRS &amp; HARNESSES,,text/html; charset=iso-8859-1,
https://www.twstackle.com/departments/hunting--amp--shooting-%7C55.html,200,HUNTING &amp; SHOOTING,,text/html; charset=iso-8859-1,
https://www.twstackle.com/departments/hunting--amp--shooting-|55.html,200,HUNTING &amp; SHOOTING,,text/html; charset=iso-8859-1,
https://www.twstackle.com/departments/hunting-accessories-|55|55E.html,200,HUNTING ACCESSORIES,,text/html; charset=iso-8859-1,
https://www.twstackle.com/departments/insect-repellents-|95|95C|095110.html,200,INSECT REPELLENTS,,text/html; charset=iso-8859-1,
https://www.twstackle.com/departments/kayak-accessories-|65|65A|065005.html,200,KAYAK ACCESSORIES,,text/html; charset=iso-8859-1,
https://www.twstackle.com/departments/kayak-carriers--amp--racks-|65|65B|065100.html,200,KAYAK CARRIERS &amp; RACKS,,text/html; charset=iso-8859-1,
https://www.twstackle.com/departments/kayaks--sup-s--amp--canoes-|65|65A.html,200,"KAYAKS, SUP'S &amp; CANOES",,text/html; charset=iso-8859-1,
https://www.twstackle.com/departments/knives--amp--shears-|85|85A.html,200,KNIVES &amp; SHEARS,,text/html; charset=iso-8859-1,
https://www.twstackle.com/departments/landing-nets--amp--bait-nets-|25|25J|025201.html,200,LANDING NETS &amp; BAIT NETS,,text/html; charset=iso-8859-1,
https://www.twstackle.com/departments/lanterns--amp--spotlights-|75|75G|075181.html,200,LANTERNS &amp; SPOTLIGHTS,,text/html; charset=iso-8859-1,
https://www.twstackle.com/departments/leader--amp--line-accessories-|25|25F|025153.html,200,LEADER &amp; LINE ACCESSORIES,,text/html; charset=iso-8859-1,
https://www.twstackle.com/departments/license-plates--decals--amp--magnets-|95|95D.html,200,"LICENSE PLATES, DECALS &amp; MAGNETS",,text/html; charset=iso-8859-1,
https://www.twstackle.com/departments/life-jackes--amp--pfd-s-|65|65G.html,200,LIFE JACKES &amp; PFD'S,,text/html; charset=iso-8859-1,
https://www.twstackle.com/departments/lighting--amp--electrical-components-|65|65E|065163.html,200,LIGHTING &amp; ELECTRICAL COMPONENTS,,text/html; charset=iso-8859-1,
https://www.twstackle.com/departments/lines-|25|25F.html,200,LINES,,text/html; charset=iso-8859-1,
https://www.twstackle.com/departments/lures--amp--jigs-|25|25E|025140.html,200,LURES &amp; JIGS,,text/html; charset=iso-8859-1,
https://www.twstackle.com/departments/marine-parts--amp--care-|65|65E.html,200,MARINE PARTS &amp; CARE,,text/html; charset=iso-8859-1,
https://www.twstackle.com/departments/maui-jim-|45|45A|045002.html,200,MAUI JIM,,text/html; charset=iso-8859-1,
https://www.twstackle.com/departments/measuring-tape--amp--ruler-|85|85C|085121.html,200,MEASURING TAPE &amp; RULER,,text/html; charset=iso-8859-1,
https://www.twstackle.com/departments/mens-accessories-|35|35A|035008.html,200,MENS ACCESSORIES,,text/html; charset=iso-8859-1,
https://www.twstackle.com/departments/mens-clothing-|35|35A.html,200,MENS CLOTHING,,text/html; charset=iso-8859-1,
https://www.twstackle.com/departments/mens-shoes--boots--amp--waders-|35|35E.html,200,"MENS SHOES, BOOTS &amp; WADERS",,text/html; charset=iso-8859-1,
https://www.twstackle.com/departments/misc--decoys--amp--gear-|55|55D|055144.html,200,MISC. DECOYS &amp; GEAR,,text/html; charset=iso-8859-1,
https://www.twstackle.com/departments/misc--fishing-accessories-|25|25J|025210.html,200,MISC. FISHING ACCESSORIES,,text/html; charset=iso-8859-1,
https://www.twstackle.com/departments/misc--game-calls-|55|55C|055134.html,200,MISC. GAME CALLS,,text/html; charset=iso-8859-1,
https://www.twstackle.com/departments/misc--gifts-|95|95F|095186.html,200,MISC. GIFTS,,text/html; charset=iso-8859-1,
https://www.twstackle.com/departments/misc--health-products-|95|95C|095114.html,200,MISC. HEALTH PRODUCTS,,text/html; charset=iso-8859-1,
https://www.twstackle.com/departments/misc--tools-|85|85C.html,200,MISC. TOOLS,,text/html; charset=iso-8859-1,
https://www.twstackle.com/departments/monofilament-line-|25|25F|025150.html,200,MONOFILAMENT LINE,,text/html; charset=iso-8859-1,
https://www.twstackle.com/departments/multi-tool-knives-|85|85A|085001.html,200,MULTI TOOL KNIVES,,text/html; charset=iso-8859-1,
https://www.twstackle.com/departments/nautical-charts-|95|95E|095162.html,200,NAUTICAL CHARTS,,text/html; charset=iso-8859-1,
https://www.twstackle.com/departments/oakley-|45|45A|045003.html,200,OAKLEY,,text/html; charset=iso-8859-1,
https://www.twstackle.com/departments/offshore--amp--trolling-tackle-|25|25E.html,200,OFFSHORE &amp; TROLLING TACKLE,,text/html; charset=iso-8859-1,
https://www.twstackle.com/departments/offshore--amp--trolling-|65|65C.html,200,OFFSHORE &amp; TROLLING,,text/html; charset=iso-8859-1,
https://www.twstackle.com/departments/optics--amp--scopes-|55|55A.html,200,OPTICS &amp; SCOPES,,text/html; charset=iso-8859-1,
https://www.twstackle.com/departments/outdoor-seating-|75|75G|075182.html,200,OUTDOOR SEATING,,text/html; charset=iso-8859-1,
https://www.twstackle.com/departments/outerwear--jackets--amp--coats-|35|35B|035102.html,200,"OUTERWEAR, JACKETS &amp; COATS",,text/html; charset=iso-8859-1,
https://www.twstackle.com/departments/outerwear--jackets--amp--coats-|35|35C|035122.html,200,"OUTERWEAR, JACKETS &amp; COATS",,text/html; charset=iso-8859-1,
https://www.twstackle.com/departments/outriggers--amp--center-riggers-|65|65C|065120.html,200,OUTRIGGERS &amp; CENTER RIGGERS,,text/html; charset=iso-8859-1,
https://www.twstackle.com/departments/paddles--amp--oars-|65|65A|065004.html,200,PADDLES &amp; OARS,,text/html; charset=iso-8859-1,
https://www.twstackle.com/departments/pier--amp--beach-carts-|75|75F|075160.html,200,PIER &amp; BEACH CARTS,,text/html; charset=iso-8859-1,
https://www.twstackle.com/departments/plano-|75|75C|075122.html,200,PLANO,,text/html; charset=iso-8859-1,
https://www.twstackle.com/departments/pliers--cutters--amp--crimpers-|85|85B.html,200,"PLIERS, CUTTERS &amp; CRIMPERS",,text/html; charset=iso-8859-1,
https://www.twstackle.com/departments/pliers-|85|85B|085100.html,200,PLIERS,,text/html; charset=iso-8859-1,
https://www.twstackle.com/departments/power-supplies--amp--batteries-|75|75G|075183.html,200,POWER SUPPLIES &amp; BATTERIES,,text/html; charset=iso-8859-1,
https://www.twstackle.com/departments/propane--amp--propane-accessories-|75|75G|075184.html,200,PROPANE &amp; PROPANE ACCESSORIES,,text/html; charset=iso-8859-1,
https://www.twstackle.com/departments/recreational-shooting-|55|55H|055205.html,200,RECREATIONAL SHOOTING,,text/html; charset=iso-8859-1,
https://www.twstackle.com/departments/reel-accessories-|25|25B|025106.html,200,REEL ACCESSORIES,,text/html; charset=iso-8859-1,
https://www.twstackle.com/departments/reels-|25|25B.html,200,REELS,,text/html; charset=iso-8859-1,
https://www.twstackle.com/departments/rigs--amp--supplies-|25|25E|025145.html,200,RIGS &amp; SUPPLIES,,text/html; charset=iso-8859-1,
https://www.twstackle.com/departments/rod--amp--reel-combos-|25|25C.html,200,ROD &amp; REEL COMBOS,,text/html; charset=iso-8859-1,
https://www.twstackle.com/departments/rod-accessories-|25|25A|025007.html,200,ROD ACCESSORIES,,text/html; charset=iso-8859-1,
https://www.twstackle.com/departments/rod-rack-carriers--amp--mounts-|75|75F|075161.html,200,ROD RACK CARRIERS &amp; MOUNTS,,text/html; charset=iso-8859-1,
https://www.twstackle.com/departments/rods-|25|25A.html,200,RODS,,text/html; charset=iso-8859-1,
https://www.twstackle.com/departments/rolling-coolers-|75|75A|075004.html,200,ROLLING COOLERS,,text/html; charset=iso-8859-1,
https://www.twstackle.com/departments/rubber-boots-|35|35E|035164.html,200,RUBBER BOOTS,,text/html; charset=iso-8859-1,
https://www.twstackle.com/departments/safety--flares--amp--fire-extinguish-|65|65H|065217.html,200,"SAFETY, FLARES &amp; FIRE EXTINGUISH",,text/html; charset=iso-8859-1,
https://www.twstackle.com/departments/safety-gear-|65|65I|065232.html,200,SAFETY GEAR,,text/html; charset=iso-8859-1,
https://www.twstackle.com/departments/saltwater-boat--amp--trolling-rods-|25|25A|025003.html,200,SALTWATER BOAT &amp; TROLLING RODS,,text/html; charset=iso-8859-1,
https://www.twstackle.com/departments/saltwater-reels-|25|25B|025102.html,200,SALTWATER REELS,,text/html; charset=iso-8859-1,
https://www.twstackle.com/departments/sand-spikes-|25|25J|025204.html,200,SAND SPIKES,,text/html; charset=iso-8859-1,
https://www.twstackle.com/departments/sandals-|35|35E|035161.html,200,SANDALS,,text/html; charset=iso-8859-1,
https://www.twstackle.com/departments/sandals-|35|35F|035181.html,200,SANDALS,,text/html; charset=iso-8859-1,
https://www.twstackle.com/departments/scales--amp--rulers-|25|25J|025203.html,200,SCALES &amp; RULERS,,text/html; charset=iso-8859-1,
https://www.twstackle.com/departments/sharpeners-|85|85A|085011.html,200,SHARPENERS,,text/html; charset=iso-8859-1,
https://www.twstackle.com/departments/shirts--amp--tops-|35|35A|035001.html,200,SHIRTS &amp; TOPS,,text/html; charset=iso-8859-1,
https://www.twstackle.com/departments/shirts--amp--tops-|35|35B|035100.html,200,SHIRTS &amp; TOPS,,text/html; charset=iso-8859-1,
https://www.twstackle.com/departments/shirts--amp--tops-|35|35C|035120.html,200,SHIRTS &amp; TOPS,,text/html; charset=iso-8859-1,
https://www.twstackle.com/departments/shooting-accessories-|55|55H.html,200,SHOOTING ACCESSORIES,,text/html; charset=iso-8859-1,
https://www.twstackle.com/departments/shorts--amp--pants-|35|35A|035002.html,200,SHORTS &amp; PANTS,,text/html; charset=iso-8859-1,
https://www.twstackle.com/departments/shorts--pants--skirts--amp--dresses-|35|35B|035101.html,200,"SHORTS, PANTS, SKIRTS &amp; DRESSES",,text/html; charset=iso-8859-1,
https://www.twstackle.com/departments/single-folding-blades-|85|85A|085002.html,200,SINGLE FOLDING BLADES,,text/html; charset=iso-8859-1,
https://www.twstackle.com/departments/smith-|45|45A|045009.html,200,SMITH,,text/html; charset=iso-8859-1,
https://www.twstackle.com/departments/soft-plastic-baits-|25|25D|025121.html,200,SOFT PLASTIC BAITS,,text/html; charset=iso-8859-1,
https://www.twstackle.com/departments/soft-sided-carry-coolers-|75|75A|075001.html,200,SOFT SIDED CARRY COOLERS,,text/html; charset=iso-8859-1,
https://www.twstackle.com/departments/spincasting-combos-|25|25C|025112.html,200,SPINCASTING COMBOS,,text/html; charset=iso-8859-1,
https://www.twstackle.com/departments/spincasting-reels-|25|25B|025104.html,200,SPINCASTING REELS,,text/html; charset=iso-8859-1,
https://www.twstackle.com/departments/spinning-combos-|25|25C|025110.html,200,SPINNING COMBOS,,text/html; charset=iso-8859-1,
https://www.twstackle.com/departments/spinning-reels-|25|25B|025100.html,200,SPINNING REELS,,text/html; charset=iso-8859-1,
https://www.twstackle.com/departments/spinning-rods-|25|25A|025001.html,200,SPINNING RODS,,text/html; charset=iso-8859-1,
https://www.twstackle.com/departments/stuffed-animals-|95|95H|095221.html,200,STUFFED ANIMALS,,text/html; charset=iso-8859-1,
https://www.twstackle.com/departments/sunglass-cases-|45|45C|045130.html,200,SUNGLASS CASES,,text/html; charset=iso-8859-1,
https://www.twstackle.com/departments/sunglasses-|45|45A.html,200,SUNGLASSES,,text/html; charset=iso-8859-1,
https://www.twstackle.com/departments/sunscreen--amp--moisturizer-|95|95C|095112.html,200,SUNSCREEN &amp; MOISTURIZER,,text/html; charset=iso-8859-1,
https://www.twstackle.com/departments/thermocells--amp--pests-control-|95|95F|095184.html,200,THERMOCELLS &amp; PESTS CONTROL,,text/html; charset=iso-8859-1,
https://www.twstackle.com/departments/tire-guage-|85|85C|085120.html,200,TIRE GUAGE,,text/html; charset=iso-8859-1,
https://www.twstackle.com/departments/toadfish-|75|75B|075102.html,200,TOADFISH,,text/html; charset=iso-8859-1,
https://www.twstackle.com/departments/tools--amp--knives-%7C85.html,200,TOOLS &amp; KNIVES,,text/html; charset=iso-8859-1,
https://www.twstackle.com/departments/tools--amp--knives-|85.html,200,TOOLS &amp; KNIVES,,text/html; charset=iso-8859-1,
https://www.twstackle.com/departments/towels-|95|95F|095183.html,200,TOWELS,,text/html; charset=iso-8859-1,
https://www.twstackle.com/departments/toys-|95|95H.html,200,TOYS,,text/html; charset=iso-8859-1,
https://www.twstackle.com/departments/trailering--amp--transport-|65|65B.html,200,TRAILERING &amp; TRANSPORT,,text/html; charset=iso-8859-1,
https://www.twstackle.com/departments/trailering-accessories-|65|65B|065102.html,200,TRAILERING ACCESSORIES,,text/html; charset=iso-8859-1,
https://www.twstackle.com/departments/trolling-combos-|25|25C|025113.html,200,TROLLING COMBOS,,text/html; charset=iso-8859-1,
https://www.twstackle.com/departments/trolling-spoons-|25|25E|025146.html,200,TROLLING SPOONS,,text/html; charset=iso-8859-1,
https://www.twstackle.com/departments/turkey-calls-|55|55C|055133.html,200,TURKEY CALLS,,text/html; charset=iso-8859-1,
https://www.twstackle.com/departments/wader-accessories-|35|35E|035167.html,200,WADER ACCESSORIES,,text/html; charset=iso-8859-1,
https://www.twstackle.com/departments/waders-|35|35E|035165.html,200,WADERS,,text/html; charset=iso-8859-1,
https://www.twstackle.com/departments/water-coolers-|75|75A|075006.html,200,WATER COOLERS,,text/html; charset=iso-8859-1,
https://www.twstackle.com/departments/waterfowl-calls-|55|55C|055130.html,200,WATERFOWL CALLS,,text/html; charset=iso-8859-1,
https://www.twstackle.com/departments/waterfowl-decoys-|55|55D|055140.html,200,WATERFOWL DECOYS,,text/html; charset=iso-8859-1,
https://www.twstackle.com/departments/wire--copper--amp--lead-core-line-|25|25F|025156.html,200,"WIRE, COPPER &amp; LEAD CORE LINE",,text/html; charset=iso-8859-1,
https://www.twstackle.com/departments/wire-cutters-|85|85B|085102.html,200,WIRE CUTTERS,,text/html; charset=iso-8859-1,
https://www.twstackle.com/departments/womens-clothing-|35|35B.html,200,WOMENS CLOTHING,,text/html; charset=iso-8859-1,
https://www.twstackle.com/departments/womens-shoes--boots--amp--waders-|35|35F.html,200,"WOMENS SHOES, BOOTS &amp; WADERS",,text/html; charset=iso-8859-1,
https://www.twstackle.com/departments/yeti-|75|75B|075100.html,200,YETI,,text/html; charset=iso-8859-1,
https://www.twstackle.com/departments/yeti-|75|75C|075100.html,200,YETI,,text/html; charset=iso-8859-1,
https://www.twstackle.com/departments/yeti-|75|75C|075120.html,200,YETI,,text/html; charset=iso-8859-1,
https://www.twstackle.com/departments/youth-books-|95|95H|095220.html,200,YOUTH BOOKS,,text/html; charset=iso-8859-1,
https://www.twstackle.com/departments/youth-clothing-|35|35C.html,200,YOUTH CLOTHING,,text/html; charset=iso-8859-1,
https://www.twstackle.com/departments/youth-shoes--boots--amp--waders-|35|35G.html,200,"YOUTH SHOES, BOOTS &amp; WADERS",,text/html; charset=iso-8859-1,
https://www.twstackle.com/inet/start.php,200,TW's Bait &amp; Tackle,,text/html; charset=iso-8859-1,
https://www.twstackle.com/inet/storefront/check_gift_card.php,200,Check eGift Card Balance,,text/html; charset=iso-8859-1,
https://www.twstackle.com/inet/storefront/create_account.php?category=0,200,Create Account,,text/html; charset=iso-8859-1,
https://www.twstackle.com/inet/storefront/gift_cards.php?id=1&mode=purchase,200,,,text/html; charset=iso-8859-1,
https://www.twstackle.com/inet/storefront/store.php?mode=advancedsearch,200,Search Catalog,,text/html; charset=iso-8859-1,
https://www.twstackle.com/inet/storefront/store.php?mode=viewcart,200,Shopping Cart,,text/html; charset=iso-8859-1,
https://www.twstackle.com/inet/user/contact.php,200,Contact Us,,text/html; charset=iso-8859-1,
https://www.twstackle.com/inet/user/forgot_password.php,200,Reset Password,,text/html; charset=iso-8859-1,
https://www.twstackle.com/inet/user/forgot_username.php,200,Reset Password,,text/html; charset=iso-8859-1,
https://www.twstackle.com/pages/careers.html,200,Careers,,text/html; charset=iso-8859-1,
https://www.twstackle.com/pages/faq.html,200,FAQ,,text/html; charset=iso-8859-1,
https://www.twstackle.com/pages/find.html,200,Store Info,,text/html; charset=iso-8859-1,
https://www.twstackle.com/pages/fishinghuntingsize.html,200,Fishing &amp; Hunting Info,,text/html; charset=iso-8859-1,
https://www.twstackle.com/pages/history.html,200,About Us,,text/html; charset=iso-8859-1,
https://www.twstackle.com/pages/policiesandshipping.html,200,Policies &amp; Shipping,,text/html; charset=iso-8859-1,
https://www.twstackle.com/pages/privacy.html,200,Your Privacy,,text/html; charset=iso-8859-1,
https://www.twstackle.com/pages/services.html,200,Services,,text/html; charset=iso-8859-1,
https://www.twstackle.com/products/--abu-garcia-max4stx-lp-bc-reel%7C036282079700.html,200,Categories - # ABU GARCIA MAX4STX LP BC Reel,"Experience better-than-ever Abu Garcia engineering with MAXimum performance with the Abu Garcia Max STX baitcast reels. These reels feature custom designed, co-molded handle knobs for increased comfort, a 5+1 bearing system for ultimate smoothness, and Duragear&amp;trade; Brass gear for durability. 5 stainless steel ball bearings + 1 roller bearingMachined aluminum spoolPower Disk&amp;trade; drag",text/html; charset=iso-8859-1,
https://www.twstackle.com/products/--abu-garcia-maxp4pro-max-stx%7C036282079670.html,200,Categories - # ABU GARCIA MAXP4PRO Max STX,"Experience better-than-ever Abu Garcia engineering with MAXimum performance with the Abu Garcia Max Pro baitcast reels. These reels feature custom designed, co-molded handle knobs for increased comfort, a 7+1 bearing system for ultimate smoothness, and Duragear&amp;trade; Brass gear for durability.7 stainless steel ball bearings + 1 roller bearingMachined double annodized aluminum spoolPower Disk&",text/html; charset=iso-8859-1,
https://www.twstackle.com/products/--abu-garcia-maxpro30sp-eag70mba%7C036282079762.html,200,Categories - # ABU GARCIA MAXPRO30SP/EAG70MBA,# ABU GARCIA MAXPRO30SP/EAG70MBA,text/html; charset=iso-8859-1,
https://www.twstackle.com/products/--abu-garcia-maxx-662m-max-x-com%7C036282986695.html,200,Categories - # ABU GARCIA MAXX/662M Max X Com,"Experience better-than-ever Abu Garcia engineering for MAXimum performance with the Abu Garcia Max X baitcast combo. This combo features a custom designed reel seat with integrated polymer comfort grip, for ultimate comfort, 4+1 bearing system for ultimate smoothness, and 24-ton graphite construction for ultimate sensitivity.Abu custom integrated reel seat with molded polymer comfort grip4 Stainle",text/html; charset=iso-8859-1,
https://www.twstackle.com/products/--abu-garcia-maxx-701mh-maxx-com%7C036282986701.html,200,Categories - # ABU GARCIA MAXX/701MH MaxX Com,"Experience better-than-ever Abu Garcia engineering for MAXimum performance with the Abu Garcia Max X baitcast combo. This combo features a custom designed reel seat with integrated polymer comfort grip, for ultimate comfort, 4+1 bearing system for ultimate smoothness, and 24-ton graphite construction for ultimate sensitivity.Abu custom integrated reel seat with molded polymer comfort grip4 Stainle",text/html; charset=iso-8859-1,
https://www.twstackle.com/products/--abu-garcia-rev04-wnch-lp-reel%7C036282064768.html,200,Categories - # ABU GARCIA REV04 WNCH LP Reel,"Whether you find yourself on Clear Lake, Lake of the Woods, or Lake El Salto, big baits are a necessary evil, and finding a reel that can handle the stress of throwing these baits can be exhausting. Built for crankbait fishing and other high resistance baits, the Revo&amp;reg; Winch low profile baitcast reel is designed with a low 5.4:1 gear ratio for added cranking power. The improved, more effic",text/html; charset=iso-8859-1,
https://www.twstackle.com/products/--abu-garcia-rev04x-revo-xlow%7C036282064683.html,200,Categories - # ABU GARCIA REV04X REVO XLOW,"Revo&amp;reg; trusted reliability and performance welcome the X to the lineup of the fourth generation of Revo&amp;reg; Low Profiles. Featuring the same forward-thinking design, durability, and performance, the Revo&amp;reg; X starts with an X2-Cr?ftic&amp;trade; alloy frame for a lightweight, rigid, and corrosion-resistant frame. Consistent brake pressure is delivered by the MagTrax&amp;trade; br",text/html; charset=iso-8859-1,
https://www.twstackle.com/products/--abu-garcia-revogrpp2x30-701mbl%7C036282967458.html,200,Categories - # ABU GARCIA REVOGRPP2X30/701MBL,"Introducing the limited edition Abu Garcia&amp;reg; Revo&amp;reg; X spinning and casting combos. Packed with iconic Abu Garcia features, we",text/html; charset=iso-8859-1,
https://www.twstackle.com/products/--abu-garcia-vtpc70-5-veritas%7C036282981812.html,200,Categories - # ABU GARCIA VTPC70-5 Veritas,"Introducing the next generation of Veritas rods with Powerlux&amp;reg; 100, which increases the rod?s strength by 15 percent while also reducing the rod?s overall weight by 5 percent. The new Veritas rod family gives anglers the performance, sensitivity, and durability they need to win, whether they?re fishing for fun or for a paycheck. The Powerlux 100 resin system evenly distributes nano particl",text/html; charset=iso-8859-1,
https://www.twstackle.com/products/--abu-garcia-vtpc70-6-veritas%7C036282981829.html,200,Categories - # ABU GARCIA VTPC70-6 Veritas,"Introducing the next generation of Veritas rods with Powerlux&amp;reg; 100, which increases the rod?s strength by 15 percent while also reducing the rod?s overall weight by 5 percent. The new Veritas rod family gives anglers the performance, sensitivity, and durability they need to win, whether they?re fishing for fun or for a paycheck. The Powerlux 100 resin system evenly distributes nano particl",text/html; charset=iso-8859-1,
https://www.twstackle.com/products/--avet-exw30-2-2-spd-reel-rh-gld%7C810755022949.html,200,Categories - # AVET EXW30/2 2-SPD REEL RH-GLD,# AVET EXW30/2 2-SPD REEL RH-GLD,text/html; charset=iso-8859-1,
https://www.twstackle.com/products/--avet-exw50-2-2-spd-reel-rh-gld%7C810755023229.html,200,Categories - # AVET EXW50/2 2-SPD REEL RH-GLD,# AVET EXW50/2 2-SPD REEL RH-GLD,text/html; charset=iso-8859-1,
https://www.twstackle.com/products/--avet-hx5-2-2-spd-reel-rh-blue%7C810755021980.html,200,Categories - # AVET HX5/2 2-SPD REEL RH-BLUE,# AVET HX5/2 2-SPD REEL RH-BLUE,text/html; charset=iso-8859-1,
https://www.twstackle.com/products/--avet-hx5-2-2-spd-reel-rh-sil%7C810755021966.html,200,Categories - # AVET HX5/2 2-SPD REEL RH-SIL,# AVET HX5/2 2-SPD REEL RH-SIL,text/html; charset=iso-8859-1,
https://www.twstackle.com/products/--avet-mxj5-8-star-drag-rh-blk%7C815890027798.html,200,Categories - # AVET MXJ5.8 STAR DRAG RH-BLK,# AVET MXJ5.8 STAR DRAG RH-BLK,text/html; charset=iso-8859-1,
https://www.twstackle.com/products/--avet-mxj5-8-star-drag-rh-blu%7C815890027804.html,200,Categories - # AVET MXJ5.8 STAR DRAG RH-BLU,# AVET MXJ5.8 STAR DRAG RH-BLU,text/html; charset=iso-8859-1,
https://www.twstackle.com/products/--avet-mxj5-8-star-drag-rh-sil%7C815890027811.html,200,Categories - # AVET MXJ5.8 STAR DRAG RH-SIL,# AVET MXJ5.8 STAR DRAG RH-SIL,text/html; charset=iso-8859-1,
https://www.twstackle.com/products/--berkley-bacrr-combo-5-rack%7C028632251010.html,200,Categories - # BERKLEY BACRR Combo 5-Rack,# BERKLEY BACRR Combo 5-Rack,text/html; charset=iso-8859-1,
https://www.twstackle.com/products/--berkley-badcs15-dlx-stringer%7C028632250778.html,200,Categories - # BERKLEY BADCS15 Dlx Stringer,"With Berkley&amp;reg;, everyday anglers will get it all; performance, value, and reliability to make fishing more enjoyable. Braided polypropylene construction for durabilityStainless steel snaps are easy to release, yet hold securelyTapered needle for easy stringingTangle-free swivels reduce twistingHeavy duty stringer securely holds catch",text/html; charset=iso-8859-1,
https://www.twstackle.com/products/--berkley-bahrr-horizontal-rack%7C028632250792.html,200,Categories - # BERKLEY BAHRR Horizontal Rack,# BERKLEY BAHRR Horizontal Rack,text/html; charset=iso-8859-1,
https://www.twstackle.com/products/--berkley-cwd2-661ms-cherrywd%7C028632912102.html,200,Categories - # BERKLEY CWD2-661MS Cherrywd,"The Berkley&amp;reg; Cherrywood&amp;reg; HD rod series is blasting out of the past. Featuring hybrid design construction and cork handles, these lightweight, sensitive rods get the job done.Hybrid design construction for un-matched sensitivity with the security of blank through handle constructionLightweight stainless steel guides and insertsCork handles for added comfort and grip",text/html; charset=iso-8859-1,
https://www.twstackle.com/products/--berkley-cwd2-701ms-cherrywd%7C028632912133.html,200,Categories - # BERKLEY CWD2-701MS Cherrywd,"The Berkley&amp;reg; Cherrywood&amp;reg; HD rod series is blasting out of the past. Featuring hybrid design construction and cork handles, these lightweight, sensitive rods get the job done.Hybrid design construction for un-matched sensitivity with the security of blank through handle constructionLightweight stainless steel guides and insertsCork handles for added comfort and grip",text/html; charset=iso-8859-1,
https://www.twstackle.com/products/--berkley-fsn19buck3-ch-fusionbk%7C028632291603.html,200,Categories - # BERKLEY FSN19BUCK3-CH FusionBk,"Designed to pair perfectly with Berkley&amp;reg; Gulp!&amp;reg;, the Fusion19&amp;trade; Bucktail jig features quality components that are ideal for fishing with your favorite soft plastic. The sharp, corrosion-resistant Fusion19&amp;trade; hook penetrates the hardest mouths and stays sharp. A double line tie provides the versatility for jigging techniques or cast and retrieve techniques with one",text/html; charset=iso-8859-1,
https://www.twstackle.com/products/--berkley-fsn19buck3-ol-fusionbk%7C028632291641.html,200,Categories - # BERKLEY FSN19BUCK3-OL FusionBk,"Designed to pair perfectly with Berkley&amp;reg; Gulp!&amp;reg;, the Fusion19&amp;trade; Bucktail jig features quality components that are ideal for fishing with your favorite soft plastic. The sharp, corrosion-resistant Fusion19&amp;trade; hook penetrates the hardest mouths and stays sharp. A double line tie provides the versatility for jigging techniques or cast and retrieve techniques with one",text/html; charset=iso-8859-1,
https://www.twstackle.com/products/--berkley-fsn19buck3-pk-fusionbk%7C028632291610.html,200,Categories - # BERKLEY FSN19BUCK3-PK FusionBk,"Designed to pair perfectly with Berkley&amp;reg; Gulp!&amp;reg;, the Fusion19&amp;trade; Bucktail jig features quality components that are ideal for fishing with your favorite soft plastic. The sharp, corrosion-resistant Fusion19&amp;trade; hook penetrates the hardest mouths and stays sharp. A double line tie provides the versatility for jigging techniques or cast and retrieve techniques with one",text/html; charset=iso-8859-1,
https://www.twstackle.com/products/--berkley-gafpps3-ft-gulp-pddl-3%7C028632957417.html,200,Categories - # BERKLEY GAFPPS3-FT Gulp Pddl 3,"The extreme scent dispersion of Gulp! and Gulp! Alive! expands the strike zone, allowing you to catch more fish! Berkley Gulp! and Gulp! Alive! truly are the next generation in soft bait! Gulp! Alive! baits offer the best alternative to live bait ever produced. The baits are soaked in the powerful attractant to catch more fish. Put the bait back in the bucket to ReCharge its effectiveness. You don",text/html; charset=iso-8859-1,
https://www.twstackle.com/products/--berkley-gafpps3-opnt-gulppddl%7C028632957363.html,200,Categories - # BERKLEY GAFPPS3-OPNT GulpPddl,"The extreme scent dispersion of Gulp! and Gulp! Alive! expands the strike zone, allowing you to catch more fish! Berkley Gulp! and Gulp! Alive! truly are the next generation in soft bait! Gulp! Alive! baits offer the best alternative to live bait ever produced. The baits are soaked in the powerful attractant to catch more fish. Put the bait back in the bucket to ReCharge its effectiveness. You don",text/html; charset=iso-8859-1,
https://www.twstackle.com/products/--berkley-gafpps3-pwc-gulppddl-3%7C028632957387.html,200,Categories - # BERKLEY GAFPPS3-PWC GulpPddl 3,"The extreme scent dispersion of Gulp! and Gulp! Alive! expands the strike zone, allowing you to catch more fish! Berkley Gulp! and Gulp! Alive! truly are the next generation in soft bait! Gulp! Alive! baits offer the best alternative to live bait ever produced. The baits are soaked in the powerful attractant to catch more fish. Put the bait back in the bucket to ReCharge its effectiveness. You don",text/html; charset=iso-8859-1,
https://www.twstackle.com/products/--berkley-gafpps4-opn-gulppddl-4%7C028632957509.html,200,Categories - # BERKLEY GAFPPS4-OPN GulpPddl 4,"The extreme scent dispersion of Gulp! and Gulp! Alive! expands the strike zone, allowing you to catch more fish! Berkley Gulp! and Gulp! Alive! truly are the next generation in soft bait! Gulp! Alive! baits offer the best alternative to live bait ever produced. The baits are soaked in the powerful attractant to catch more fish. Put the bait back in the bucket to ReCharge its effectiveness. You don",text/html; charset=iso-8859-1,
https://www.twstackle.com/products/--berkley-gajjg1-ch-gulp-alive%7C028632258453.html,200,Categories - # BERKLEY GAJJG1-CH Gulp Alive,Gulp! Alive! baits offer the best alternative to live bait ever produced. The baits are soaked in the powerful attractant to catch more fish. Put the bait back in the bucket to ReCharge its effectiveness. You don,text/html; charset=iso-8859-1,
https://www.twstackle.com/products/--berkley-gajjg1-pw-gulp-alive%7C028632258477.html,200,Categories - # BERKLEY GAJJG1-PW Gulp Alive,Gulp! Alive! baits offer the best alternative to live bait ever produced. The baits are soaked in the powerful attractant to catch more fish. Put the bait back in the bucket to ReCharge its effectiveness. You don,text/html; charset=iso-8859-1,
https://www.twstackle.com/products/--berkley-gaojs5-cpn-gulp-alive%7C028632245798.html,200,Categories - # BERKLEY GAOJS5-CPN Gulp Alive,Gulp! Alive! baits offer the best alternative to live bait ever produced. The baits are soaked in the powerful attractant to catch more fish. Put the bait back in the bucket to ReCharge its effectiveness. You don,text/html; charset=iso-8859-1,
https://www.twstackle.com/products/--berkley-gapmi3-cs-gulp-alive-m%7C028632221150.html,200,Categories - # BERKLEY GAPMI3-CS GULP ALIVE M,Gulp! Alive! baits offer the best alternative to live bait ever produced. The baits are soaked in the powerful attractant to catch more fish. Put the bait back in the jar to ReCharge its effectiveness. You don,text/html; charset=iso-8859-1,
https://www.twstackle.com/products/--berkley-gapmi3-ft-gulp-alive%7C028632543108.html,200,Categories - # BERKLEY GAPMI3-FT Gulp Alive,Gulp! Alive! baits offer the best alternative to live bait ever produced. The baits are soaked in the powerful attractant to catch more fish. Put the bait back in the jar to ReCharge its effectiveness. You don,text/html; charset=iso-8859-1,
https://www.twstackle.com/products/--berkley-gapmi4-cs-gulp-alive%7C028632221181.html,200,Categories - # BERKLEY GAPMI4-CS GULP ALIVE,Gulp! Alive! baits offer the best alternative to live bait ever produced. The baits are soaked in the powerful attractant to catch more fish. Put the bait back in the jar to ReCharge its effectiveness. You don,text/html; charset=iso-8859-1,
https://www.twstackle.com/products/--berkley-gapmi4-es-glp-aliv-mnw%7C028632235270.html,200,Categories - # BERKLEY GAPMI4-ES GLP ALIV MNW,Gulp! Alive! baits offer the best alternative to live bait ever produced. The baits are soaked in the powerful attractant to catch more fish. Put the bait back in the jar to ReCharge its effectiveness. You don,text/html; charset=iso-8859-1,
https://www.twstackle.com/products/--berkley-gapmi4-ft-gulp-alive%7C028632543115.html,200,Categories - # BERKLEY GAPMI4-FT Gulp Alive,Gulp! Alive! baits offer the best alternative to live bait ever produced. The baits are soaked in the powerful attractant to catch more fish. Put the bait back in the jar to ReCharge its effectiveness. You don,text/html; charset=iso-8859-1,
https://www.twstackle.com/products/--berkley-gapmi4-wmpr-gulp-al%7C028632246412.html,200,Categories - # BERKLEY GAPMI4-WMPR Gulp Al,Gulp! Alive! baits offer the best alternative to live bait ever produced. The baits are soaked in the powerful attractant to catch more fish. Put the bait back in the jar to ReCharge its effectiveness. You don,text/html; charset=iso-8859-1,
https://www.twstackle.com/products/--berkley-gapsm3-glor-gulp-smllt%7C028632914175.html,200,Categories - # BERKLEY GAPSM3-GLOR GULP SMllt,Gulp! Alive! baits offer the best alternative to live bait ever produced. The baits are soaked in the powerful attractant to catch more fish. Put the bait back in the bucket to ReCharge its effectiveness. You don,text/html; charset=iso-8859-1,
https://www.twstackle.com/products/--berkley-gapsm3-pwc-gulp-smllt%7C028632914151.html,200,Categories - # BERKLEY GAPSM3-PWC GULP SMllt,Gulp! Alive! baits offer the best alternative to live bait ever produced. The baits are soaked in the powerful attractant to catch more fish. Put the bait back in the bucket to ReCharge its effectiveness. You don,text/html; charset=iso-8859-1,
https://www.twstackle.com/products/--berkley-gapsm4-glor-gulp-smllt%7C028632914311.html,200,Categories - # BERKLEY GAPSM4-GLOR GULP SMllt,Gulp! Alive! baits offer the best alternative to live bait ever produced. The baits are soaked in the powerful attractant to catch more fish. Put the bait back in the bucket to ReCharge its effectiveness. You don,text/html; charset=iso-8859-1,
https://www.twstackle.com/products/--berkley-gaspjs5-ft-gulp-alive%7C028632792636.html,200,Categories - # BERKLEY GASPJS5-FT Gulp Alive,Gulp! Alive! baits offer the best alternative to live bait ever produced. The baits are soaked in the powerful attractant to catch more fish. Put the bait back in the bucket to ReCharge its effectiveness. You don,text/html; charset=iso-8859-1,
https://www.twstackle.com/products/--berkley-gaspjs5-sch-gulp-alive%7C028632792698.html,200,Categories - # BERKLEY GASPJS5-SCH Gulp Alive,Gulp! Alive! baits offer the best alternative to live bait ever produced. The baits are soaked in the powerful attractant to catch more fish. Put the bait back in the bucket to ReCharge its effectiveness. You don,text/html; charset=iso-8859-1,
https://www.twstackle.com/products/--berkley-gccb-gulp-catfish-c%7C028632187012.html,200,Categories - # BERKLEY GCCB Gulp Catfish C,The extreme scent dispersion of Gulp! expands the strike zone allowing you to catch more fish! Berkley Gulp! truly is the next generation in soft bait! Great replacement for natural liversExpand your strike zone with Gulp! scent dispersionLoaded with scent and flavor developed by top fish scientistsDurable enough to stay on the hook for long periods of time,text/html; charset=iso-8859-1,
https://www.twstackle.com/products/--berkley-gsg6-ft-gulp-saltwater%7C028632799557.html,200,Categories - # BERKLEY GSG6-FT Gulp Saltwater,# BERKLEY GSG6-FT Gulp Saltwater,text/html; charset=iso-8859-1,
https://www.twstackle.com/products/--berkley-gsmshr3-ch-gulp-sw%7C028632799062.html,200,Categories - # BERKLEY GSMSHR3-CH Gulp SW,The extreme scent dispersion of Gulp! expands the strike zone allowing you to catch more fish! Berkley Gulp! truly is the next generation in soft bait!High action appendages attract more fishRig and fish using any technique appropriate for live shrimpFeatures Gulp! extreme scent dispersion,text/html; charset=iso-8859-1,
https://www.twstackle.com/products/--berkley-gspcs3-sq-gulp-strip3-%7C028632551141.html,200,Categories - # BERKLEY GSPCS3-SQ Gulp Strip3&quot;,"The extreme scent dispersion of Gulp! expands the strike zone allowing you to catch more fish! Berkley Gulp! truly is the next generation in soft bait! Replaces real belly stripsConvenient pre-cut strips can be used for tipping jigs and trailersDurable, easy-to- maintain and ready to fish when you areFeatures Gulp! extreme scent dispersion",text/html; charset=iso-8859-1,
https://www.twstackle.com/products/--berkley-gspg3-np-sw-gulp-pogy%7C028632197127.html,200,Categories - # BERKLEY GSPG3-NP SW GULP POGY,"The extreme scent dispersion of Gulp! expands the strike zone allowing you to catch more fish! Berkley Gulp! truly is the next generation in soft bait!Vibrating tail actionIdeal reaction bait for redfish, trout, bass, and other saltwater speciesFeatures Gulp! extreme scent dispersion",text/html; charset=iso-8859-1,
https://www.twstackle.com/products/--berkley-gsps3-bgd-sw-gulp-pddl%7C028632916209.html,200,Categories - # BERKLEY GSPS3-BGD SW GULP Pddl,The extreme scent dispersion of Gulp! expands the strike zone allowing you to catch more fish! Berkley Gulp! truly is the next generation in soft bait! Lifelike baitfish profile with optimized nose for rigging jigheadsSoft plyable Gulp! formula delivers our best paddletail actionBody and tail design work together to provide amazing action at slow speeds and on the drop!Made from Gulp!&amp;reg;,text/html; charset=iso-8859-1,
https://www.twstackle.com/products/--berkley-gsps3-bsv-sw-gulp-pddl%7C028632916223.html,200,Categories - # BERKLEY GSPS3-BSV SW GULP Pddl,The extreme scent dispersion of Gulp! expands the strike zone allowing you to catch more fish! Berkley Gulp! truly is the next generation in soft bait! Lifelike baitfish profile with optimized nose for rigging jigheadsSoft plyable Gulp! formula delivers our best paddletail actionBody and tail design work together to provide amazing action at slow speeds and on the drop!Made from Gulp!&amp;reg;,text/html; charset=iso-8859-1,
https://www.twstackle.com/products/--berkley-gsps5-ch-sw-gulp-pddl%7C028632916513.html,200,Categories - # BERKLEY GSPS5-CH SW GULP Pddl,The extreme scent dispersion of Gulp! expands the strike zone allowing you to catch more fish! Berkley Gulp! truly is the next generation in soft bait! Lifelike baitfish profile with optimized nose for rigging jigheadsSoft plyable Gulp! formula delivers our best paddletail actionBody and tail design work together to provide amazing action at slow speeds and on the drop!Made from Gulp!&amp;reg;,text/html; charset=iso-8859-1,
https://www.twstackle.com/products/--berkley-gsps5-mul-sw-gulp-pddl%7C028632916605.html,200,Categories - # BERKLEY GSPS5-MUL SW GULP Pddl,The extreme scent dispersion of Gulp! expands the strike zone allowing you to catch more fish! Berkley Gulp! truly is the next generation in soft bait! Lifelike baitfish profile with optimized nose for rigging jigheadsSoft plyable Gulp! formula delivers our best paddletail actionBody and tail design work together to provide amazing action at slow speeds and on the drop!Made from Gulp!&amp;reg;,text/html; charset=iso-8859-1,
https://www.twstackle.com/products/--berkley-gsps5-np-sw-gulp-pddl%7C028632916551.html,200,Categories - # BERKLEY GSPS5-NP SW GULP Pddl,The extreme scent dispersion of Gulp! expands the strike zone allowing you to catch more fish! Berkley Gulp! truly is the next generation in soft bait! Lifelike baitfish profile with optimized nose for rigging jigheadsSoft plyable Gulp! formula delivers our best paddletail actionBody and tail design work together to provide amazing action at slow speeds and on the drop!Made from Gulp!&amp;reg;,text/html; charset=iso-8859-1,
https://www.twstackle.com/products/--berkley-nf150010-cm-nanofil%7C028632550762.html,200,Categories - # BERKLEY NF150010-CM Nanofil,# BERKLEY NF150010-CM Nanofil,text/html; charset=iso-8859-1,
https://www.twstackle.com/products/--berkley-nf150014-cm-nanofil%7C028632613160.html,200,Categories - # BERKLEY NF150014-CM Nanofil,# BERKLEY NF150014-CM Nanofil,text/html; charset=iso-8859-1,
https://www.twstackle.com/products/--berkley-nf150017-cm-nanofil-un%7C028632613177.html,200,Categories - # BERKLEY NF150017-CM Nanofil Un,# BERKLEY NF150017-CM Nanofil Un,text/html; charset=iso-8859-1,
https://www.twstackle.com/products/--berkley-nf15008-cm-nanofil%7C028632550755.html,200,Categories - # BERKLEY NF15008-CM Nanofil,# BERKLEY NF15008-CM Nanofil,text/html; charset=iso-8859-1,
https://www.twstackle.com/products/--berkley-nf15017-cm-nanofil%7C028632613139.html,200,Categories - # BERKLEY NF15017-CM Nanofil,"Not a mono, fluoro, or braid -- The Next Generation in Fishing Line! Our longest casting line! Spinning reel anglers will experience exceptional casting distance and accuracy allowing them to cover more water and catch more fish. Made with 100% Dyneema&amp;reg;, the World?s Strongest Fiber, it has an incredibly high strength/diameter ratio, creating our thinnest line per lb test. Winner of 4 inter",text/html; charset=iso-8859-1,
https://www.twstackle.com/products/--berkley-nf1506-cm-nanofil%7C028632550663.html,200,Categories - # BERKLEY NF1506-CM Nanofil,"Not a mono, fluoro, or braid -- The Next Generation in Fishing Line! Our longest casting line! Spinning reel anglers will experience exceptional casting distance and accuracy allowing them to cover more water and catch more fish. Made with 100% Dyneema&amp;reg;, the World?s Strongest Fiber, it has an incredibly high strength/diameter ratio, creating our thinnest line per lb test. Winner of 4 inter",text/html; charset=iso-8859-1,
https://www.twstackle.com/products/--berkley-pbccd-lvrcz-powerbait%7C028632675472.html,200,Categories - # BERKLEY PBCCD-LVRCZ PowerBait,Berkley PowerBait makes novice anglers good and good anglers great! Berkley scientists have spent over 25 years perfecting an irresistible scent and flavor - the exclusive PowerBait formula. With this exclusive scent and flavor formulation you have the Berkley guarantee this punch bait will Catch More Fish!Preformed for quick and easy rigging,text/html; charset=iso-8859-1,
https://www.twstackle.com/products/--berkley-qsrh-qkset-bt-rod-hldr%7C028632126226.html,200,Categories - # BERKLEY QSRH QkSet Bt Rod Hldr,"With Berkley&amp;reg;, everyday anglers will get it all; performance, value, and reliability to make fishing more enjoyable. Fully adjustable with mounting bracketSecurely holds all types of rodsTough polypropylene constructionMounts on the side or top of gunnelComes in black",text/html; charset=iso-8859-1,
https://www.twstackle.com/products/--berkley-tlr1-twist-lok-rod-rac%7C028632027868.html,200,Categories - # BERKLEY TLR1 TWIST LOK ROD RAC,# BERKLEY TLR1 TWIST LOK ROD RAC,text/html; charset=iso-8859-1,
https://www.twstackle.com/products/--billfisher-dds-10pk-double-dre%7C096337657246.html,200,Categories - # BILLFISHER DDS-10PK Double Dre,# BILLFISHER DDS-10PK Double Dre,text/html; charset=iso-8859-1,
https://www.twstackle.com/products/--billfisher-ds-10pk-dredge-snap%7C096337657222.html,200,Categories - # BILLFISHER DS-10PK Dredge Snap,# BILLFISHER DS-10PK Dredge Snap,text/html; charset=iso-8859-1,
https://www.twstackle.com/products/--blue-water-candy-55452-8-rig%7C091533554528.html,200,Categories - # BLUE WATER CANDY 55452-8 Rig,# BLUE WATER CANDY 55452-8 Rig,text/html; charset=iso-8859-1,
https://www.twstackle.com/products/--blue-water-candy-55607-2-wingz%7C091533556072.html,200,Categories - # BLUE WATER CANDY 55607-2 Wingz,# BLUE WATER CANDY 55607-2 Wingz,text/html; charset=iso-8859-1,
https://www.twstackle.com/products/--blue-water-candy-55617-1-wingz%7C091533556171.html,200,Categories - # BLUE WATER CANDY 55617-1 Wingz,# BLUE WATER CANDY 55617-1 Wingz,text/html; charset=iso-8859-1,
https://www.twstackle.com/products/--blue-water-candy-56451-0-scoot%7C091533564510.html,200,Categories - # BLUE WATER CANDY 56451-0 Scoot,# BLUE WATER CANDY 56451-0 Scoot,text/html; charset=iso-8859-1,
https://www.twstackle.com/products/--blue-water-candy-56454-1-scoot%7C091533564541.html,200,Categories - # BLUE WATER CANDY 56454-1 Scoot,# BLUE WATER CANDY 56454-1 Scoot,text/html; charset=iso-8859-1,
https://www.twstackle.com/products/--blue-water-candy-58115-9-jag8%7C091533581159.html,200,Categories - # BLUE WATER CANDY 58115-9 Jag8,# BLUE WATER CANDY 58115-9 Jag8,text/html; charset=iso-8859-1,
https://www.twstackle.com/products/--blue-water-candy-96962-9-flyer%7C091533969629.html,200,Categories - # BLUE WATER CANDY 96962-9 Flyer,# BLUE WATER CANDY 96962-9 Flyer,text/html; charset=iso-8859-1,
https://www.twstackle.com/products/--blue-water-candy-96964-3-flyer%7C091533969643.html,200,Categories - # BLUE WATER CANDY 96964-3 Flyer,# BLUE WATER CANDY 96964-3 Flyer,text/html; charset=iso-8859-1,
https://www.twstackle.com/products/--blue-water-candy-996168-bar%7C091533996168.html,200,Categories - # BLUE WATER CANDY 996168 Bar,# BLUE WATER CANDY 996168 Bar,text/html; charset=iso-8859-1,
https://www.twstackle.com/products/--blue-water-candy-996199-bling%7C091533996199.html,200,Categories - # BLUE WATER CANDY 996199 Bling,# BLUE WATER CANDY 996199 Bling,text/html; charset=iso-8859-1,
https://www.twstackle.com/products/--blue-water-candy-99640-3-squid%7C091533996403.html,200,Categories - # BLUE WATER CANDY 99640-3 Squid,# BLUE WATER CANDY 99640-3 Squid,text/html; charset=iso-8859-1,
https://www.twstackle.com/products/--bowed-up-lures-bucktail-1-4-oz%7C400002127673.html,200,Categories - # BOWED UP LURES Bucktail 1/4 oz,# BOWED UP LURES Bucktail 1/4 oz,text/html; charset=iso-8859-1,
https://www.twstackle.com/products/--caddis-wfw10901w-07-neo-wader%7C879730005995.html,200,Categories - # CADDIS WFW10901W-07 Neo Wader,# CADDIS WFW10901W-07 Neo Wader,text/html; charset=iso-8859-1,
https://www.twstackle.com/products/--caddis-wfw10901w-13-neo-wader%7C879730006053.html,200,Categories - # CADDIS WFW10901W-13 Neo Wader,# CADDIS WFW10901W-13 Neo Wader,text/html; charset=iso-8859-1,
https://www.twstackle.com/products/--caddis-wfw10902w-10-stout-wdr%7C879730006763.html,200,Categories - # CADDIS WFW10902W-10 STOUT-WDR,# CADDIS WFW10902W-10 STOUT-WDR,text/html; charset=iso-8859-1,
https://www.twstackle.com/products/--calcutta-c5hdss-ss-seriessciss%7C768721498277.html,200,Categories - # CALCUTTA C5HDSS SS SeriesSciss,# CALCUTTA C5HDSS SS SeriesSciss,text/html; charset=iso-8859-1,
https://www.twstackle.com/products/--calcutta-caffb-18-float-n-fish%7C768721439522.html,200,Categories - # CALCUTTA CAFFB-18 Float'n Fish,# CALCUTTA CAFFB-18 Float,text/html; charset=iso-8859-1,
https://www.twstackle.com/products/--costa-du45g-45l-duffle-bag%7C097963808521.html,200,Categories - # COSTA DU45G 45L Duffle Bag,# COSTA DU45G 45L Duffle Bag,text/html; charset=iso-8859-1,
https://www.twstackle.com/products/--daiwa-acin601mlxs-aird-coastal%7C043178218778.html,200,Categories - # DAIWA ACIN601MLXS Aird Coastal,# DAIWA ACIN601MLXS Aird Coastal,text/html; charset=iso-8859-1,
https://www.twstackle.com/products/--daiwa-airx--aird-spin-rod%7CAIRX.html,200,Categories - # DAIWA AIRX&nbsp;&nbsp;Aird Spin Rod,# DAIWA AIRX Aird Spin Rod,text/html; charset=iso-8859-1,
https://www.twstackle.com/products/--daiwa-bb71mfs-back-bay-in-rod%7C043178221310.html,200,Categories - # DAIWA BB71MFS Back Bay In Rod,# DAIWA BB71MFS Back Bay In Rod,text/html; charset=iso-8859-1,
https://www.twstackle.com/products/--daiwa-bb76mhxs-back-bay-in-rod%7C043178219492.html,200,Categories - # DAIWA BB76MHXS Back Bay In Rod,# DAIWA BB76MHXS Back Bay In Rod,text/html; charset=iso-8859-1,
https://www.twstackle.com/products/--daiwa-bb76mxs-back-bay-in-rod%7C043178219485.html,200,Categories - # DAIWA BB76MXS Back Bay In Rod,# DAIWA BB76MXS Back Bay In Rod,text/html; charset=iso-8859-1,
https://www.twstackle.com/products/--daiwa-bss--bfstk-rod-sw%7CBSS.html,200,Categories - # DAIWA BSS&nbsp;&nbsp;BFSTK ROD SW,# DAIWA BSS BFSTK ROD SW,text/html; charset=iso-8859-1,
https://www.twstackle.com/products/--daiwa-ca80----ca-baitcast-reel%7CCA80.html,200,Categories - # DAIWA CA80&nbsp;&nbsp;&nbsp;&nbsp;CA Baitcast Reel,# DAIWA CA80 CA Baitcast Reel,text/html; charset=iso-8859-1,
https://www.twstackle.com/products/--daiwa-cltw200hs-coastal-tws-lo%7C043178927120.html,200,Categories - # DAIWA CLTW200HS Coastal TWS Lo,# DAIWA CLTW200HS Coastal TWS Lo,text/html; charset=iso-8859-1,
https://www.twstackle.com/products/--daiwa-cltw200hsl-coastal-tws-l%7C043178927137.html,200,Categories - # DAIWA CLTW200HSL Coastal TWS L,# DAIWA CLTW200HSL Coastal TWS L,text/html; charset=iso-8859-1,
https://www.twstackle.com/products/--daiwa-csp--coastal-rod%7CCSP.html,200,Categories - # DAIWA CSP&nbsp;&nbsp;Coastal Rod,# DAIWA CSP Coastal Rod,text/html; charset=iso-8859-1,
https://www.twstackle.com/products/--daiwa-dkwt--dark-wtr-rod%7CDKWT.html,200,Categories - # DAIWA DKWT&nbsp;&nbsp;Dark Wtr Rod,# DAIWA DKWT Dark Wtr Rod,text/html; charset=iso-8859-1,
https://www.twstackle.com/products/--daiwa-dkwt66m-sf-dark-wtr-rod%7C043178224533.html,200,Categories - # DAIWA DKWT66M-SF Dark Wtr Rod,# DAIWA DKWT66M-SF Dark Wtr Rod,text/html; charset=iso-8859-1,
https://www.twstackle.com/products/--daiwa-dkwt66mhb-dark-wtr-rod%7C043178224441.html,200,Categories - # DAIWA DKWT66MHB Dark Wtr Rod,# DAIWA DKWT66MHB Dark Wtr Rod,text/html; charset=iso-8859-1,
https://www.twstackle.com/products/--daiwa-dkwt70-prspct-wtr-rod%7C043178224571.html,200,Categories - # DAIWA DKWT70-PRSPCT Wtr Rod,# DAIWA DKWT70-PRSPCT Wtr Rod,text/html; charset=iso-8859-1,
https://www.twstackle.com/products/--daiwa-dkwt70h-kf-dw-boat-rods%7C043178224502.html,200,Categories - # DAIWA DKWT70H-KF DW Boat Rods,# DAIWA DKWT70H-KF DW Boat Rods,text/html; charset=iso-8859-1,
https://www.twstackle.com/products/--daiwa-dkwt70h-sf-dark-wtr-rod%7C043178224557.html,200,Categories - # DAIWA DKWT70H-SF Dark Wtr Rod,# DAIWA DKWT70H-SF Dark Wtr Rod,text/html; charset=iso-8859-1,
https://www.twstackle.com/products/--daiwa-dkwt70mh-kf-dark-wtr-rod%7C043178224496.html,200,Categories - # DAIWA DKWT70MH-KF Dark Wtr Rod,# DAIWA DKWT70MH-KF Dark Wtr Rod,text/html; charset=iso-8859-1,
https://www.twstackle.com/products/--daiwa-dkwt70mhb-dark-wtr-rod%7C043178224472.html,200,Categories - # DAIWA DKWT70MHB Dark Wtr Rod,# DAIWA DKWT70MHB Dark Wtr Rod,text/html; charset=iso-8859-1,
https://www.twstackle.com/products/--daiwa-dkwt76h-kf-dk-wtr-rod%7C043178224526.html,200,Categories - # DAIWA DKWT76H-KF Dk Wtr Rod,# DAIWA DKWT76H-KF Dk Wtr Rod,text/html; charset=iso-8859-1,
https://www.twstackle.com/products/--daiwa-dkwt76mh-kf-dk-wtr-rod%7C043178224519.html,200,Categories - # DAIWA DKWT76MH-KF Dk Wtr Rod,# DAIWA DKWT76MH-KF Dk Wtr Rod,text/html; charset=iso-8859-1,
https://www.twstackle.com/products/--daiwa-dw45f702m-d-wave-combo%7C043178976388.html,200,Categories - # DAIWA DW45F702M D-Wave Combo,# DAIWA DW45F702M D-Wave Combo,text/html; charset=iso-8859-1,
https://www.twstackle.com/products/--daiwa-eca1002mhfb-emcast-rod%7C043178216231.html,200,Categories - # DAIWA ECA1002MHFB Emcast Rod,# DAIWA ECA1002MHFB Emcast Rod,text/html; charset=iso-8859-1,
https://www.twstackle.com/products/--daiwa-eca1002mhfs-emcast-rod%7C043178216163.html,200,Categories - # DAIWA ECA1002MHFS Emcast Rod,# DAIWA ECA1002MHFS Emcast Rod,text/html; charset=iso-8859-1,
https://www.twstackle.com/products/--daiwa-eca1102hfs-emcast-rod%7C043178216200.html,200,Categories - # DAIWA ECA1102HFS Emcast Rod,# DAIWA ECA1102HFS Emcast Rod,text/html; charset=iso-8859-1,
https://www.twstackle.com/products/--daiwa-exlt1000d-exceler-reel%7C043178573792.html,200,Categories - # DAIWA EXLT1000D Exceler Reel,# DAIWA EXLT1000D Exceler Reel,text/html; charset=iso-8859-1,
https://www.twstackle.com/products/--daiwa-fgo--fuego-spin-rod%7CFGO.html,200,Categories - # DAIWA FGO&nbsp;&nbsp;Fuego Spin Rod,# DAIWA FGO Fuego Spin Rod,text/html; charset=iso-8859-1,
https://www.twstackle.com/products/--daiwa-fgo681mfs-fuego-spin-rod%7C043178222805.html,200,Categories - # DAIWA FGO681MFS Fuego Spin Rod,# DAIWA FGO681MFS Fuego Spin Rod,text/html; charset=iso-8859-1,
https://www.twstackle.com/products/--daiwa-fgo691mrb-fuego-bc-rod%7C043178222737.html,200,Categories - # DAIWA FGO691MRB Fuego BC Rod,# DAIWA FGO691MRB Fuego BC Rod,text/html; charset=iso-8859-1,
https://www.twstackle.com/products/--daiwa-fgo721mhfs-fuego-spn-rod%7C043178222836.html,200,Categories - # DAIWA FGO721MHFS Fuego Spn Rod,# DAIWA FGO721MHFS Fuego Spn Rod,text/html; charset=iso-8859-1,
https://www.twstackle.com/products/--daiwa-fgo721mxs-fuego-spin-rod%7C043178222829.html,200,Categories - # DAIWA FGO721MXS Fuego Spin Rod,# DAIWA FGO721MXS Fuego Spin Rod,text/html; charset=iso-8859-1,
https://www.twstackle.com/products/--daiwa-fgo731mhfb-fuego-bc-rod%7C043178222751.html,200,Categories - # DAIWA FGO731MHFB Fuego BC Rod,# DAIWA FGO731MHFB Fuego BC Rod,text/html; charset=iso-8859-1,
https://www.twstackle.com/products/--daiwa-ftb---boat-rod%7CFTB.html,200,Categories - # DAIWA FTB&nbsp;&nbsp; Boat Rod,# DAIWA FTB Boat Rod,text/html; charset=iso-8859-1,
https://www.twstackle.com/products/--daiwa-hrj64hb-harrier-jig-rod%7C043178220412.html,200,Categories - # DAIWA HRJ64HB Harrier Jig Rod,# DAIWA HRJ64HB Harrier Jig Rod,text/html; charset=iso-8859-1,
https://www.twstackle.com/products/--daiwa-hrj70hb-harrier-jig-rod%7C043178221037.html,200,Categories - # DAIWA HRJ70HB Harrier Jig Rod,# DAIWA HRJ70HB Harrier Jig Rod,text/html; charset=iso-8859-1,
https://www.twstackle.com/products/--daiwa-hrx--harrier-x-jig-rod%7CHRX.html,200,Categories - # DAIWA HRX&nbsp;&nbsp;Harrier X Jig Rod,# DAIWA HRX Harrier X Jig Rod,text/html; charset=iso-8859-1,
https://www.twstackle.com/products/--daiwa-hrx58hb-harrierx-jig-rod%7C043178223949.html,200,Categories - # DAIWA HRX58HB HarrierX Jig Rod,# DAIWA HRX58HB HarrierX Jig Rod,text/html; charset=iso-8859-1,
https://www.twstackle.com/products/--daiwa-hrx58hs-harrierx-jig-rod%7C043178224038.html,200,Categories - # DAIWA HRX58HS HarrierX Jig Rod,# DAIWA HRX58HS HarrierX Jig Rod,text/html; charset=iso-8859-1,
https://www.twstackle.com/products/--daiwa-hrx58xhb-harrier-x-rod%7C043178223956.html,200,Categories - # DAIWA HRX58XHB Harrier X Rod,# DAIWA HRX58XHB Harrier X Rod,text/html; charset=iso-8859-1,
https://www.twstackle.com/products/--daiwa-hrx66hb-harrier-x-rod%7C043178223994.html,200,Categories - # DAIWA HRX66HB Harrier X Rod,# DAIWA HRX66HB Harrier X Rod,text/html; charset=iso-8859-1,
https://www.twstackle.com/products/--daiwa-hrx66mb-harrierx-jig-rod%7C043178223970.html,200,Categories - # DAIWA HRX66MB HarrierX Jig Rod,# DAIWA HRX66MB HarrierX Jig Rod,text/html; charset=iso-8859-1,
https://www.twstackle.com/products/--daiwa-hrx66mhb-harrier-x-rod%7C043178223987.html,200,Categories - # DAIWA HRX66MHB Harrier X Rod,# DAIWA HRX66MHB Harrier X Rod,text/html; charset=iso-8859-1,
https://www.twstackle.com/products/--daiwa-jbgd8u10-150dg-10lb-150y%7C043178577257.html,200,Categories - # DAIWA JBGD8U10-150DG 10LB/150Y,# DAIWA JBGD8U10-150DG 10LB/150Y,text/html; charset=iso-8859-1,
https://www.twstackle.com/products/--daiwa-jbgd8u15-150dg-15lb-150y%7C043178577264.html,200,Categories - # DAIWA JBGD8U15-150DG 15LB/150Y,# DAIWA JBGD8U15-150DG 15LB/150Y,text/html; charset=iso-8859-1,
https://www.twstackle.com/products/--daiwa-jbgd8u15-150dg-lc-15lb-s%7C043178609996.html,200,Categories - # DAIWA JBGD8U15-150DG-LC 15LB/S,# DAIWA JBGD8U15-150DG-LC 15LB/S,text/html; charset=iso-8859-1,
https://www.twstackle.com/products/--daiwa-jbgd8u20-150dg-20lb-150y%7C043178577271.html,200,Categories - # DAIWA JBGD8U20-150DG 20LB/150Y,# DAIWA JBGD8U20-150DG 20LB/150Y,text/html; charset=iso-8859-1,
https://www.twstackle.com/products/--daiwa-jbgd8u20-150gl-20lb-150y%7C043178577363.html,200,Categories - # DAIWA JBGD8U20-150GL 20LB/150Y,# DAIWA JBGD8U20-150GL 20LB/150Y,text/html; charset=iso-8859-1,
https://www.twstackle.com/products/--daiwa-jbgd8u30-150dg-lc-150yd%7C043178610015.html,200,Categories - # DAIWA JBGD8U30-150DG-LC 150YD,# DAIWA JBGD8U30-150DG-LC 150YD,text/html; charset=iso-8859-1,
https://www.twstackle.com/products/--daiwa-jbgd8u30-150gl-10lb-150y%7C043178577370.html,200,Categories - # DAIWA JBGD8U30-150GL 10LB/150Y,# DAIWA JBGD8U30-150GL 10LB/150Y,text/html; charset=iso-8859-1,
https://www.twstackle.com/products/--daiwa-jbgd8u30-300dg-lc-line-c%7C043178610442.html,200,Categories - # DAIWA JBGD8U30-300DG-LC Line/C,# DAIWA JBGD8U30-300DG-LC Line/C,text/html; charset=iso-8859-1,
https://www.twstackle.com/products/--daiwa-jbgd8u40-150dg-lc-150yd%7C043178610022.html,200,Categories - # DAIWA JBGD8U40-150DG-LC 150YD,# DAIWA JBGD8U40-150DG-LC 150YD,text/html; charset=iso-8859-1,
https://www.twstackle.com/products/--daiwa-jbgd8u6-3000gl-braid%7C043178578490.html,200,Categories - # DAIWA JBGD8U6-3000GL Braid,# DAIWA JBGD8U6-3000GL Braid,text/html; charset=iso-8859-1,
https://www.twstackle.com/products/--daiwa-jbgd8u8-150dg-8lb-150yd%7C043178577240.html,200,Categories - # DAIWA JBGD8U8-150DG 8LB/150YD,# DAIWA JBGD8U8-150DG 8LB/150YD,text/html; charset=iso-8859-1,
https://www.twstackle.com/products/--daiwa-jbgd8u8-3000dg-j-braid30%7C043178578377.html,200,Categories - # DAIWA JBGD8U8-3000DG J-Braid30,# DAIWA JBGD8U8-3000DG J-Braid30,text/html; charset=iso-8859-1,
https://www.twstackle.com/products/--daiwa-jfs16-1000-jflour-161000%7C043178029008.html,200,Categories - # DAIWA JFS16-1000 JFlour 161000,# DAIWA JFS16-1000 JFlour 161000,text/html; charset=iso-8859-1,
https://www.twstackle.com/products/--daiwa-leglt40g902m-legalis-com%7C043178977101.html,200,Categories - # DAIWA LEGLT40G902M Legalis Com,# DAIWA LEGLT40G902M Legalis Com,text/html; charset=iso-8859-1,
https://www.twstackle.com/products/--daiwa-lx-hd400pwr-p-lexa400%7C043178924570.html,200,Categories - # DAIWA LX-HD400PWR-P Lexa400,# DAIWA LX-HD400PWR-P Lexa400,text/html; charset=iso-8859-1,
https://www.twstackle.com/products/--daiwa-lx-tw400-p-lexa-bc-reel%7C043178922262.html,200,Categories - # DAIWA LX-TW400-P Lexa BC Reel,# DAIWA LX-TW400-P Lexa BC Reel,text/html; charset=iso-8859-1,
https://www.twstackle.com/products/--daiwa-prtwn---proteus-rod%7CPRTWN.html,200,Categories - # DAIWA PRTWN&nbsp;&nbsp; Proteus Rod,# DAIWA PRTWN Proteus Rod,text/html; charset=iso-8859-1,
https://www.twstackle.com/products/--daiwa-prtwn80hfs-proteus-rod%7C043178219980.html,200,Categories - # DAIWA PRTWN80HFS Proteus Rod,# DAIWA PRTWN80HFS Proteus Rod,text/html; charset=iso-8859-1,
https://www.twstackle.com/products/--daiwa-prtwn810hf-proteus-rod%7C043178219966.html,200,Categories - # DAIWA PRTWN810HF Proteus Rod,# DAIWA PRTWN810HF Proteus Rod,text/html; charset=iso-8859-1,
https://www.twstackle.com/products/--daiwa-prx400pl-p-prorex-bcreel%7C043178924785.html,200,Categories - # DAIWA PRX400PL-P ProRex BCReel,# DAIWA PRX400PL-P ProRex BCReel,text/html; charset=iso-8859-1,
https://www.twstackle.com/products/--daiwa-revlt10-4bi-g562l-combo%7C043178220924.html,200,Categories - # DAIWA REVLT10-4Bi/G562L Combo,# DAIWA REVLT10-4Bi/G562L Combo,text/html; charset=iso-8859-1,
https://www.twstackle.com/products/--daiwa-sab-b55lb-saltiga-boat-b%7C043178025079.html,200,Categories - # DAIWA SAB-B55LB Saltiga Boat B,# DAIWA SAB-B55LB Saltiga Boat B,text/html; charset=iso-8859-1,
https://www.twstackle.com/products/--daiwa-sab-b70lb-saltiga-boat%7C043178025086.html,200,Categories - # DAIWA SAB-B70LB Saltiga Boat,# DAIWA SAB-B70LB Saltiga Boat,text/html; charset=iso-8859-1,
https://www.twstackle.com/products/--daiwa-sab-b80lb-saltiga-boatbr%7C043178025093.html,200,Categories - # DAIWA SAB-B80LB Saltiga BoatBr,# DAIWA SAB-B80LB Saltiga BoatBr,text/html; charset=iso-8859-1,
https://www.twstackle.com/products/--daiwa-sin70hxb-saltist-inshore%7C043178222461.html,200,Categories - # DAIWA SIN70HXB Saltist Inshore,# DAIWA SIN70HXB Saltist Inshore,text/html; charset=iso-8859-1,
https://www.twstackle.com/products/--daiwa-sin70mhxb-saltistis%7C043178222454.html,200,Categories - # DAIWA SIN70MHXB SaltistIS,# DAIWA SIN70MHXB SaltistIS,text/html; charset=iso-8859-1,
https://www.twstackle.com/products/--daiwa-sin70mxb-saltistis-r%7C043178222447.html,200,Categories - # DAIWA SIN70MXB SaltistIS R,# DAIWA SIN70MXB SaltistIS R,text/html; charset=iso-8859-1,
https://www.twstackle.com/products/--daiwa-sin76mhxb-saltistis%7C043178222485.html,200,Categories - # DAIWA SIN76MHXB SaltistIS,# DAIWA SIN76MHXB SaltistIS,text/html; charset=iso-8859-1,
https://www.twstackle.com/products/--daiwa-sl-x50sha-sealine-sw-re%7C043178935248.html,200,Categories - # DAIWA SL-X50SHA Sealine SW Re,# DAIWA SL-X50SHA Sealine SW Re,text/html; charset=iso-8859-1,
https://www.twstackle.com/products/--daiwa-sln---sealine-rod%7CSLN.html,200,Categories - # DAIWA SLN&nbsp;&nbsp; Sealine Rod,# DAIWA SLN Sealine Rod,text/html; charset=iso-8859-1,
https://www.twstackle.com/products/--daiwa-sln66hf-sealine-rod%7C043178214909.html,200,Categories - # DAIWA SLN66HF Sealine Rod,# DAIWA SLN66HF Sealine Rod,text/html; charset=iso-8859-1,
https://www.twstackle.com/products/--daiwa-sln66mhf-sealine-bt-rod%7C043178214893.html,200,Categories - # DAIWA SLN66MHF Sealine Bt Rod,# DAIWA SLN66MHF Sealine Bt Rod,text/html; charset=iso-8859-1,
https://www.twstackle.com/products/--daiwa-sln66xhr-sealine-rod%7C043178216460.html,200,Categories - # DAIWA SLN66XHR Sealine Rod,# DAIWA SLN66XHR Sealine Rod,text/html; charset=iso-8859-1,
https://www.twstackle.com/products/--daiwa-sln66xxhr-sealine-rod%7C043178216477.html,200,Categories - # DAIWA SLN66XXHR Sealine Rod,# DAIWA SLN66XXHR Sealine Rod,text/html; charset=iso-8859-1,
https://www.twstackle.com/products/--daiwa-sln70hf-sealine-boat-rod%7C043178214923.html,200,Categories - # DAIWA SLN70HF Sealine Boat Rod,# DAIWA SLN70HF Sealine Boat Rod,text/html; charset=iso-8859-1,
https://www.twstackle.com/products/--daiwa-sln70mhf-sealine-bt-rod%7C043178214916.html,200,Categories - # DAIWA SLN70MHF Sealine Bt Rod,# DAIWA SLN70MHF Sealine Bt Rod,text/html; charset=iso-8859-1,
https://www.twstackle.com/products/--daiwa-sltgj60mls-saltiga-rod%7C043178225196.html,200,Categories - # DAIWA SLTGJ60MLS Saltiga Rod,# DAIWA SLTGJ60MLS Saltiga Rod,text/html; charset=iso-8859-1,
https://www.twstackle.com/products/--daiwa-sltgj66ms-saltiga-rod%7C043178225202.html,200,Categories - # DAIWA SLTGJ66MS Saltiga Rod,# DAIWA SLTGJ66MS Saltiga Rod,text/html; charset=iso-8859-1,
https://www.twstackle.com/products/--daiwa-slw50h-sealine-lw-reel%7C043178926079.html,200,Categories - # DAIWA SLW50H Sealine LW Reel,# DAIWA SLW50H Sealine LW Reel,text/html; charset=iso-8859-1,
https://www.twstackle.com/products/--daiwa-slw60h-sealine-lw-reel%7C043178926086.html,200,Categories - # DAIWA SLW60H Sealine LW Reel,# DAIWA SLW60H Sealine LW Reel,text/html; charset=iso-8859-1,
https://www.twstackle.com/products/--daiwa-sttbb3000lt-saltist-bck%7C043178145036.html,200,Categories - # DAIWA STTBB3000LT Saltist Bck,# DAIWA STTBB3000LT Saltist Bck,text/html; charset=iso-8859-1,
https://www.twstackle.com/products/--daiwa-tael701mlfs-tatula--rod%7C043178217481.html,200,Categories - # DAIWA TAEL701MLFS Tatula&nbsp;&nbsp;Rod,# DAIWA TAEL701MLFS Tatula Rod,text/html; charset=iso-8859-1,
https://www.twstackle.com/products/--daiwa-tat--tatula-bc-reel%7CTATBC.html,200,Categories - # DAIWA TAT&nbsp;&nbsp;Tatula BC Reel,# DAIWA TAT Tatula BC Reel,text/html; charset=iso-8859-1,
https://www.twstackle.com/products/--daiwa-tat150hs-tatula-bc-reel%7C043178575413.html,200,Categories - # DAIWA TAT150HS Tatula BC Reel,# DAIWA TAT150HS Tatula BC Reel,text/html; charset=iso-8859-1,
https://www.twstackle.com/products/--daiwa-tat150p-tatula-bc-reel%7C043178575390.html,200,Categories - # DAIWA TAT150P Tatula BC Reel,# DAIWA TAT150P Tatula BC Reel,text/html; charset=iso-8859-1,
https://www.twstackle.com/products/--daiwa-tat200h-tatula-bc-reel%7C043178584866.html,200,Categories - # DAIWA TAT200H Tatula BC Reel,# DAIWA TAT200H Tatula BC Reel,text/html; charset=iso-8859-1,
https://www.twstackle.com/products/--daiwa-tat200hs-tatula-bc-reel%7C043178584873.html,200,Categories - # DAIWA TAT200HS Tatula BC Reel,# DAIWA TAT200HS Tatula BC Reel,text/html; charset=iso-8859-1,
https://www.twstackle.com/products/--daiwa-ttu--tatula-bc-reel%7CTTU.html,200,Categories - # DAIWA TTU&nbsp;&nbsp;Tatula BC Reel,# DAIWA TTU Tatula BC Reel,text/html; charset=iso-8859-1,
https://www.twstackle.com/products/--daiwa-ttuct100h-tatula-ct-reel%7C043178922002.html,200,Categories - # DAIWA TTUCT100H Tatula CT Reel,# DAIWA TTUCT100H Tatula CT Reel,text/html; charset=iso-8859-1,
https://www.twstackle.com/products/--daiwa-ttuct100xs-tatula-reel%7C043178922040.html,200,Categories - # DAIWA TTUCT100XS Tatula Reel,# DAIWA TTUCT100XS Tatula Reel,text/html; charset=iso-8859-1,
https://www.twstackle.com/products/--daiwa-tvdrc-l-elec-reel-cover%7C043178031803.html,200,Categories - # DAIWA TVDRC-L Elec.Reel Cover,# DAIWA TVDRC-L Elec.Reel Cover,text/html; charset=iso-8859-1,
https://www.twstackle.com/products/--eye-catcher-lures-6oz-predator%7C400002280934.html,200,Categories - # EYE CATCHER LURES 6oz Predator,# EYE CATCHER LURES 6oz Predator,text/html; charset=iso-8859-1,
https://www.twstackle.com/products/--eye-catcher-lures-6oz-supradar%7C400002280941.html,200,Categories - # EYE CATCHER LURES 6oz SupraDar,# EYE CATCHER LURES 6oz SupraDar,text/html; charset=iso-8859-1,
https://www.twstackle.com/products/--fathom-lp01wa-b-wahoo-pack%7C610585888094.html,200,Categories - # FATHOM LP01WA-B Wahoo Pack,# FATHOM LP01WA-B Wahoo Pack,text/html; charset=iso-8859-1,
https://www.twstackle.com/products/--fathom-msc-g1-chugger-hd-glttr%7C742271532490.html,200,Categories - # FATHOM MSC-G1 Chugger Hd-Glttr,# FATHOM MSC-G1 Chugger Hd-Glttr,text/html; charset=iso-8859-1,
https://www.twstackle.com/products/--fathom-msc-g2-chugger-hd-glttr%7C742271532506.html,200,Categories - # FATHOM MSC-G2 Chugger Hd-Glttr,# FATHOM MSC-G2 Chugger Hd-Glttr,text/html; charset=iso-8859-1,
https://www.twstackle.com/products/--fathom-msc-g4-chugger-hd-glttr%7C742271532513.html,200,Categories - # FATHOM MSC-G4 Chugger Hd-Glttr,# FATHOM MSC-G4 Chugger Hd-Glttr,text/html; charset=iso-8859-1,
https://www.twstackle.com/products/--fathom-msc-g6-chugger-head%7C742271532520.html,200,Categories - # FATHOM MSC-G6 Chugger Head,# FATHOM MSC-G6 Chugger Head,text/html; charset=iso-8859-1,
https://www.twstackle.com/products/--fathom-oc22-17-lure-skirts%7C610585886571.html,200,Categories - # FATHOM OC22-17 Lure Skirts,# FATHOM OC22-17 Lure Skirts,text/html; charset=iso-8859-1,
https://www.twstackle.com/products/--fathom-oc22-25-lure-skirts%7C610585886656.html,200,Categories - # FATHOM OC22-25 Lure Skirts,# FATHOM OC22-25 Lure Skirts,text/html; charset=iso-8859-1,
https://www.twstackle.com/products/--fathom-oc22-30-lure-skirts%7C610585886700.html,200,Categories - # FATHOM OC22-30 Lure Skirts,# FATHOM OC22-30 Lure Skirts,text/html; charset=iso-8859-1,
https://www.twstackle.com/products/--fathom-oc30-17-lure-skirts%7C610585886892.html,200,Categories - # FATHOM OC30-17 Lure Skirts,# FATHOM OC30-17 Lure Skirts,text/html; charset=iso-8859-1,
https://www.twstackle.com/products/--fathom-oc30-30-lure-skirts%7C610585887028.html,200,Categories - # FATHOM OC30-30 Lure Skirts,# FATHOM OC30-30 Lure Skirts,text/html; charset=iso-8859-1,
https://www.twstackle.com/products/--fathom-oc30-34-lure-skirts%7C610585897386.html,200,Categories - # FATHOM OC30-34 Lure Skirts,# FATHOM OC30-34 Lure Skirts,text/html; charset=iso-8859-1,
https://www.twstackle.com/products/--fathom-oc50-17-lure-skirts%7C610585887219.html,200,Categories - # FATHOM OC50-17 Lure Skirts,# FATHOM OC50-17 Lure Skirts,text/html; charset=iso-8859-1,
https://www.twstackle.com/products/--fathom-oc50-26-lure-skirts%7C610585887301.html,200,Categories - # FATHOM OC50-26 Lure Skirts,# FATHOM OC50-26 Lure Skirts,text/html; charset=iso-8859-1,
https://www.twstackle.com/products/--fathom-oc50-30-lure-skirts%7C610585887349.html,200,Categories - # FATHOM OC50-30 Lure Skirts,# FATHOM OC50-30 Lure Skirts,text/html; charset=iso-8859-1,
https://www.twstackle.com/products/--fenwick-eag66m-fc-2-eagle-cast%7C022021643233.html,200,Categories - # FENWICK EAG66M-FC-2 Eagle Cast,"Representing the rich rod building history of Fenwick, the Fenwick&amp;reg; Eagle&amp;reg; rod series features proven Classic Fenwick Actions for targeting nearly any species. Built from 24-Ton graphite and with the accumulated knowledge of seventy years of tinkering and testing with the best, the Fenwick Eagle series connects tradition and technology. Upgraded stainless steel guides with aluminum",text/html; charset=iso-8859-1,
https://www.twstackle.com/products/--fenwick-eag70m-fc-eagle-cast%7C022021643257.html,200,Categories - # FENWICK EAG70M-FC Eagle Cast,"Representing the rich rod building history of Fenwick, the Fenwick&amp;reg; Eagle&amp;reg; rod series features proven Classic Fenwick Actions for targeting nearly any species. Built from 24-Ton graphite and with the accumulated knowledge of seventy years of tinkering and testing with the best, the Fenwick Eagle series connects tradition and technology. Upgraded stainless steel guides with aluminum",text/html; charset=iso-8859-1,
https://www.twstackle.com/products/--fenwick-eag70mh-fc-eagle-cast%7C022021643264.html,200,Categories - # FENWICK EAG70MH-FC Eagle Cast,"Representing the rich rod building history of Fenwick, the Fenwick&amp;reg; Eagle&amp;reg; rod series features proven Classic Fenwick Actions for targeting nearly any species. Built from 24-Ton graphite and with the accumulated knowledge of seventy years of tinkering and testing with the best, the Fenwick Eagle series connects tradition and technology. Upgraded stainless steel guides with aluminum",text/html; charset=iso-8859-1,
https://www.twstackle.com/products/--fenwick-eag96m-mfc-2-eagle-cst%7C022021643523.html,200,Categories - # FENWICK EAG96M-MFC-2 Eagle Cst,"Representing the rich rod building history of Fenwick, the Fenwick&amp;reg; Eagle&amp;reg; rod series features proven Classic Fenwick Actions for targeting nearly any species. Built from 24-Ton graphite and with the accumulated knowledge of seventy years of tinkering and testing with the best, the Fenwick Eagle series connects tradition and technology. Upgraded stainless steel guides with aluminum",text/html; charset=iso-8859-1,
https://www.twstackle.com/products/--fenwick-eagdr90-mh-mc-2-cast%7C022021643554.html,200,Categories - # FENWICK EAGDR90-MH-MC-2 Cast,"Representing the rich rod building history of Fenwick, the Fenwick&amp;reg; Eagle&amp;reg; rod series features proven Classic Fenwick Actions for targeting nearly any species. Built from 24-Ton graphite and with the accumulated knowledge of seventy years of tinkering and testing with the best, the Fenwick Eagle series connects tradition and technology. Upgraded stainless steel guides with aluminum",text/html; charset=iso-8859-1,
https://www.twstackle.com/products/--fenwick-eagm106mh-mc-2-eagle%7C022021643561.html,200,Categories - # FENWICK EAGM106MH-MC-2 Eagle,"Representing the rich rod building history of Fenwick, the Fenwick&amp;reg; Eagle&amp;reg; rod series features proven Classic Fenwick Actions for targeting nearly any species. Built from 24-Ton graphite and with the accumulated knowledge of seventy years of tinkering and testing with the best, the Fenwick Eagle series connects tradition and technology. Upgraded stainless steel guides with aluminum",text/html; charset=iso-8859-1,
https://www.twstackle.com/products/--fish-bites-0005-strips-shrimp%7C838380000057.html,200,Categories - # FISH BITES 0005 STRIPS SHRIMP,# FISH BITES 0005 STRIPS SHRIMP,text/html; charset=iso-8859-1,
https://www.twstackle.com/products/--fish-bites-0006-strips-crab%7C838380000064.html,200,Categories - # FISH BITES 0006 STRIPS CRAB,# FISH BITES 0006 STRIPS CRAB,text/html; charset=iso-8859-1,
https://www.twstackle.com/products/--fish-bites-0072-ez-crab%7C838380000729.html,200,Categories - # FISH BITES 0072 EZ CRAB,# FISH BITES 0072 EZ CRAB,text/html; charset=iso-8859-1,
https://www.twstackle.com/products/--fish-bites-0077-ez-crab%7C838380000774.html,200,Categories - # FISH BITES 0077 EZ CRAB,# FISH BITES 0077 EZ CRAB,text/html; charset=iso-8859-1,
https://www.twstackle.com/products/--fish-bites-0090-ez-squid-2pk%7C838380000903.html,200,Categories - # FISH BITES 0090 EZ Squid 2Pk,# FISH BITES 0090 EZ Squid 2Pk,text/html; charset=iso-8859-1,
https://www.twstackle.com/products/--fish-bites-0091-ez-squid-2pk%7C838380000910.html,200,Categories - # FISH BITES 0091 EZ Squid 2Pk,# FISH BITES 0091 EZ Squid 2Pk,text/html; charset=iso-8859-1,
https://www.twstackle.com/products/--fish-bites-0092-ez-squid-2pk%7C838380000927.html,200,Categories - # FISH BITES 0092 EZ Squid 2Pk,# FISH BITES 0092 EZ Squid 2Pk,text/html; charset=iso-8859-1,
https://www.twstackle.com/products/--gamakatsu-bag004-20l-wtrpf-bag%7C089726111993.html,200,Categories - # GAMAKATSU BAG004 20L WTRPF BAG,# GAMAKATSU BAG004 20L WTRPF BAG,text/html; charset=iso-8859-1,
https://www.twstackle.com/products/--hookup-113-14-bucktail-jig%7C670961113141.html,200,Categories - # HOOKUP 113-14 BUCKTAIL JIG,# HOOKUP 113-14 BUCKTAIL JIG,text/html; charset=iso-8859-1,
https://www.twstackle.com/products/--legal-limits-w24-rod---boat-ru%7C737011123458.html,200,Categories - # Legal Limits W24 Rod &amp; Boat Ru,# Legal Limits W24 Rod &amp; Boat Ru,text/html; charset=iso-8859-1,
https://www.twstackle.com/products/--leupold-180953-bckbntry-cross%7C030317029067.html,200,Categories - # LEUPOLD 180953 BckBntry Cross,# LEUPOLD 180953 BckBntry Cross,text/html; charset=iso-8859-1,
https://www.twstackle.com/products/--leupold-71354-cross-slot%7C030317012083.html,200,Categories - # LEUPOLD 71354 Cross Slot,# LEUPOLD 71354 Cross Slot,text/html; charset=iso-8859-1,
https://www.twstackle.com/products/--luna-sea-10007-cush-it-inshore%7C615953391077.html,200,Categories - # LUNA SEA 10007 CUSH-IT INSHORE,# LUNA SEA 10007 CUSH-IT INSHORE,text/html; charset=iso-8859-1,
https://www.twstackle.com/products/--marine-sports-1920-01-decal%7C724416002105.html,200,Categories - # MARINE SPORTS 1920-01 Decal,# MARINE SPORTS 1920-01 Decal,text/html; charset=iso-8859-1,
https://www.twstackle.com/products/--marine-sports-1920-80-decal%7C724416002112.html,200,Categories - # MARINE SPORTS 1920-80 Decal,# MARINE SPORTS 1920-80 Decal,text/html; charset=iso-8859-1,
https://www.twstackle.com/products/--marine-sports-1920-83-decal%7C724416024831.html,200,Categories - # MARINE SPORTS 1920-83 Decal,# MARINE SPORTS 1920-83 Decal,text/html; charset=iso-8859-1,
https://www.twstackle.com/products/--marine-sports-1920-99-decal%7C724416024794.html,200,Categories - # MARINE SPORTS 1920-99 Decal,# MARINE SPORTS 1920-99 Decal,text/html; charset=iso-8859-1,
https://www.twstackle.com/products/--marine-sports-1927-06-decal%7C724416247858.html,200,Categories - # MARINE SPORTS 1927-06 Decal,# MARINE SPORTS 1927-06 Decal,text/html; charset=iso-8859-1,
https://www.twstackle.com/products/--marine-sports-4871-dry-pk-case%7C737826018383.html,200,Categories - # MARINE SPORTS 4871 Dry Pk Case,# MARINE SPORTS 4871 Dry Pk Case,text/html; charset=iso-8859-1,
https://www.twstackle.com/products/--maui-jim-kaiwi-chan--mm840-015-2772.html,200,Categories - # MAUI JIM KAIWI CHAN. MM840-015,# MAUI JIM KAIWI CHAN. MM840-015,text/html; charset=iso-8859-1,
https://www.twstackle.com/products/--maui-jim-kaiwi-channel-840-11d-2768.html,200,Categories - # MAUI JIM Kaiwi Channel 840-11D,# MAUI JIM Kaiwi Channel 840-11D,text/html; charset=iso-8859-1,
https://www.twstackle.com/products/--maui-jim-kanaio-mm766-008-2777.html,200,Categories - # MAUI JIM Kanaio MM766-008,# MAUI JIM Kanaio MM766-008,text/html; charset=iso-8859-1,
https://www.twstackle.com/products/--mustad-tt824h-2-bnwh-1-bktl%7C023534463080.html,200,Categories - # MUSTAD TT824H-2-BNWH-1 BKTL,# MUSTAD TT824H-2-BNWH-1 BKTL,text/html; charset=iso-8859-1,
https://www.twstackle.com/products/--mustad-tt824h-2-bun-1-bktl-jig%7C023534463233.html,200,Categories - # MUSTAD TT824H-2-BUN-1 BKTL Jig,# MUSTAD TT824H-2-BUN-1 BKTL Jig,text/html; charset=iso-8859-1,
https://www.twstackle.com/products/--oakley-frogsl-0oo9374-93740163-2966.html,200,Categories - # OAKLEY FROGSL 0OO9374 93740163,# OAKLEY FROGSL 0OO9374 93740163,text/html; charset=iso-8859-1,
https://www.twstackle.com/products/--oakley-split-0oo9416-94160564-2400.html,200,Categories - # OAKLEY SPLIT 0OO9416 94160564,# OAKLEY SPLIT 0OO9416 94160564,text/html; charset=iso-8859-1,
https://www.twstackle.com/products/--ob-emb-dolphin-hat-cloth-cap-y%7C400002315681.html,200,Categories - # OB EMB DOLPHIN HAT-Cloth Cap Y,# OB EMB DOLPHIN HAT-Cloth Cap Y,text/html; charset=iso-8859-1,
https://www.twstackle.com/products/--okuma-av2500-avenger-reel%7C739998923021.html,200,Categories - # OKUMA AV2500 AVENGER REEL,# OKUMA AV2500 AVENGER REEL,text/html; charset=iso-8859-1,
https://www.twstackle.com/products/--okuma-av3000-avenger-reel%7C739998923038.html,200,Categories - # OKUMA AV3000 AVENGER REEL,# OKUMA AV3000 AVENGER REEL,text/html; charset=iso-8859-1,
https://www.twstackle.com/products/--okuma-av4000-avenger-reel%7C739998923045.html,200,Categories - # OKUMA AV4000 Avenger Reel,# OKUMA AV4000 Avenger Reel,text/html; charset=iso-8859-1,
https://www.twstackle.com/products/--okuma-cav-s-701m-cavalla-rod%7C840083407736.html,200,Categories - # OKUMA CAV-S-701M Cavalla Rod,# OKUMA CAV-S-701M Cavalla Rod,text/html; charset=iso-8859-1,
https://www.twstackle.com/products/--okuma-cav-s-701mh-cavalla-rod%7C840083407743.html,200,Categories - # OKUMA CAV-S-701MH Cavalla Rod,# OKUMA CAV-S-701MH Cavalla Rod,text/html; charset=iso-8859-1,
https://www.twstackle.com/products/--okuma-cj-10000-cedros-reel%7C840083405053.html,200,Categories - # OKUMA CJ-10000 Cedros Reel,# OKUMA CJ-10000 Cedros Reel,text/html; charset=iso-8859-1,
https://www.twstackle.com/products/--okuma-cj-14000-cedros-reel%7C840083405060.html,200,Categories - # OKUMA CJ-14000 Cedros Reel,# OKUMA CJ-14000 Cedros Reel,text/html; charset=iso-8859-1,
https://www.twstackle.com/products/--okuma-cj-8000-cedros-reel%7C840083405046.html,200,Categories - # OKUMA CJ-8000 Cedros Reel,# OKUMA CJ-8000 Cedros Reel,text/html; charset=iso-8859-1,
https://www.twstackle.com/products/--okuma-csx-s-902mh-cedros-rod%7C739998234615.html,200,Categories - # OKUMA CSX-S-902MH Cedros Rod,# OKUMA CSX-S-902MH Cedros Rod,text/html; charset=iso-8859-1,
https://www.twstackle.com/products/--okuma-cw-153d-coldwater-reel%7C739998119387.html,200,Categories - # OKUMA CW-153D Coldwater Reel,# OKUMA CW-153D Coldwater Reel,text/html; charset=iso-8859-1,
https://www.twstackle.com/products/--okuma-cw-303d-coldwater-reel%7C739998119400.html,200,Categories - # OKUMA CW-303D Coldwater Reel,# OKUMA CW-303D Coldwater Reel,text/html; charset=iso-8859-1,
https://www.twstackle.com/products/--okuma-fnx-602-30pk-fin-chaser%7C739998336401.html,200,Categories - # OKUMA FNX-602-30PK FIN CHASER,# OKUMA FNX-602-30PK FIN CHASER,text/html; charset=iso-8859-1,
https://www.twstackle.com/products/--okuma-fnx-662-30bl-fin-chaser%7C739998336418.html,200,Categories - # OKUMA FNX-662-30BL FIN CHASER,# OKUMA FNX-662-30BL FIN CHASER,text/html; charset=iso-8859-1,
https://www.twstackle.com/products/--okuma-fnx-662-30pk-fin-chaser%7C739998336296.html,200,Categories - # OKUMA FNX-662-30PK FIN CHASER,# OKUMA FNX-662-30PK FIN CHASER,text/html; charset=iso-8859-1,
https://www.twstackle.com/products/--okuma-fnx-662-30yl-fin-chaser%7C739998336425.html,200,Categories - # OKUMA FNX-662-30YL FIN CHASER,# OKUMA FNX-662-30YL FIN CHASER,text/html; charset=iso-8859-1,
https://www.twstackle.com/products/--okuma-fnx-70-40bl-fin-chaser%7C739998336432.html,200,Categories - # OKUMA FNX-70-40BL FIN CHASER,# OKUMA FNX-70-40BL FIN CHASER,text/html; charset=iso-8859-1,
https://www.twstackle.com/products/--okuma-fnx-80-40bl-fin-chaser%7C739998336319.html,200,Categories - # OKUMA FNX-80-40BL FIN CHASER,# OKUMA FNX-80-40BL FIN CHASER,text/html; charset=iso-8859-1,
https://www.twstackle.com/products/--okuma-fnx-80-40yl-fin-chaser%7C739998336449.html,200,Categories - # OKUMA FNX-80-40YL FIN CHASER,# OKUMA FNX-80-40YL FIN CHASER,text/html; charset=iso-8859-1,
https://www.twstackle.com/products/--okuma-hcs-s-1333xh-xh-surf-rod%7C840083407514.html,200,Categories - # OKUMA HCS-S-1333XH XH Surf Rod,# OKUMA HCS-S-1333XH XH Surf Rod,text/html; charset=iso-8859-1,
https://www.twstackle.com/products/--okuma-hcs-s-1423xh-xh-surf-rod%7C840083407521.html,200,Categories - # OKUMA HCS-S-1423XH XH Surf Rod,# OKUMA HCS-S-1423XH XH Surf Rod,text/html; charset=iso-8859-1,
https://www.twstackle.com/products/--okuma-hcsj-s-631h-hawaiian-rod%7C840083405886.html,200,Categories - # OKUMA HCSJ-S-631H Hawaiian Rod,# OKUMA HCSJ-S-631H Hawaiian Rod,text/html; charset=iso-8859-1,
https://www.twstackle.com/products/--okuma-hcsj-s-631mh-hawaiian-rd%7C840083404759.html,200,Categories - # OKUMA HCSJ-S-631MH Hawaiian Rd,# OKUMA HCSJ-S-631MH Hawaiian Rd,text/html; charset=iso-8859-1,
https://www.twstackle.com/products/--okuma-hsx-30-helios-reels%7C739998137992.html,200,Categories - # OKUMA HSX-30 Helios Reels,# OKUMA HSX-30 Helios Reels,text/html; charset=iso-8859-1,
https://www.twstackle.com/products/--okuma-hsx-40-helios-reels%7C739998138005.html,200,Categories - # OKUMA HSX-40 Helios Reels,# OKUMA HSX-40 Helios Reels,text/html; charset=iso-8859-1,
https://www.twstackle.com/products/--okuma-hwu-c-1302ha-custom-a%7C739998223640.html,200,Categories - # OKUMA HWU-C-1302HA Custom A,# OKUMA HWU-C-1302HA Custom A,text/html; charset=iso-8859-1,
https://www.twstackle.com/products/--okuma-hwu-c-1302hb-custom-b%7C840083407545.html,200,Categories - # OKUMA HWU-C-1302HB Custom B,# OKUMA HWU-C-1302HB Custom B,text/html; charset=iso-8859-1,
https://www.twstackle.com/products/--okuma-hwu-c-1302mha-custom-a%7C739998223633.html,200,Categories - # OKUMA HWU-C-1302MHA Custom A,# OKUMA HWU-C-1302MHA Custom A,text/html; charset=iso-8859-1,
https://www.twstackle.com/products/--okuma-hwu-c-1302mhb-custom-b%7C840083407538.html,200,Categories - # OKUMA HWU-C-1302MHB Custom B,# OKUMA HWU-C-1302MHB Custom B,text/html; charset=iso-8859-1,
https://www.twstackle.com/products/--okuma-nsk-s-1002mh-nesika-rod%7C840083404599.html,200,Categories - # OKUMA NSK-S-1002MH NESIKA ROD,# OKUMA NSK-S-1002MH NESIKA ROD,text/html; charset=iso-8859-1,
https://www.twstackle.com/products/--okuma-nsk-s-1202m-nesika-rod%7C840083404605.html,200,Categories - # OKUMA NSK-S-1202M Nesika Rod,# OKUMA NSK-S-1202M Nesika Rod,text/html; charset=iso-8859-1,
https://www.twstackle.com/products/--okuma-ra-s-1002m-rockaway-rod%7C739998236626.html,200,Categories - # OKUMA RA-S-1002M Rockaway Rod,# OKUMA RA-S-1002M Rockaway Rod,text/html; charset=iso-8859-1,
https://www.twstackle.com/products/--okuma-ra-s-1002mh-rockaway-rd%7C739998236633.html,200,Categories - # OKUMA RA-S-1002MH Rockaway Rd,# OKUMA RA-S-1002MH Rockaway Rd,text/html; charset=iso-8859-1,
https://www.twstackle.com/products/--okuma-ra-s-1002ml-rockaway-rd%7C739998236619.html,200,Categories - # OKUMA RA-S-1002ML Rockaway Rd,# OKUMA RA-S-1002ML Rockaway Rd,text/html; charset=iso-8859-1,
https://www.twstackle.com/products/--okuma-rox-862ml-40-rox-combo%7C739998335268.html,200,Categories - # OKUMA ROX-862ML-40 ROX COMBO,# OKUMA ROX-862ML-40 ROX COMBO,text/html; charset=iso-8859-1,
https://www.twstackle.com/products/--okuma-rox-902mh-50-rox-combo%7C739998335275.html,200,Categories - # OKUMA ROX-902MH-50 ROX COMBO,# OKUMA ROX-902MH-50 ROX COMBO,text/html; charset=iso-8859-1,
https://www.twstackle.com/products/--okuma-slx-20ii-slx-solterra-rl%7C739998137671.html,200,Categories - # OKUMA SLX-20II SLX SOLTERRA RL,# OKUMA SLX-20II SLX SOLTERRA RL,text/html; charset=iso-8859-1,
https://www.twstackle.com/products/--okuma-slx-30ii-slx-solterra-rl%7C739998137688.html,200,Categories - # OKUMA SLX-30II SLX SOLTERRA RL,# OKUMA SLX-30II SLX SOLTERRA RL,text/html; charset=iso-8859-1,
https://www.twstackle.com/products/--p-line-cxxg-20-cxx-mono-line%7C015789303099.html,200,Categories - # P-LINE CXXG-20 CXX Mono Line,# P-LINE CXXG-20 CXX Mono Line,text/html; charset=iso-8859-1,
https://www.twstackle.com/products/--penn-puriv6000902mh-pursuit%7C031324275799.html,200,Categories - # PENN PURIV6000902MH PURSUIT,"The PENN&amp;reg; Pursuit(R) IV spinning combo is great for inshore, boat, and?surf?fishing. This combo combines the Pursuit IV spinning reel and a?graphite?composite rod for an affordable and durable fish-taming set-up. The?reel?features our proven HT-100(TM) drag system and a 4-sealed stainless steel bearing system, making the Pursuit(R) IV a great?value for money for saltwater anglers.?Now avai",text/html; charset=iso-8859-1,
https://www.twstackle.com/products/--penn-rvl15lw1220c70-rival-comb%7C031324171800.html,200,Categories - # PENN RVL15LW1220C70 Rival Comb,"The PENN Rival combo was engineered to be a versatile all-around?combo at an affordable?price. Rival combos feature stainless steel guides with?aluminum oxide inserts, heavy-duty graphite reel seats,?and a triangle EVA foregrips for added comfort and?control. The reels include a lightweight design?offering heavy-duty fish fighting power and high line?capacity.Lightweight graphite frame and sidepla",text/html; charset=iso-8859-1,
https://www.twstackle.com/products/--penn-rvl15lw2030c50-rival%7C031324171817.html,200,Categories - # PENN RVL15LW2030C50 Rival,"The PENN Rival combo was engineered to be a versatile all-around?combo at an affordable?price. Rival combos feature stainless steel guides with?aluminum oxide inserts, heavy-duty graphite reel seats,?and a triangle EVA foregrips for added comfort and?control. The reels include a lightweight design?offering heavy-duty fish fighting power and high line?capacity.Lightweight graphite frame and sidepla",text/html; charset=iso-8859-1,
https://www.twstackle.com/products/--penn-rvl20lw2040c66-rival-leve%7C031324171824.html,200,Categories - # PENN RVL20LW2040C66 Rival Leve,"The PENN Rival combo was engineered to be a versatile all-around?combo at an affordable?price. Rival combos feature stainless steel guides with?aluminum oxide inserts, heavy-duty graphite reel seats,?and a triangle EVA foregrips for added comfort and?control. The reels include a lightweight design?offering heavy-duty fish fighting power and high line?capacity.Lightweight graphite frame and sidepla",text/html; charset=iso-8859-1,
https://www.twstackle.com/products/--penn-rvl30lw2050c66-rival-leve%7C031324171831.html,200,Categories - # PENN RVL30LW2050C66 Rival Leve,"The PENN Rival combo was engineered to be a versatile all-around?combo at an affordable?price. Rival combos feature stainless steel guides with?aluminum oxide inserts, heavy-duty graphite reel seats,?and a triangle EVA foregrips for added comfort and?control. The reels include a lightweight design?offering heavy-duty fish fighting power and high line?capacity.Lightweight graphite frame and sidepla",text/html; charset=iso-8859-1,
https://www.twstackle.com/products/--penn-ssvi3500701ml-spinfisher%7C031324039094.html,200,Categories - # PENN SSVI3500701ML Spinfisher,"The PENN Spinfisher VI spinning combos are a?complete fish-catching package. Our newly renovated Spinfisher VI reel is?combined with a factory matched Spinfisher VI graphite composite rod. With a full?assortment of inshore, surf, and boat combinations, there is something for every angler. In addition to our powerful?HT-100 drag system, this set-up features an IPX5 rating, which uses seals in?key l",text/html; charset=iso-8859-1,
https://www.twstackle.com/products/--penn-ssvi5500701mh-spinfisher%7C031324039117.html,200,Categories - # PENN SSVI5500701MH Spinfisher,"The PENN Spinfisher VI spinning combos are a?complete fish-catching package. Our newly renovated Spinfisher VI reel is?combined with a factory matched Spinfisher VI graphite composite rod. With a full?assortment of inshore, surf, and boat combinations, there is something for every angler. In addition to our powerful?HT-100 drag system, this set-up features an IPX5 rating, which uses seals in?key l",text/html; charset=iso-8859-1,
https://www.twstackle.com/products/--penn-ssvi6500661jg-spinfisher%7C031324039131.html,200,Categories - # PENN SSVI6500661JG Spinfisher,"The PENN Spinfisher VI spinning combos are a?complete fish-catching package. Our newly renovated Spinfisher VI reel is?combined with a factory matched Spinfisher VI graphite composite rod. With a full?assortment of inshore, surf, and boat combinations, there is something for every angler. In addition to our powerful?HT-100 drag system, this set-up features an IPX5 rating, which uses seals in?key l",text/html; charset=iso-8859-1,
https://www.twstackle.com/products/--penn-ssvi6500ll701mh-spinfish%7C031324039186.html,200,Categories - # PENN SSVI6500LL701MH Spinfish,"The PENN Spinfisher VI spinning combos are a?complete fish-catching package. Our newly renovated Spinfisher VI reel is?combined with a factory matched Spinfisher VI graphite composite rod. With a full?assortment of inshore, surf, and boat combinations, there is something for every angler. In addition to our powerful?HT-100 drag system, this set-up features an IPX5 rating, which uses seals in?key l",text/html; charset=iso-8859-1,
https://www.twstackle.com/products/--penn-ssvi7500701h-spinfisher-c%7C031324039155.html,200,Categories - # PENN SSVI7500701H Spinfisher C,"The PENN Spinfisher VI spinning combos are a?complete fish-catching package. Our newly renovated Spinfisher VI reel is?combined with a factory matched Spinfisher VI graphite composite rod. With a full?assortment of inshore, surf, and boat combinations, there is something for every angler. In addition to our powerful?HT-100 drag system, this set-up features an IPX5 rating, which uses seals in?key l",text/html; charset=iso-8859-1,
https://www.twstackle.com/products/--penn-ssvi8500701h-spinfisher-c%7C031324039162.html,200,Categories - # PENN SSVI8500701H Spinfisher C,"The PENN Spinfisher VI spinning combos are a?complete fish-catching package. Our newly renovated Spinfisher VI reel is?combined with a factory matched Spinfisher VI graphite composite rod. With a full?assortment of inshore, surf, and boat combinations, there is something for every angler. In addition to our powerful?HT-100 drag system, this set-up features an IPX5 rating, which uses seals in?key l",text/html; charset=iso-8859-1,
https://www.twstackle.com/products/--penn-war20lw2040c66-combo%7C031324166127.html,200,Categories - # PENN WAR20LW2040C66 Combo,"The PENN&amp;reg; Warfare combo was engineered to be an extremely versatile all-around?combo at an affordable price. Warfare combos feature both a one-piece tubular glass blank with solid tip or tubular glass blank depending on model, stainless steel guides with aluminum oxide inserts, heavy-duty graphite reel seat, and a triangle EVA foregrip for added comfort and control. The reels include a lig",text/html; charset=iso-8859-1,
https://www.twstackle.com/products/--penn-war301525c70lb-warfare-sz%7C031324166158.html,200,Categories - # PENN WAR301525C70LB Warfare Sz,"The PENN&amp;reg; Warfare combo was engineered to be an extremely versatile all-around?combo at an affordable price. Warfare combos feature both a one-piece tubular glass blank with solid tip or tubular glass blank depending on model, stainless steel guides with aluminum oxide inserts, heavy-duty graphite reel seat, and a triangle EVA foregrip for added comfort and control. The reels include a lig",text/html; charset=iso-8859-1,
https://www.twstackle.com/products/--penn-war30lw2050c66-warfare%7C031324166141.html,200,Categories - # PENN WAR30LW2050C66 Warfare,"The PENN&amp;reg; Warfare combo was engineered to be an extremely versatile all-around?combo at an affordable price. Warfare combos feature both a one-piece tubular glass blank with solid tip or tubular glass blank depending on model, stainless steel guides with aluminum oxide inserts, heavy-duty graphite reel seat, and a triangle EVA foregrip for added comfort and control. The reels include a lig",text/html; charset=iso-8859-1,
https://www.twstackle.com/products/--plano-plaba603-duffel-bag%7C024099006552.html,200,Categories - # PLANO PLABA603 Duffel Bag,# PLANO PLABA603 Duffel Bag,text/html; charset=iso-8859-1,
https://www.twstackle.com/products/--power-pro-21100100500y-braid%7C712649102501.html,200,Categories - # POWER PRO 21100100500Y Braid,# POWER PRO 21100100500Y Braid,text/html; charset=iso-8859-1,
https://www.twstackle.com/products/--power-pro-21100800150e-braid80%7C712649103386.html,200,Categories - # POWER PRO 21100800150E Braid80,# POWER PRO 21100800150E Braid80,text/html; charset=iso-8859-1,
https://www.twstackle.com/products/--power-pro-33400503000e-spectra%7C712649214273.html,200,Categories - # POWER PRO 33400503000E Spectra,# POWER PRO 33400503000E Spectra,text/html; charset=iso-8859-1,
https://www.twstackle.com/products/--quantum-at15spta-bx3-reel%7C032784639329.html,200,Categories - # QUANTUM AT15SPTA.BX3 Reel,# QUANTUM AT15SPTA.BX3 Reel,text/html; charset=iso-8859-1,
https://www.twstackle.com/products/--quantum-at30spta-bx3-reel%7C032784639343.html,200,Categories - # QUANTUM AT30SPTA.BX3 Reel,# QUANTUM AT30SPTA.BX3 Reel,text/html; charset=iso-8859-1,
https://www.twstackle.com/products/--rapala-rclp-1-clipper-combo%7C022677032481.html,200,Categories - # RAPALA RCLP-1 Clipper Combo,# RAPALA RCLP-1 Clipper Combo,text/html; charset=iso-8859-1,
https://www.twstackle.com/products/--rapala-smth3-tool-holder%7C022677271842.html,200,Categories - # RAPALA SMTH3 Tool Holder,# RAPALA SMTH3 Tool Holder,text/html; charset=iso-8859-1,
https://www.twstackle.com/products/--sea-striker-aprp7-alum-pliers%7C096337035952.html,200,Categories - # SEA STRIKER APRP7 Alum Pliers,# SEA STRIKER APRP7 Alum Pliers,text/html; charset=iso-8859-1,
https://www.twstackle.com/products/--sea-striker-db32-6-6-arm-drdg%7C096337657284.html,200,Categories - # SEA STRIKER DB32-6 6-Arm Drdg,# SEA STRIKER DB32-6 6-Arm Drdg,text/html; charset=iso-8859-1,
https://www.twstackle.com/products/--sea-striker-sb36bhd-sprd-bar%7C096337027537.html,200,Categories - # SEA STRIKER SB36BHD Sprd.Bar,# SEA STRIKER SB36BHD Sprd.Bar,text/html; charset=iso-8859-1,
https://www.twstackle.com/products/--sea-striker-ss296-gaff%7C096337106638.html,200,Categories - # SEA STRIKER SS296 Gaff,# SEA STRIKER SS296 Gaff,text/html; charset=iso-8859-1,
https://www.twstackle.com/products/--sea-striker-ss396-gaff%7C096337106782.html,200,Categories - # SEA STRIKER SS396 Gaff,# SEA STRIKER SS396 Gaff,text/html; charset=iso-8859-1,
https://www.twstackle.com/products/--sea-striker-ssbs-24-3--baitshe%7C096337665852.html,200,Categories - # SEA STRIKER SSBS-24 3&quot; BaitShe,# SEA STRIKER SSBS-24 3&quot; BaitShe,text/html; charset=iso-8859-1,
https://www.twstackle.com/products/--sea-striker-ssfg63-fbrgls-gaff%7C096337667054.html,200,Categories - # SEA STRIKER SSFG63 FbrGls Gaff,# SEA STRIKER SSFG63 FbrGls Gaff,text/html; charset=iso-8859-1,
https://www.twstackle.com/products/--sea-striker-ssrk-blu-rod-butt%7C768721534975.html,200,Categories - # SEA STRIKER SSRK-BLU Rod Butt,# SEA STRIKER SSRK-BLU Rod Butt,text/html; charset=iso-8859-1,
https://www.twstackle.com/products/--seigler-r101r-lrg-game-reel%7C685987758887.html,200,Categories - # SEIGLER R101R Lrg Game Reel,# SEIGLER R101R Lrg Game Reel,text/html; charset=iso-8859-1,
https://www.twstackle.com/products/--seigler-r102l-lrg-game-reel%7C685987758894.html,200,Categories - # SEIGLER R102L Lrg Game Reel,# SEIGLER R102L Lrg Game Reel,text/html; charset=iso-8859-1,
https://www.twstackle.com/products/--seigler-r102r-lrg-game-reel%7C685987758900.html,200,Categories - # SEIGLER R102R Lrg Game Reel,# SEIGLER R102R Lrg Game Reel,text/html; charset=iso-8859-1,
https://www.twstackle.com/products/--seigler-r103l-lrg-game-reel%7C685987758917.html,200,Categories - # SEIGLER R103L Lrg Game Reel,# SEIGLER R103L Lrg Game Reel,text/html; charset=iso-8859-1,
https://www.twstackle.com/products/--seigler-r108r-os-offshr-s-reel%7C685987759228.html,200,Categories - # SEIGLER R108R OS(Offshr S)Reel,# SEIGLER R108R OS(Offshr S)Reel,text/html; charset=iso-8859-1,
https://www.twstackle.com/products/--seigler-r203l-l-game-nrrw-reel%7C714343980911.html,200,Categories - # SEIGLER R203L L Game Nrrw Reel,# SEIGLER R203L L Game Nrrw Reel,text/html; charset=iso-8859-1,
https://www.twstackle.com/products/--shakespeare-cmf2inshore-7--2pc%7C043388434463.html,200,Categories - # SHAKESPEARE CMF2INSHORE 7' 2PC,"With a Shakespeare&amp;reg; Catch More Fish&amp;reg; combo, anglers?will?have everything they need to enjoy a day of inshore?fishing. In addition to a Shakespeare&amp;reg; rod and?reel,?the combo also includes top brands in bait and line ??Berkley&amp;reg; Gulp!&amp;reg; and Stren&amp;reg;. Includes Berkley&amp;reg; Gulp!&amp;reg; shrimp and jerk shads, pre-tied popping cork rig, Carolina rig,",text/html; charset=iso-8859-1,
https://www.twstackle.com/products/--shakespeare-cmf2surfpier-catch%7C043388434470.html,200,Categories - # SHAKESPEARE CMF2SURFPIER Catch,"With a Shakespeare&amp;reg; Catch More Fish&amp;reg; combo, anglers?will?have everything they need to enjoy a day on the?surf or pier. In addition to a Shakespeare&amp;reg; rod?and?reel, the combo also includes top brands in bait?and line ? Berkley&amp;reg; Gulp!&amp;reg; and Stren&amp;reg;. Includes Berkley&amp;reg; Gulp!&amp;reg; shrimp and crabs, pre-tied bottom rigs, fish-finder surf rig, j",text/html; charset=iso-8859-1,
https://www.twstackle.com/products/--shakespeare-cmf2surfpier8ft-ca%7C043388434487.html,200,Categories - # SHAKESPEARE CMF2SURFPIER8FT Ca,"With a Shakespeare&amp;reg; Catch More Fish&amp;reg; combo, anglers?will?have everything they need to enjoy a day on the?surf or pier. In addition to a Shakespeare&amp;reg; rod?and?reel, the combo also includes top brands in bait?and line ? Berkley&amp;reg; Gulp!&amp;reg; and Stren&amp;reg;. Includes Berkley&amp;reg; Gulp!&amp;reg; shrimp and crabs, pre-tied bottom rigs, fish- finder surf rig,",text/html; charset=iso-8859-1,
https://www.twstackle.com/products/--shakespeare-micro1sp4620cbo%7C043388417022.html,200,Categories - # SHAKESPEARE MICRO1SP4620CBO,Shakespeare&amp;reg; Micro Series combos are packed with quality components and provide great value to the ultra-light angler.Graphite composite rod with ultra-light actionsMetal components for longevity and excellent reel performancePre-spooled with 4 lb Stren&amp;reg; line,text/html; charset=iso-8859-1,
https://www.twstackle.com/products/--shakespeare-surf2tbkit-surfpie%7C043388434579.html,200,Categories - # SHAKESPEARE SURF2TBKIT SurfPie,"With a Shakespeare&amp;reg; Catch More Fish&amp;reg; tackle box kit anglers will have?the basic tackle needed to fish the surf or pier all in one convenient?location.? Includes Berkley&amp;reg; Gulp!&amp;reg; shrimp and crabs, pre-tied bottom rigs, fish- finder surf rig, jig heads and tackle boxDurable tackle tray with latchesBait:Berkley&amp;reg; Gulp!&amp;reg; Shrimp and Peeler CrabsTackle:",text/html; charset=iso-8859-1,
https://www.twstackle.com/products/--shakespeare-synst6010cbo-combo%7C043388295095.html,200,Categories - # SHAKESPEARE SYNST6010CBO Combo,Shakespeare&amp;reg; continues to innovate and design products for everyday anglers. The Synergy&amp;reg; Steel series is a great value for anglers of all skill levels. Polished stainless steel front cone and line guideOne steel pick-up pinSteel handleTubular glass rod with EVA gripsStainless Steel GuidesPre-spooled with Stren&amp;reg; line,text/html; charset=iso-8859-1,
https://www.twstackle.com/products/--shakespeare-usca701m-cast-rod%7C043388306319.html,200,Categories - # SHAKESPEARE USCA701M Cast Rod,"Ugly Stik&amp;reg;GX2&amp;trade; is the next generation of Ugly Stik&amp;reg; that combines the heritage and tradition of the original while maintaining the strength and durability Ugly Stik&amp;reg;s are known for. Ugly Stik&amp;reg; GX2&amp;trade; rods offer better balance for lighter feel, improved components, and eye-catching cosmetics for a more modern look versus the prior generation.Ugly Te",text/html; charset=iso-8859-1,
https://www.twstackle.com/products/--shakespeare-usca701mh-cast-rod%7C043388306326.html,200,Categories - # SHAKESPEARE USCA701MH Cast Rod,"Ugly Stik&amp;reg;GX2&amp;trade; is the next generation of Ugly Stik&amp;reg; that combines the heritage and tradition of the original while maintaining the strength and durability Ugly Stik&amp;reg;s are known for. Ugly Stik&amp;reg; GX2&amp;trade; rods offer better balance for lighter feel, improved components, and eye-catching cosmetics for a more modern look versus the prior generation.Ugly Te",text/html; charset=iso-8859-1,
https://www.twstackle.com/products/--shakespeare-usldsp602m-30cbo-l%7C043388410481.html,200,Categories - # SHAKESPEARE USLDSP602M/30CBO L,"Ugly Stik&amp;reg; GX2&amp;trade;, designed specifically for ladies, is the next generation of Ugly Stik&amp;reg; that combines the heritage and tradition of the original while maintaining the strength and durability Ugly Stik&amp;reg;",text/html; charset=iso-8859-1,
https://www.twstackle.com/products/--shakespeare-ussp602m-30cbo-ugl%7C043388306180.html,200,Categories - # SHAKESPEARE USSP602M/30CBO Ugl,"Ugly Stik&amp;reg; GX2&amp;trade; is the next generation of Ugly Stik&amp;reg; that combines the heritage and tradition of the original while maintaining the strength and durability Ugly Stiks&amp;reg; are known for. Ugly Stik&amp;reg; GX2&amp;trade; rods offer better balance for lighter feel, improved components, and eye-catching cosmetics for a more modern look versus the previous generation. Th",text/html; charset=iso-8859-1,
https://www.twstackle.com/products/--shakespeare-ussp661mh-40cbo-ug%7C043388306203.html,200,Categories - # SHAKESPEARE USSP661MH/40CBO Ug,"Ugly Stik&amp;reg; GX2&amp;trade; is the next generation of Ugly Stik&amp;reg; that combines the heritage and tradition of the original while maintaining the strength and durability Ugly Stiks&amp;reg; are known for. Ugly Stik&amp;reg; GX2&amp;trade; rods offer better balance for lighter feel, improved components, and eye-catching cosmetics for a more modern look versus the previous generation. Th",text/html; charset=iso-8859-1,
https://www.twstackle.com/products/--shakespeare-ussp662m-35cbo-ugl%7C043388306197.html,200,Categories - # SHAKESPEARE USSP662M/35CBO Ugl,"Ugly Stik&amp;reg; GX2&amp;trade; is the next generation of Ugly Stik&amp;reg; that combines the heritage and tradition of the original while maintaining the strength and durability Ugly Stiks&amp;reg; are known for. Ugly Stik&amp;reg; GX2&amp;trade; rods offer better balance for lighter feel, improved components, and eye-catching cosmetics for a more modern look versus the previous generation. Th",text/html; charset=iso-8859-1,
https://www.twstackle.com/products/--shakespeare-ussp701mh-50cbo-ug%7C043388306210.html,200,Categories - # SHAKESPEARE USSP701MH/50CBO Ug,"Ugly Stik&amp;reg; GX2&amp;trade; is the next generation of Ugly Stik&amp;reg; that combines the heritage and tradition of the original while maintaining the strength and durability Ugly Stiks&amp;reg; are known for. Ugly Stik&amp;reg; GX2&amp;trade; rods offer better balance for lighter feel, improved components, and eye-catching cosmetics for a more modern look versus the previous generation. Th",text/html; charset=iso-8859-1,
https://www.twstackle.com/products/--shimano-anrc820a-reel-cover%7C022255470926.html,200,Categories - # SHIMANO ANRC820A Reel Cover,# SHIMANO ANRC820A Reel Cover,text/html; charset=iso-8859-1,
https://www.twstackle.com/products/--shimano-anrc830a-reel-cover%7C022255470933.html,200,Categories - # SHIMANO ANRC830A Reel Cover,# SHIMANO ANRC830A Reel Cover,text/html; charset=iso-8859-1,
https://www.twstackle.com/products/--shimano-anrc840a-reel-cover%7C022255470940.html,200,Categories - # SHIMANO ANRC840A Reel Cover,# SHIMANO ANRC840A Reel Cover,text/html; charset=iso-8859-1,
https://www.twstackle.com/products/--shimano-anrc850a-reel-cover%7C022255470957.html,200,Categories - # SHIMANO ANRC850A Reel Cover,# SHIMANO ANRC850A Reel Cover,text/html; charset=iso-8859-1,
https://www.twstackle.com/products/--shimano-anrc860a-reel-cover%7C022255470964.html,200,Categories - # SHIMANO ANRC860A Reel Cover,# SHIMANO ANRC860A Reel Cover,text/html; charset=iso-8859-1,
https://www.twstackle.com/products/--shimano-ansc830a-reel-cover%7C022255470971.html,200,Categories - # SHIMANO ANSC830A Reel Cover,# SHIMANO ANSC830A Reel Cover,text/html; charset=iso-8859-1,
https://www.twstackle.com/products/--shimano-ansc840a-reel-cover%7C022255470988.html,200,Categories - # SHIMANO ANSC840A Reel Cover,# SHIMANO ANSC840A Reel Cover,text/html; charset=iso-8859-1,
https://www.twstackle.com/products/--shimano-ansc850a-reel-cover%7C022255470995.html,200,Categories - # SHIMANO ANSC850A Reel Cover,# SHIMANO ANSC850A Reel Cover,text/html; charset=iso-8859-1,
https://www.twstackle.com/products/--shimano-scup06n-brutas-6--cutr%7C022255101684.html,200,Categories - # SHIMANO SCUP06N Brutas 6&quot; Cutr,# SHIMANO SCUP06N Brutas 6&quot; Cutr,text/html; charset=iso-8859-1,
https://www.twstackle.com/products/--shimano-spm25ii-speedmaster%7C022255235679.html,200,Categories - * SHIMANO SPM25II Speedmaster,* SHIMANO SPM25II Speedmaster,text/html; charset=iso-8859-1,
https://www.twstackle.com/products/--shimano-ssrp05n-brutas-pliers%7C022255101721.html,200,Categories - # SHIMANO SSRP05N Brutas Pliers,# SHIMANO SSRP05N Brutas Pliers,text/html; charset=iso-8859-1,
https://www.twstackle.com/products/--shimano-tor16hgal-torium-sd%7C022255190916.html,200,Categories - * SHIMANO TOR16HGAL Torium SD,* SHIMANO TOR16HGAL Torium SD,text/html; charset=iso-8859-1,
https://www.twstackle.com/products/--shimano-tor16pga-torium-reel%7C022255220651.html,200,Categories - * SHIMANO TOR16PGA Torium Reel,* SHIMANO TOR16PGA Torium Reel,text/html; charset=iso-8859-1,
https://www.twstackle.com/products/--shimano-tor30hgal-torium-sd%7C022255190930.html,200,Categories - # SHIMANO TOR30HGAL Torium SD,# SHIMANO TOR30HGAL Torium SD,text/html; charset=iso-8859-1,
https://www.twstackle.com/products/--shimano-tor40hga-torium-reel%7C022255240666.html,200,Categories - # SHIMANO TOR40HGA Torium Reel,# SHIMANO TOR40HGA Torium Reel,text/html; charset=iso-8859-1,
https://www.twstackle.com/products/--shimano-tor50hga-torium-reel%7C022255240673.html,200,Categories - * SHIMANO TOR50HGA Torium Reel,* SHIMANO TOR50HGA Torium Reel,text/html; charset=iso-8859-1,
https://www.twstackle.com/products/--shimano-tpxd4000xgfa-tp-reel%7C022255247641.html,200,Categories - # SHIMANO TPXD4000XGFA TP Reel,# SHIMANO TPXD4000XGFA TP Reel,text/html; charset=iso-8859-1,
https://www.twstackle.com/products/--shimano-tpxdc3000xgfa-tp-reel%7C022255247627.html,200,Categories - # SHIMANO TPXDC3000XGFA TP Reel,# SHIMANO TPXDC3000XGFA TP Reel,text/html; charset=iso-8859-1,
https://www.twstackle.com/products/--shimano-tpxdc5000xgfa-tp-reel%7C022255247658.html,200,Categories - # SHIMANO TPXDC5000XGFA TP Reel,# SHIMANO TPXDC5000XGFA TP Reel,text/html; charset=iso-8859-1,
https://www.twstackle.com/products/--shimano-ult4000xgfc-ultegra%7C022255250443.html,200,Categories - # SHIMANO ULT4000XGFC Ultegra,# SHIMANO ULT4000XGFC Ultegra,text/html; charset=iso-8859-1,
https://www.twstackle.com/products/--smith-s-50364-pocket-pal-x2%7C027925503645.html,200,Categories - # SMITH'S 50364 POCKET PAL X2,# SMITH,text/html; charset=iso-8859-1,
https://www.twstackle.com/products/--sufix-832-braid-cc-10--1200yd%7C024777705531.html,200,Categories - # SUFIX 832 BRAID CC 10# 1200yd,# SUFIX 832 BRAID CC 10# 1200yd,text/html; charset=iso-8859-1,
https://www.twstackle.com/products/--sufix-832-braid-gh-10--1200yd%7C024777671218.html,200,Categories - # SUFIX 832 BRAID GH 10# 1200yd,# SUFIX 832 BRAID GH 10# 1200yd,text/html; charset=iso-8859-1,
https://www.twstackle.com/products/--sufix-832-braid-gh-15--1200yd%7C024777676275.html,200,Categories - # SUFIX 832 BRAID GH 15# 1200yd,# SUFIX 832 BRAID GH 15# 1200yd,text/html; charset=iso-8859-1,
https://www.twstackle.com/products/--sufix-832-braid-grn-15--3500yd%7C024777676312.html,200,Categories - # SUFIX 832 BRAID GRN 15# 3500yd,# SUFIX 832 BRAID GRN 15# 3500yd,text/html; charset=iso-8859-1,
https://www.twstackle.com/products/--tasco-200825-offshore-bino%7C046162000311.html,200,Categories - # TASCO 200825 OFFSHORE BINO,# TASCO 200825 OFFSHORE BINO,text/html; charset=iso-8859-1,
https://www.twstackle.com/products/--tasco-ess-10x25-binocular%7C046162094631.html,200,Categories - # TASCO ESS 10x25 BINOCULAR,# TASCO ESS 10x25 BINOCULAR,text/html; charset=iso-8859-1,
https://www.twstackle.com/products/--tica-ue-ha421301c-tc2-surf%7C804929003841.html,200,Categories - # Tica UE-HA421301C TC2 Surf,# Tica UE-HA421301C TC2 Surf,text/html; charset=iso-8859-1,
https://www.twstackle.com/products/--tsunami-tsm3-gimbal-util-belt%7C799967259384.html,200,Categories - # TSUNAMI TSM3 Gimbal Util.Belt,# TSUNAMI TSM3 Gimbal Util.Belt,text/html; charset=iso-8859-1,
https://www.twstackle.com/products/--tsunami-tsspe80-ss102mh-combo%7C799967471328.html,200,Categories - # TSUNAMI TSSPE80-SS102MH Combo,# TSUNAMI TSSPE80-SS102MH Combo,text/html; charset=iso-8859-1,
https://www.twstackle.com/products/--tsunami-tsspex50-bs702mh-combo%7C799967510164.html,200,Categories - # TSUNAMI TSSPEX50-BS702MH COMBO,# TSUNAMI TSSPEX50-BS702MH COMBO,text/html; charset=iso-8859-1,
https://www.twstackle.com/products/--xtratuf-xkab1wf-09-y-boot%7C193715465971.html,200,Categories - # XTRATUF XKAB1WF 09 Y-BOOT,# XTRATUF XKAB1WF 09 Y-BOOT,text/html; charset=iso-8859-1,
https://www.twstackle.com/products/--xtratuf-xwl1bg-blk-070-lgcy%7C086189154833.html,200,Categories - # XTRATUF XWL1BG-BLK 070 Lgcy,# XTRATUF XWL1BG-BLK 070 Lgcy,text/html; charset=iso-8859-1,
https://www.twstackle.com/products/-gift-cards---wallet-style-1033.html,200,Categories -&nbsp;&nbsp;GIFT CARDS - WALLET STYLE,Hard copy gift cards will be mailed within 48-72 hours and are valid in our Nags Head store only,text/html; charset=iso-8859-1,
https://www.twstackle.com/products/-tw-s-great-marlin-pursuit-for-men---blend-pull-over-hooded-sweatshirt-3804.html,200,Categories - TW's Great Marlin Pursuit for Men - Blend Pull-Over Hooded Sweatshirt,TW,text/html; charset=iso-8859-1,
https://www.twstackle.com/products/-tw-s-marsh-dog-for-toddlers---pull-over-hooded-sweatshirt-3816.html,200,Categories - TW's Marsh Dog for Toddlers - Pull-Over Hooded Sweatshirt,TW,text/html; charset=iso-8859-1,
https://www.twstackle.com/products/abu-garcia-ike3sc6-562m-ike-d%7C036282983304.html,200,Categories - ABU GARCIA IKE3SC6/562M Ike D,"PRECISION FOR YOUNG ANGLERS, INSPIRED BY MIKE IACONELLI ## With inspiration from Mike Iaconelli, the Ike Dude spincast combo offers cutting edge design and precision performance for youth anglers. The Ike Dude platform features quality components paired with aggressive cosmetics and is available in both spinning and spincast options. Each 2-piece composite blank is fitted with high density EVA spl",text/html; charset=iso-8859-1,
https://www.twstackle.com/products/abu-garcia-ike3sp30-602m-ike-d%7C036282983298.html,200,Categories - ABU GARCIA IKE3SP30/602M Ike D,"PRECISION FOR YOUNG ANGLERS, INSPIRED BY MIKE IACONELLI ## With inspiration from Mike Iaconelli, the Ike Dude spinning combo offers cutting edge design and precision performance for youth anglers. The Ike Dude platform features quality components paired with aggressive cosmetics and is available in both spinning and spincast options. Each 2-piece composite blank is fitted with high density EVA spl",text/html; charset=iso-8859-1,
https://www.twstackle.com/products/accusharp-ac001-sharpener%7C015896000010.html,200,Categories - ACCUSHARP AC001 SHARPENER,ACCUSHARP AC001 SHARPENER,text/html; charset=iso-8859-1,
https://www.twstackle.com/products/afw-b030-0-30--surfstrand%7C035926002616.html,200,Categories - AFW B030-0 30' Surfstrand,AFW B030-0 30,text/html; charset=iso-8859-1,
https://www.twstackle.com/products/afw-b040-0-30--surfstrand%7C035926002814.html,200,Categories - AFW B040-0 30' Surfstrand,AFW B040-0 30,text/html; charset=iso-8859-1,
https://www.twstackle.com/products/afw-b060-0-30--surfstrand%7C035926003019.html,200,Categories - AFW B060-0 30' Surfstrand,AFW B060-0 30,text/html; charset=iso-8859-1,
https://www.twstackle.com/products/afw-b090-0-30--surfstrand%7C035926003217.html,200,Categories - AFW B090-0 30' Surfstrand,AFW B090-0 30,text/html; charset=iso-8859-1,
https://www.twstackle.com/products/afw-c030b-0-30--surflon-c%7C035926015616.html,200,Categories - AFW C030B-0 30' Surflon C,AFW C030B-0 30,text/html; charset=iso-8859-1,
https://www.twstackle.com/products/afw-c045b-0-30--surflon-c%7C035926015814.html,200,Categories - AFW C045B-0 30' Surflon C,AFW C045B-0 30,text/html; charset=iso-8859-1,
https://www.twstackle.com/products/afw-c060b-0-30--surflon-c%7C035926016019.html,200,Categories - AFW C060B-0 30' Surflon C,AFW C060B-0 30,text/html; charset=iso-8859-1,
https://www.twstackle.com/products/afw-c090b-0-30--surflon-c%7C035926016217.html,200,Categories - AFW C090B-0 30' Surflon C,AFW C090B-0 30,text/html; charset=iso-8859-1,
https://www.twstackle.com/products/afw-k175c-0-49-strand-cam%7C035926017214.html,200,Categories - AFW K175C-0 49-Strand Cam,AFW K175C-0 49-Strand Cam,text/html; charset=iso-8859-1,
https://www.twstackle.com/products/afw-k275c-0-49-strand-camo%7C035926017412.html,200,Categories - AFW K275C-0 49-Strand Camo,AFW K275C-0 49-Strand Camo,text/html; charset=iso-8859-1,
https://www.twstackle.com/products/afw-k400c-0-49-strand-cam%7C035926017610.html,200,Categories - AFW K400C-0 49-Strand Cam,AFW K400C-0 49-Strand Cam,text/html; charset=iso-8859-1,
https://www.twstackle.com/products/afw-k600c-0-49-strand-cam%7C035926018013.html,200,Categories - AFW K600C-0 49-Strand Cam,AFW K600C-0 49-Strand Cam,text/html; charset=iso-8859-1,
https://www.twstackle.com/products/afw-tptwistr1-haywire%7C035926032873.html,200,Categories - AFW TPTWISTR1 Haywire,AFW TPTWISTR1 Haywire,text/html; charset=iso-8859-1,
https://www.twstackle.com/products/afw-u020-50-cppr-rigging-wire%7C035926032064.html,200,Categories - AFW U020/50 Cppr Rigging Wire,AFW U020/50 Cppr Rigging Wire,text/html; charset=iso-8859-1,
https://www.twstackle.com/products/afw-u020l14-01lb-cppr-rig-wire%7C035926133495.html,200,Categories - AFW U020L14-01LB Cppr Rig Wire,AFW U020L14-01LB Cppr Rig Wire,text/html; charset=iso-8859-1,
https://www.twstackle.com/products/afw-u020l14-50-cppr-rig-wire%7C035926122161.html,200,Categories - AFW U020L14-50 Cppr Rig Wire,AFW U020L14-50 Cppr Rig Wire,text/html; charset=iso-8859-1,
https://www.twstackle.com/products/ahi-ldj-2-bm-live-decptn-jig%7C837508006964.html,200,Categories - AHI LDJ-2-BM Live Decptn Jig,AHI LDJ-2-BM Live Decptn Jig,text/html; charset=iso-8859-1,
https://www.twstackle.com/products/ahi-lf-1-bm-ld-flash-jigs-1-oz%7C837508009835.html,200,Categories - AHI LF-1-BM LD Flash Jigs 1 oz,AHI LF-1-BM LD Flash Jigs 1 oz,text/html; charset=iso-8859-1,
https://www.twstackle.com/products/ahi-lf-1-mk-ld-flash-jigs-1-oz%7C837508009842.html,200,Categories - AHI LF-1-MK LD Flash Jigs 1 oz,AHI LF-1-MK LD Flash Jigs 1 oz,text/html; charset=iso-8859-1,
https://www.twstackle.com/products/ahi-lf-2-bm-ld-flash-jigs-2-oz%7C837508009873.html,200,Categories - AHI LF-2-BM LD Flash Jigs 2 oz,AHI LF-2-BM LD Flash Jigs 2 oz,text/html; charset=iso-8859-1,
https://www.twstackle.com/products/ahi-lf-2-mk-ld-flash-jigs-2-oz%7C837508009880.html,200,Categories - AHI LF-2-MK LD Flash Jigs 2 oz,AHI LF-2-MK LD Flash Jigs 2 oz,text/html; charset=iso-8859-1,
https://www.twstackle.com/products/ahi-sj-460-weighted-squid-j%7C837508002966.html,200,Categories - AHI SJ-460 Weighted Squid J,AHI SJ-460 Weighted Squid J,text/html; charset=iso-8859-1,
https://www.twstackle.com/products/ande-a14-10c-mono-10-%7C043473140101.html,200,Categories - ANDE A14-10C MONO 10#,ANDE A14-10C MONO 10#,text/html; charset=iso-8859-1,
https://www.twstackle.com/products/ande-a14-10g-mono-10-%7C043473144109.html,200,Categories - ANDE A14-10G MONO 10#,ANDE A14-10G MONO 10#,text/html; charset=iso-8859-1,
https://www.twstackle.com/products/ande-a14-12c-mono-12-%7C043473140125.html,200,Categories - ANDE A14-12C MONO 12#,ANDE A14-12C MONO 12#,text/html; charset=iso-8859-1,
https://www.twstackle.com/products/ande-a14-15c-mono-15-%7C043473140156.html,200,Categories - ANDE A14-15C MONO 15#,ANDE A14-15C MONO 15#,text/html; charset=iso-8859-1,
https://www.twstackle.com/products/ande-a14-15g-mono-15-%7C043473144154.html,200,Categories - ANDE A14-15G MONO 15#,ANDE A14-15G MONO 15#,text/html; charset=iso-8859-1,
https://www.twstackle.com/products/ande-a14-20c-mono-20-%7C043473140200.html,200,Categories - ANDE A14-20C MONO 20#,ANDE A14-20C MONO 20#,text/html; charset=iso-8859-1,
https://www.twstackle.com/products/ande-a14-20g-mono-20-%7C043473144208.html,200,Categories - ANDE A14-20G MONO 20#,ANDE A14-20G MONO 20#,text/html; charset=iso-8859-1,
https://www.twstackle.com/products/ande-a14-30c-mono-30-%7C043473140309.html,200,Categories - ANDE A14-30C MONO 30#,ANDE A14-30C MONO 30#,text/html; charset=iso-8859-1,
https://www.twstackle.com/products/ande-a14-30g-mono-30-%7C043473144307.html,200,Categories - ANDE A14-30G MONO 30#,ANDE A14-30G MONO 30#,text/html; charset=iso-8859-1,
https://www.twstackle.com/products/ande-a14-40c-mono-40-%7C043473140408.html,200,Categories - ANDE A14-40C MONO 40#,ANDE A14-40C MONO 40#,text/html; charset=iso-8859-1,
https://www.twstackle.com/products/ande-a14-40g-mono-40-%7C043473144406.html,200,Categories - ANDE A14-40G MONO 40#,ANDE A14-40G MONO 40#,text/html; charset=iso-8859-1,
https://www.twstackle.com/products/ande-a14-50c-mono-50-%7C043473140507.html,200,Categories - ANDE A14-50C MONO 50#,ANDE A14-50C MONO 50#,text/html; charset=iso-8859-1,
https://www.twstackle.com/products/ande-a14-50g-mono-50-%7C043473144505.html,200,Categories - ANDE A14-50G MONO 50#,ANDE A14-50G MONO 50#,text/html; charset=iso-8859-1,
https://www.twstackle.com/products/ande-a14-60c-mono-60-%7C043473140606.html,200,Categories - ANDE A14-60C MONO 60#,ANDE A14-60C MONO 60#,text/html; charset=iso-8859-1,
https://www.twstackle.com/products/ande-a14-8c-mono-8-%7C043473140088.html,200,Categories - ANDE A14-8C MONO 8#,ANDE A14-8C MONO 8#,text/html; charset=iso-8859-1,
https://www.twstackle.com/products/ande-fc-1-50-fluoro-50-%7C043473110500.html,200,Categories - ANDE FC-1-50 FLUORO 50#,ANDE FC-1-50 FLUORO 50#,text/html; charset=iso-8859-1,
https://www.twstackle.com/products/anglers--bk-1-plastic-basket-2498.html,200,Categories - ANGLERS&nbsp;&nbsp;BK-1 Plastic Basket,ANGLERS BK-1 Plastic Basket,text/html; charset=iso-8859-1,
https://www.twstackle.com/products/anglers-013-4-holder-rod-rack-2504.html,200,Categories - ANGLERS 013 4-Holder Rod Rack,ANGLERS 013 4-Holder Rod Rack,text/html; charset=iso-8859-1,
https://www.twstackle.com/products/anglers-020-bucket-holder-2530.html,200,Categories - ANGLERS 020 Bucket Holder,ANGLERS 020 Bucket Holder,text/html; charset=iso-8859-1,
https://www.twstackle.com/products/anglers-044-surf-mate-jr--2529.html,200,Categories - ANGLERS 044 Surf-Mate Jr.,ANGLERS 044 Surf-Mate Jr.,text/html; charset=iso-8859-1,
https://www.twstackle.com/products/anglers-051-6-holder-rod-rack-2503.html,200,Categories - ANGLERS 051 6-Holder Rod Rack,ANGLERS 051 6-Holder Rod Rack,text/html; charset=iso-8859-1,
https://www.twstackle.com/products/anglers-082-cart-caddy-for-2497.html,200,Categories - ANGLERS 082 Cart Caddy for,ANGLERS 082 Cart Caddy for,text/html; charset=iso-8859-1,
https://www.twstackle.com/products/anglers-136-6-holder-w-fold-d-2528.html,200,Categories - ANGLERS 136 6-Holder w/Fold-D,ANGLERS 136 6 HOLDER FOLD-DOWN,text/html; charset=iso-8859-1,
https://www.twstackle.com/products/anglers-143-cart-no-frontwheel--2500.html,200,Categories - ANGLERS 143 Cart(NO frontwheel),ANGLERS 143 FISH-N-MATE SR,text/html; charset=iso-8859-1,
https://www.twstackle.com/products/anglers-167-sandflea-rake-12--2527.html,200,Categories - ANGLERS 167 Sandflea Rake 12&quot;,ANGLERS 167 FLEA RAKE 15&quot;,text/html; charset=iso-8859-1,
https://www.twstackle.com/products/anglers-174---6-hldr-f-d-off-2526.html,200,Categories - ANGLERS 174&nbsp;&nbsp;-6-Hldr F/D Off,ANGLERS 174 OFFSET ADAPTER,text/html; charset=iso-8859-1,
https://www.twstackle.com/products/anglers-181-sandflea-rake-10--2525.html,200,Categories - ANGLERS 181 Sandflea RAKE 10&quot;,ANGLERS 181 FLEA RAKE 10&quot;,text/html; charset=iso-8859-1,
https://www.twstackle.com/products/anglers-204-hitch-adaptor-2524.html,200,Categories - ANGLERS 204 Hitch Adaptor,ANGLERS 204 2&quot; ADAPTER,text/html; charset=iso-8859-1,
https://www.twstackle.com/products/anglers-211-rod-rack-single-2523.html,200,Categories - ANGLERS 211 Rod Rack-Single,ANGLERS 211 Rod Rack-Single,text/html; charset=iso-8859-1,
https://www.twstackle.com/products/anglers-242-economy-sandspi-2522.html,200,Categories - ANGLERS 242 Economy Sandspi,ANGLERS 242 Economy Sandspi,text/html; charset=iso-8859-1,
https://www.twstackle.com/products/anglers-259-cutting-board-2521.html,200,Categories - ANGLERS 259 Cutting Board,ANGLERS 259 Cutting Board,text/html; charset=iso-8859-1,
https://www.twstackle.com/products/anglers-297----4-holder-boat-2519.html,200,Categories - ANGLERS 297 -&nbsp;&nbsp;4-Holder Boat,ANGLERS 297 - 4-Holder Boat,text/html; charset=iso-8859-1,
https://www.twstackle.com/products/anglers-303a-fish-n-mate-jr-poly-2464.html,200,Categories - ANGLERS 303A Fish N Mate Jr/Poly,ANGLERS 303A FISH-N-MATE JR PLY,text/html; charset=iso-8859-1,
https://www.twstackle.com/products/anglers-310-lg-pier-cart-2495.html,200,Categories - ANGLERS 310 Lg Pier Cart,ANGLERS 310 FISH-N-MATE SR PLY,text/html; charset=iso-8859-1,
https://www.twstackle.com/products/anglers-327-hitch-adaptor-2518.html,200,Categories - ANGLERS 327 Hitch Adaptor,ANGLERS 327 Hitch Adaptor,text/html; charset=iso-8859-1,
https://www.twstackle.com/products/anglers-334---sr-poly-wheel-kit-2517.html,200,Categories - ANGLERS 334 - Sr Poly Wheel Kit,ANGLERS 334 - Sr Poly Wheel Kit,text/html; charset=iso-8859-1,
https://www.twstackle.com/products/anglers-341-fishmate-jr-cart-2467.html,200,Categories - ANGLERS 341 Fishmate Jr Cart,# ANGLERS 341 Fishmate Jr Cart,text/html; charset=iso-8859-1,
https://www.twstackle.com/products/anglers-365--3-holder-boat-co-2516.html,200,Categories - ANGLERS 365&nbsp;&nbsp;3-Holder Boat Co,ANGLERS 365 3-Holder Boat Co,text/html; charset=iso-8859-1,
https://www.twstackle.com/products/anglers-396-6-holder-rod-rack-2502.html,200,Categories - ANGLERS 396 6-Holder Rod Rack,ANGLERS 396 6-Holder Rod Rack,text/html; charset=iso-8859-1,
https://www.twstackle.com/products/anglers-426-rod-holder-2515.html,200,Categories - ANGLERS 426 Rod Holder,ANGLERS 426 Rod Holder,text/html; charset=iso-8859-1,
https://www.twstackle.com/products/anglers-457-6-holder-rod-rack-2501.html,200,Categories - ANGLERS 457 6-Holder Rod Rack,ANGLERS 457 6-Holder Rod Rack,text/html; charset=iso-8859-1,
https://www.twstackle.com/products/anglers-464-6-holder-bt-conso-2514.html,200,Categories - ANGLERS 464 6-Holder Bt Conso,ANGLERS 464 6-Holder Bt Conso,text/html; charset=iso-8859-1,
https://www.twstackle.com/products/anglers-525-front-wheel-for-c-2512.html,200,Categories - ANGLERS 525 Front Wheel for C,ANGLERS 525 Front Wheel for C,text/html; charset=iso-8859-1,
https://www.twstackle.com/products/anglers-549-basket-holder-2511.html,200,Categories - ANGLERS 549 Basket Holder,ANGLERS 549 BUCKET RING,text/html; charset=iso-8859-1,
https://www.twstackle.com/products/anglers-563-hitch-adaptor-2510.html,200,Categories - ANGLERS 563 Hitch Adaptor,ANGLERS 563 Hitch Adaptor,text/html; charset=iso-8859-1,
https://www.twstackle.com/products/anglers-594-sand-spike-rack-2509.html,200,Categories - ANGLERS 594 Sand Spike Rack,ANGLERS 594 Sand Spike Rack,text/html; charset=iso-8859-1,
https://www.twstackle.com/products/anglers-600-lil--mate-surf-cart-2470.html,200,Categories - ANGLERS 600 Lil' Mate Surf Cart,ANGLERS 600 Lil,text/html; charset=iso-8859-1,
https://www.twstackle.com/products/anglers-617-15--poly-wheel-tire-2531.html,200,Categories - ANGLERS 617 15&quot; Poly Wheel Tire,ANGLERS 617 15&quot; Poly Wheel Tire,text/html; charset=iso-8859-1,
https://www.twstackle.com/products/anglers-692-surf-mate-rod-coo-2513.html,200,Categories - ANGLERS 692 Surf-Mate Rod Coo,ANGLERS 692 Surf-Mate Rod Coo,text/html; charset=iso-8859-1,
https://www.twstackle.com/products/anglers-709-dlx-kyk-carrier-w-wh-2508.html,200,Categories - ANGLERS 709 Dlx Kyk Carrier w/Wh,ANGLERS 709 Dlx Kyk Carrier w/Wh,text/html; charset=iso-8859-1,
https://www.twstackle.com/products/anglers-723-beach-caddy-cart-2494.html,200,Categories - ANGLERS 723 Beach Caddy Cart,ANGLERS 723 Beach Caddy Cart,text/html; charset=iso-8859-1,
https://www.twstackle.com/products/anglers-761-whls-reels-holder-2507.html,200,Categories - ANGLERS 761 Whls/Reels Holder,# ANGLERS 761 Whls/Reels Holder,text/html; charset=iso-8859-1,
https://www.twstackle.com/products/anglers-792-beach-trolley-cart-2472.html,200,Categories - ANGLERS 792 Beach Trolley Cart,# ANGLERS 792 Beach Trolley Cart,text/html; charset=iso-8859-1,
https://www.twstackle.com/products/anglers-808-fishing-trolley-cart-2471.html,200,Categories - ANGLERS 808 Fishing Trolley Cart,# ANGLERS 808 Fishn Trolley Cart,text/html; charset=iso-8859-1,
https://www.twstackle.com/products/anglers-822-sand-spike-w-cut-brd-2505.html,200,Categories - ANGLERS 822 Sand Spike w/Cut.Brd,ANGLERS 822 Sand Spike w/Cut.Brd,text/html; charset=iso-8859-1,
https://www.twstackle.com/products/anglers-choice-clmp-018-crab%7C769967179234.html,200,Categories - ANGLERS CHOICE CLMP-018 Crab,ANGLERS CHOICE CLMP-018 Crab,text/html; charset=iso-8859-1,
https://www.twstackle.com/products/anglers-choice-crk-6-crabbin-%7C769967080097.html,200,Categories - ANGLERS CHOICE CRK-6 Crabbin',ANGLERS CHOICE CRK-6 Crabbin,text/html; charset=iso-8859-1,
https://www.twstackle.com/products/anglers-choice-fgpk-040-leathe%7C769967001016.html,200,Categories - ANGLERS CHOICE FGPK-040 Leathe,ANGLERS CHOICE FGPK-040 Leathe,text/html; charset=iso-8859-1,
https://www.twstackle.com/products/anglers-choice-fppk-600-fishe%7C769967311214.html,200,Categories - ANGLERS CHOICE FPPK-600 Fishe,ANGLERS CHOICE FPPK-600 Fishe,text/html; charset=iso-8859-1,
https://www.twstackle.com/products/anglers-choice-pktape36-072-tape%7C769967181794.html,200,Categories - ANGLERS CHOICE PKTAPE36-072 Tape,ANGLERS CHOICE PKTAPE36-072 Tape,text/html; charset=iso-8859-1,
https://www.twstackle.com/products/anglers-choice-r6-acfp-forcep%7C769967002518.html,200,Categories - ANGLERS CHOICE R6-ACFP Forcep,ANGLERS CHOICE R6-ACFP Forcep,text/html; charset=iso-8859-1,
https://www.twstackle.com/products/anglers-choice-sdv-001-shrimp%7C769967080158.html,200,Categories - ANGLERS CHOICE SDV-001 Shrimp,ANGLERS CHOICE SDV-001 Shrimp,text/html; charset=iso-8859-1,
https://www.twstackle.com/products/anglers-choice-spb-950-supe%7C769967000606.html,200,Categories - ANGLERS CHOICE SPB-950 Supe,ANGLERS CHOICE SPB-950 Supe,text/html; charset=iso-8859-1,
https://www.twstackle.com/products/anglers-choice-sppk-836-longno%7C769967000644.html,200,Categories - ANGLERS CHOICE SPPK-836 Longno,ANGLERS CHOICE SPPK-836 Longno,text/html; charset=iso-8859-1,
https://www.twstackle.com/products/anglers-choice-tgpk-060-leathe%7C769967001009.html,200,Categories - ANGLERS CHOICE TGPK-060 Leathe,ANGLERS CHOICE TGPK-060 Leathe,text/html; charset=iso-8859-1,
https://www.twstackle.com/products/anglers-choice-tmlp-020-tape-m%7C769967110435.html,200,Categories - ANGLERS CHOICE TMLP-020 Tape M,ANGLERS CHOICE TMLP-020 Tape M,text/html; charset=iso-8859-1,
https://www.twstackle.com/products/avet-exw--avetex-2-spd-reel%7CAVETEX.html,200,Categories - AVET EXW&nbsp;&nbsp;AVETEX 2-Spd Reel,AVET EXW AVETEX 2-Spd Reel,text/html; charset=iso-8859-1,
https://www.twstackle.com/products/avid-ava200-koozie%7CAVA200.html,200,Categories - Avid AVA200 Koozie,Avid AVA200 Koozie,text/html; charset=iso-8859-1,
https://www.twstackle.com/products/b-m-11pk-spear%7C046392111610.html,200,Categories - B&amp;M 11PK Spear,B&amp;M 11PK Spear,text/html; charset=iso-8859-1,
https://www.twstackle.com/products/b-m-3xpk-spear%7C046392316350.html,200,Categories - B&amp;M 3XPK Spear,B&amp;M 3XPK Spear,text/html; charset=iso-8859-1,
https://www.twstackle.com/products/b-m-4pk-spear-9--3-tine%7C046392416401.html,200,Categories - B&amp;M 4PK Spear 9&quot; 3-Tine,B&amp;M 4PK Spear 9&quot; 3-Tine,text/html; charset=iso-8859-1,
https://www.twstackle.com/products/b-m-4xpk-spear%7C046392416456.html,200,Categories - B&amp;M 4XPK Spear,B&amp;M 4XPK Spear,text/html; charset=iso-8859-1,
https://www.twstackle.com/products/b-m-55pk-spear%7C046392551652.html,200,Categories - B&amp;M 55PK Spear,B&amp;M 55PK Spear,text/html; charset=iso-8859-1,
https://www.twstackle.com/products/b-m-bw4rr-blck-widow-13---4pc%7C046392218135.html,200,"Categories - B&amp;M BW4RR Blck Widow 13', 4pc",B&amp;M BW4RR Blck Widow 13,text/html; charset=iso-8859-1,
https://www.twstackle.com/products/b-m-tl102-cane-pole%7C046392201212.html,200,Categories - B&amp;M TL102 Cane Pole,B&amp;M TL102 Cane Pole,text/html; charset=iso-8859-1,
https://www.twstackle.com/products/bajio-br--balesbeach--br-blueglass-2744.html,200,Categories - Bajio BalesBeach BlueGlass,Bajio BalesBeach BlueGlass,text/html; charset=iso-8859-1,
https://www.twstackle.com/products/bajio-br--balesbeach--br-blueglass-2745.html,200,Categories - Bajio BalesBeach BlueGlass,Bajio BalesBeach BlueGlass,text/html; charset=iso-8859-1,
https://www.twstackle.com/products/bajio-br--balesbeach--br-greenglass-2743.html,200,Categories - Bajio BalesBeach GreenGlass,Bajio BalesBeach GreenGlass,text/html; charset=iso-8859-1,
https://www.twstackle.com/products/bajio-br--caballo--br-copperpc-2539.html,200,Categories - Bajio Caballo CopperPC,Bajio Caballo CopperPC,text/html; charset=iso-8859-1,
https://www.twstackle.com/products/bajio-br--calda--br-bluepc-2542.html,200,Categories - Bajio Calda BluePC,Bajio Calda BluePC,text/html; charset=iso-8859-1,
https://www.twstackle.com/products/bajio-br--calda--br-graypc-2541.html,200,Categories - Bajio Calda GrayPC,Bajio Calda GrayPC,text/html; charset=iso-8859-1,
https://www.twstackle.com/products/bajio-br--cometa--br-copperpc-2551.html,200,Categories - Bajio Cometa CopperPC,Bajio Cometa CopperPC,text/html; charset=iso-8859-1,
https://www.twstackle.com/products/bajio-br--cometa--br-rosemirrorpc-2550.html,200,Categories - Bajio Cometa RoseMirrorPC,Bajio Cometa RoseMirrorPC,text/html; charset=iso-8859-1,
https://www.twstackle.com/products/bajio-br--las-rocas--br-blueglass-2581.html,200,Categories - Bajio Las Rocas BlueGlass,Bajio Las Rocas BlueGlass,text/html; charset=iso-8859-1,
https://www.twstackle.com/products/bajio-br--las-rocas--br-bluepc%7C810070829223.html,200,Categories - Bajio Las Rocas BluePC,Bajio Las Rocas BluePC,text/html; charset=iso-8859-1,
https://www.twstackle.com/products/bajio-br--las-rocas--br-greenpc-2582.html,200,Categories - Bajio Las Rocas GreenPC,Bajio Las Rocas GreenPC,text/html; charset=iso-8859-1,
https://www.twstackle.com/products/bajio-br--nato--br-blueglass-2558.html,200,Categories - Bajio Nato BlueGlass,Bajio Nato BlueGlass,text/html; charset=iso-8859-1,
https://www.twstackle.com/products/bajio-br--nato--br-copperpc-2557.html,200,Categories - Bajio Nato CopperPC,Bajio Nato CopperPC,text/html; charset=iso-8859-1,
https://www.twstackle.com/products/bajio-br--nato--br-greenglass-2556.html,200,Categories - Bajio Nato GreenGlass,Bajio Nato GreenGlass,text/html; charset=iso-8859-1,
https://www.twstackle.com/products/bajio-br--nippers--br-blueglass-2563.html,200,Categories - Bajio Nippers BlueGlass,Bajio Nippers BlueGlass,text/html; charset=iso-8859-1,
https://www.twstackle.com/products/bajio-br--nippers--br-greenglass-2565.html,200,Categories - Bajio Nippers GreenGlass,Bajio Nippers GreenGlass,text/html; charset=iso-8859-1,
https://www.twstackle.com/products/bajio-br--nippers--br-silverglass-2566.html,200,Categories - Bajio Nippers SilverGlass,Bajio Nippers SilverGlass,text/html; charset=iso-8859-1,
https://www.twstackle.com/products/bajio-br--piedra--br-blueglass-2577.html,200,Categories - Bajio Piedra BlueGlass,Bajio Piedra BlueGlass,text/html; charset=iso-8859-1,
https://www.twstackle.com/products/bajio-br--piedra--br-grayglass-2576.html,200,Categories - Bajio Piedra GrayGlass,Bajio Piedra GrayGlass,text/html; charset=iso-8859-1,
https://www.twstackle.com/products/bajio-br--piedra--br-greenglass-2573.html,200,Categories - Bajio Piedra GreenGlass,Bajio Piedra GreenGlass,text/html; charset=iso-8859-1,
https://www.twstackle.com/products/bajio-br--piedra--br-rosemirrorglass-2578.html,200,Categories - Bajio Piedra RoseMirrorGlass,Bajio Piedra RoseMirrorGlass,text/html; charset=iso-8859-1,
https://www.twstackle.com/products/bajio-br--piedra--br-violetmirrorpc-2574.html,200,Categories - Bajio Piedra VioletMirrorPC,Bajio Piedra VioletMirrorPC,text/html; charset=iso-8859-1,
https://www.twstackle.com/products/bajio-br--soldado--br-rosemirrorpc-2586.html,200,Categories - Bajio Soldado RoseMirrorPC,Bajio Soldado RoseMirrorPC,text/html; charset=iso-8859-1,
https://www.twstackle.com/products/bajio-br--vega--br-blueglass-2590.html,200,Categories - Bajio Vega BlueGlass,Bajio Vega BlueGlass,text/html; charset=iso-8859-1,
https://www.twstackle.com/products/bajio-br--vega--br-copperglass-2593.html,200,Categories - Bajio Vega CopperGlass,Bajio Vega CopperGlass,text/html; charset=iso-8859-1,
https://www.twstackle.com/products/bajio-br--vega--br-grayglass-2594.html,200,Categories - Bajio Vega GrayGlass,Bajio Vega GrayGlass,text/html; charset=iso-8859-1,
https://www.twstackle.com/products/bajio-br--vega--br-greenglass-2591.html,200,Categories - Bajio Vega GreenGlass,Bajio Vega GreenGlass,text/html; charset=iso-8859-1,
https://www.twstackle.com/products/bajio-br--vega--br-violetmirrorpc-2592.html,200,Categories - Bajio Vega VioletMirrorPC,Bajio Vega VioletMirrorPC,text/html; charset=iso-8859-1,
https://www.twstackle.com/products/baker-bfc-cut-brd-combo%7C044434060223.html,200,Categories - BAKER BFC Cut.Brd Combo,BAKER BFC Cut.Brd Combo,text/html; charset=iso-8859-1,
https://www.twstackle.com/products/baker-h6z-hookout-shorty%7C044434001509.html,200,Categories - BAKER H6Z Hookout Shorty,BAKER H6Z Hookout Shorty,text/html; charset=iso-8859-1,
https://www.twstackle.com/products/baker-h9z-hookout%7C044434001004.html,200,Categories - BAKER H9Z Hookout,BAKER H9Z Hookout,text/html; charset=iso-8859-1,
https://www.twstackle.com/products/ballistol-120069-6oz-mp-oil%7C760858120069.html,200,Categories - BALLISTOL 120069 6OZ MP OIL,BALLISTOL 120069 6OZ MP OIL,text/html; charset=iso-8859-1,
https://www.twstackle.com/products/ballistol-oil-wipes-box-of-10%7C760858120106.html,200,Categories - BALLISTOL OIL WIPES BOX OF 10,BALLISTOL OIL WIPES BOX OF 10,text/html; charset=iso-8859-1,
https://www.twstackle.com/products/banded-81005-strap-decoy-wght%7C700905810055.html,200,Categories - BANDED 81005 Strap Decoy Wght,BANDED 81005 Strap Decoy Wght,text/html; charset=iso-8859-1,
https://www.twstackle.com/products/banded-81024-grabber-decoywght%7C700905810246.html,200,Categories - BANDED 81024 Grabber DecoyWght,BANDED 81024 Grabber DecoyWght,text/html; charset=iso-8859-1,
https://www.twstackle.com/products/banded-81028-grbr-decoy-weights%7C700905810284.html,200,Categories - BANDED 81028 Grbr Decoy Weights,BANDED 81028 Grbr Decoy Weights,text/html; charset=iso-8859-1,
https://www.twstackle.com/products/banded-90318-18--decoy-retriever%7C700905903184.html,200,Categories - BANDED 90318 18' Decoy Retriever,BANDED 90318 18,text/html; charset=iso-8859-1,
https://www.twstackle.com/products/bayou-classic-2212-10-qt-aluminum-fish-cooker-kit%7C050904022127.html,200,Categories - Bayou Classic 2212 10-qt Aluminum Fish Cooker Kit,Bayou Classic 2212 10-qt Aluminum Fish Cooker Kit,text/html; charset=iso-8859-1,
https://www.twstackle.com/products/bayou-classic-b178-cast-iron-camper-s-discada-kit%7C050904016201.html,200,Categories - Bayou Classic B178 Cast Iron Camper's Discada Kit,Bayou Classic B178 Cast Iron Camper,text/html; charset=iso-8859-1,
https://www.twstackle.com/products/bear-paw-pbs-pocket-stone%7C022154730008.html,200,Categories - BEAR PAW PBS Pocket Stone,BEAR PAW PBS Pocket Stone,text/html; charset=iso-8859-1,
https://www.twstackle.com/products/bear-paw-swbs-hook-sharpener%7C022154750006.html,200,Categories - BEAR PAW SWBS Hook Sharpener,BEAR PAW SWBS Hook Sharpener,text/html; charset=iso-8859-1,
https://www.twstackle.com/products/beckman-bn1720p-32-17x20-net%7C015789049935.html,200,Categories - BECKMAN BN1720P-32 17x20 Net,BECKMAN BN1720P-32 17x20 Net,text/html; charset=iso-8859-1,
https://www.twstackle.com/products/berkley-amp-spinning-rod%7CBSAMP.html,200,Categories - Berkley AMP Spinning Rod,Berkley AMP Spinning Rod,text/html; charset=iso-8859-1,
https://www.twstackle.com/products/berkley-bglgds-bg-lip-grip-w-d%7C028632150870.html,200,Categories - BERKLEY BGLGDS BG LIP GRIP W/D,With the Berkley&amp;reg; Big Game Lip Grip-Digital Scale you can quickly secure and weight your catch without injuring the fish. Corrosion resistant stainless steel bodyPositive locking jaw action holds catch until you release itComfort handle provides a nonslip gripGood for both fresh and saltwater useBuilt-in digital scale,text/html; charset=iso-8859-1,
https://www.twstackle.com/products/berkley-brh-boat-rod-holder%7C028632040911.html,200,Categories - BERKLEY BRH Boat Rod Holder,"With Berkley&amp;reg;, everyday anglers will get it all; performance, value, and reliability to make fishing more enjoyable. Fully adjustable with mounting bracketSecurely holds all types of rodsTough polypropylene constructionMounts on the side or top of gunnelComes in black",text/html; charset=iso-8859-1,
https://www.twstackle.com/products/berkley-btdfs50-1-fish-scale%7C028632998007.html,200,Categories - BERKLEY BTDFS50-1 Fish Scale,With the Berkley&amp;reg; Digital Fish Scale angles can get precise measurements quickly and can store weight in memory. The Auto-Save function automatically stores weight into memory.Water resistant construction with ergonomic body design for comfort while weighing fishStores and averages up to 10 weights in memory with auto-save functionDisplay in lbs/oz or kg,text/html; charset=iso-8859-1,
https://www.twstackle.com/products/berkley-fsn19buck3-wh-fusionbktl%7C028632291597.html,200,Categories - BERKLEY FSN19BUCK3-WH FusionBkTl,"Designed to pair perfectly with Berkley&amp;reg; Gulp!&amp;reg;, the Fusion19&amp;trade; Bucktail jig features quality components that are ideal for fishing with your favorite soft plastic. The sharp, corrosion-resistant Fusion19&amp;trade; hook penetrates the hardest mouths and stays sharp. A double line tie provides the versatility for jigging techniques or cast and retrieve techniques with one",text/html; charset=iso-8859-1,
https://www.twstackle.com/products/berkley-gccl-gulp-catfish-chun%7C028632186992.html,200,Categories - BERKLEY GCCL Gulp Catfish Chun,The extreme scent dispersion of Gulp! expands the strike zone allowing you to catch more fish! Berkley Gulp! truly is the next generation in soft bait! Great replacement for natural liversExpand your strike zone with Gulp! scent dispersionLoaded with scent and flavor developed by top fish scientistsDurable enough to stay on the hook for long periods of time,text/html; charset=iso-8859-1,
https://www.twstackle.com/products/berkley-gebw-bli-gulp-saltwat%7C028632193549.html,200,Categories - BERKLEY GEBW-BLI Gulp Saltwat,The extreme scent dispersion of Gulp! expands the strike zone allowing you to catch more fish! Berkley Gulp! truly is the next generation in soft bait!No two alike - just like liveGreat replacement for live bloodworms!Features Gulp! extreme scent dispersionDurable and long lasting,text/html; charset=iso-8859-1,
https://www.twstackle.com/products/berkley-gebw-by-gulp-bldwrm%7C028632193532.html,200,Categories - BERKLEY GEBW-BY-Gulp Bldwrm,The extreme scent dispersion of Gulp! expands the strike zone allowing you to catch more fish! Berkley Gulp! truly is the next generation in soft bait!No two alike - just like liveGreat replacement for live bloodworms!Features Gulp! extreme scent dispersionDurable and long lasting,text/html; charset=iso-8859-1,
https://www.twstackle.com/products/berkley-gsp8-cb-gulp-spray%7C028632221792.html,200,Categories - BERKLEY GSP8-CB GULP SPRAY,"Gulp! Alive! Attractants are available in many popular prey scents and flavors. Simply spray any bait to make it taste and smell like live bait. Fish attractant makes any bait taste and smell alive with popular prey scents and flavorsEasy to apply trigger spray bottle shoots stream or sprayWorks great with soft bait, hard bait, or live bait",text/html; charset=iso-8859-1,
https://www.twstackle.com/products/berkley-gsp8-shp-gulp-spray%7C028632221815.html,200,Categories - BERKLEY GSP8-SHP GULP SPRAY,"Gulp! Alive! Attractants are available in many popular prey scents and flavors. Simply spray any bait to make it taste and smell like live bait. Fish attractant makes any bait taste and smell alive with popular prey scents and flavorsEasy to apply trigger spray bottle shoots stream or sprayWorks great with soft bait, hard bait, or live bait",text/html; charset=iso-8859-1,
https://www.twstackle.com/products/berkley-pbccd-cb-powerbait-6oz%7C028632675441.html,200,Categories - BERKLEY PBCCD-CB PowerBait 6oz,Berkley PowerBait makes novice anglers good and good anglers great! Berkley scientists have spent over 25 years perfecting an irresistible scent and flavor - the exclusive PowerBait formula. With this exclusive scent and flavor formulation you have the Berkley guarantee this punch bait will Catch More Fish!Preformed for quick and easy rigging,text/html; charset=iso-8859-1,
https://www.twstackle.com/products/berkley-pbccd-clvr-powerbait-6oz%7C028632675465.html,200,Categories - BERKLEY PBCCD-CLVR PowerBait 6oz,Berkley PowerBait makes novice anglers good and good anglers great! Berkley scientists have spent over 25 years perfecting an irresistible scent and flavor - the exclusive PowerBait formula. With this exclusive scent and flavor formulation you have the Berkley guarantee this punch bait will Catch More Fish!Preformed for quick and easy rigging,text/html; charset=iso-8859-1,
https://www.twstackle.com/products/berkley-pbccd-lvrb-powerbait-6%7C028632675458.html,200,Categories - BERKLEY PBCCD-LVRB PowerBait 6,Berkley PowerBait makes novice anglers good and good anglers great! Berkley scientists have spent over 25 years perfecting an irresistible scent and flavor - the exclusive PowerBait formula. With this exclusive scent and flavor formulation you have the Berkley guarantee this punch bait will Catch More Fish!Preformed for quick and easy rigging,text/html; charset=iso-8859-1,
https://www.twstackle.com/products/berkley-psc1b10-80-prospec-mono%7C028632950982.html,200,Categories - BERKLEY PSC1B10-80 ProSpec Mono,"Berkley&amp;reg; ProSpec&amp;reg; Chrome is the result of nearly three years of product and field testing with professional Captains and Guides. This high-tensile strength, co-polymer monofilament is specifically engineered to be highly abrasion resistant -- for all situations which demand added durability.PROFESSIONAL GRADE, ABRASION RESISTANT, PREMIUM SALTWATER MONOFILAMENTExcellent abrasion res",text/html; charset=iso-8859-1,
https://www.twstackle.com/products/berkley-psc1b12-80-prospec-mono%7C028632952153.html,200,Categories - BERKLEY PSC1B12-80 ProSpec Mono,"Berkley&amp;reg; ProSpec&amp;reg; Chrome is the result of nearly three years of product and field testing with professional Captains and Guides. This high-tensile strength, co-polymer monofilament is specifically engineered to be highly abrasion resistant -- for all situations which demand added durability.PROFESSIONAL GRADE, ABRASION RESISTANT, PREMIUM SALTWATER MONOFILAMENTExcellent abrasion res",text/html; charset=iso-8859-1,
https://www.twstackle.com/products/berkley-tr1w-tube-rod-rack-wh%7C028632028896.html,200,Categories - BERKLEY TR1W TUBE ROD RACK WH,"With Berkley&amp;reg;, everyday anglers will get it all; performance, value, and reliability to make fishing more enjoyable.Stores 3 rods or combos neatly and securelyCorrosion proofEasily attaches to wallDurable and lightweight",text/html; charset=iso-8859-1,
https://www.twstackle.com/products/berkley-trilene-big-game-monofilament-line%7CBERBGQS.html,200,Categories - Berkley Trilene Big Game Monofilament Line,Berkley Trilene Big Game Monofilament Line,text/html; charset=iso-8859-1,
https://www.twstackle.com/products/berkley-vnfs4-15-vanish4--clr%7C028632701935.html,200,Categories - BERKLEY VNFS4-15 Vanish4 -Clr,"Easy-casting Berkley Vanish has become a popular mainline fluorocarbon in the U.S. and Canada. We have been continuously improving the Vanish formula since it was introduced 15 years ago, to ensure your satisfaction. One of the great values in 100% fluorocarbon line! THE EASY CASTING FLUOROCARBONThe best Vanish&amp;reg; formula everRemains clear under water - 100% fluorocarbon refracts light sim",text/html; charset=iso-8859-1,
https://www.twstackle.com/products/betts-10pm-old-salt-mono-cast%7C042621111758.html,200,Categories - BETTS 10PM Old Salt Mono Cast,BETTS 10PM Old Salt Mono Cast,text/html; charset=iso-8859-1,
https://www.twstackle.com/products/betts-10sm-pro-mono-cast-net%7C042621110348.html,200,Categories - BETTS 10SM Pro Mono Cast Net,BETTS 10SM Pro Mono Cast Net,text/html; charset=iso-8859-1,
https://www.twstackle.com/products/betts-15b-10-blue-mono-cast-net%7C042621110119.html,200,Categories - BETTS 15B-10 Blue Mono Cast Net,BETTS 15B-10 Blue Mono Cast Net,text/html; charset=iso-8859-1,
https://www.twstackle.com/products/betts-16-6-et-mono-cast-net%7C042621111147.html,200,Categories - BETTS 16-6 ET Mono Cast Net,BETTS 16-6 ET Mono Cast Net,text/html; charset=iso-8859-1,
https://www.twstackle.com/products/betts-16-8-et-mono-cast-net%7C042621111161.html,200,Categories - BETTS 16-8 ET Mono Cast Net,BETTS 16-8 ET Mono Cast Net,text/html; charset=iso-8859-1,
https://www.twstackle.com/products/betts-19-12-pro-mono-cast-net%7C042621110782.html,200,Categories - BETTS 19-12 Pro Mono Cast Net,BETTS 19-12 Pro Mono Cast Net,text/html; charset=iso-8859-1,
https://www.twstackle.com/products/betts-28-10-mono-cast-net--8%7C042621113431.html,200,"Categories - BETTS 28-10 MONO CAST NET, 8","BETTS 28-10 MONO CAST NET, 8",text/html; charset=iso-8859-1,
https://www.twstackle.com/products/betts-35hmpb-hi-tider-mono-cast%7C042621113905.html,200,Categories - BETTS 35HMPB Hi Tider Mono Cast,BETTS 35HMPB Hi Tider Mono Cast,text/html; charset=iso-8859-1,
https://www.twstackle.com/products/betts-3hmpb-hi-tider-mono-cast%7C042621113899.html,200,Categories - BETTS 3HMPB Hi Tider Mono Cast,BETTS 3HMPB Hi Tider Mono Cast,text/html; charset=iso-8859-1,
https://www.twstackle.com/products/betts-41-8-mono-cast-net--8%7C042621113523.html,200,"Categories - BETTS 41-8 MONO CAST NET, 8","BETTS 41-8 MONO CAST NET, 8",text/html; charset=iso-8859-1,
https://www.twstackle.com/products/betts-4hmpb-hi-tider-mono-cast%7C042621113912.html,200,Categories - BETTS 4HMPB Hi Tider Mono Cast,BETTS 4HMPB Hi Tider Mono Cast,text/html; charset=iso-8859-1,
https://www.twstackle.com/products/betts-5hmpb-hi-tider-cast-net%7C042621113936.html,200,Categories - BETTS 5HMPB Hi Tider Cast Net,BETTS 5HMPB Hi Tider Cast Net,text/html; charset=iso-8859-1,
https://www.twstackle.com/products/betts-6hmpb-hi-tider-mono-cast%7C042621113943.html,200,Categories - BETTS 6HMPB Hi Tider Mono Cast,BETTS 6HMPB Hi Tider Mono Cast,text/html; charset=iso-8859-1,
https://www.twstackle.com/products/betts-6pm-monocast-net%7C042621111680.html,200,Categories - BETTS 6PM MonoCast Net,BETTS 6PM MonoCast Net,text/html; charset=iso-8859-1,
https://www.twstackle.com/products/betts-7pm-dh-dphole-monocast-net%7C042621112908.html,200,Categories - BETTS 7PM-DH DpHole MonoCast Net,BETTS 7PM-DH DpHole MonoCast Net,text/html; charset=iso-8859-1,
https://www.twstackle.com/products/betts-7pm-monocast-net%7C042621111703.html,200,Categories - BETTS 7PM MonoCast Net,BETTS 7PM MonoCast Net,text/html; charset=iso-8859-1,
https://www.twstackle.com/products/betts-8hmpb-hi-tider-mono-cast%7C042621113967.html,200,Categories - BETTS 8HMPB Hi Tider Mono Cast,BETTS 8HMPB Hi Tider Mono Cast,text/html; charset=iso-8859-1,
https://www.twstackle.com/products/betts-8pm-old-salt-mono-cast-n%7C042621111727.html,200,Categories - BETTS 8PM Old Salt Mono Cast N,BETTS 8PM Old Salt Mono Cast N,text/html; charset=iso-8859-1,
https://www.twstackle.com/products/betts-8sm-mono-cast-net%7C042621110300.html,200,Categories - BETTS 8SM Mono Cast Net,BETTS 8SM Mono Cast Net,text/html; charset=iso-8859-1,
https://www.twstackle.com/products/betts-ch3-betts-buddy-cast%7C042621110294.html,200,Categories - BETTS CH3 Betts Buddy Cast,BETTS CH3 Betts Buddy Cast,text/html; charset=iso-8859-1,
https://www.twstackle.com/products/betts-ch35-i-ez-throw-net%7C042621113127.html,200,Categories - BETTS CH35-I-EZ Throw Net,BETTS CH35-I-EZ Throw Net,text/html; charset=iso-8859-1,
https://www.twstackle.com/products/betts-ch6-i-betts-buddy-cast-net%7C042621112854.html,200,Categories - BETTS CH6-I Betts Buddy Cast Net,BETTS CH6-I Betts Buddy Cast Net,text/html; charset=iso-8859-1,
https://www.twstackle.com/products/betts-cm3-i-tyzac-mono-cast%7C042621112526.html,200,Categories - BETTS CM3-I Tyzac Mono Cast,BETTS CM3-I Tyzac Mono Cast,text/html; charset=iso-8859-1,
https://www.twstackle.com/products/betts-cm4-i-tyzac-mono-cast%7C042621112540.html,200,Categories - BETTS CM4-I Tyzac Mono Cast,BETTS CM4-I Tyzac Mono Cast,text/html; charset=iso-8859-1,
https://www.twstackle.com/products/betts-cm5-i-tyzac-mono-cast%7C042621112557.html,200,Categories - BETTS CM5-I Tyzac Mono Cast,BETTS CM5-I Tyzac Mono Cast,text/html; charset=iso-8859-1,
https://www.twstackle.com/products/betts-cm6-i-tyzac-mono-cast%7C042621112564.html,200,Categories - BETTS CM6-I Tyzac Mono Cast,BETTS CM6-I Tyzac Mono Cast,text/html; charset=iso-8859-1,
https://www.twstackle.com/products/betts-cm7-i-tyzac-mono-cast%7C042621112571.html,200,Categories - BETTS CM7-I Tyzac Mono Cast,BETTS CM7-I Tyzac Mono Cast,text/html; charset=iso-8859-1,
https://www.twstackle.com/products/betts-cm8-i-tyzac-mono-cast%7C042621112588.html,200,Categories - BETTS CM8-I Tyzac Mono Cast,BETTS CM8-I Tyzac Mono Cast,text/html; charset=iso-8859-1,
https://www.twstackle.com/products/betts-fkd-30-billy-bay-flltknife%7C042621010242.html,200,Categories - BETTS FKD-30 BILLY BAY FlltKnife,BETTS FKD-30 BILLY BAY FlltKnife,text/html; charset=iso-8859-1,
https://www.twstackle.com/products/betts-fkd4-30-billybay-hv-4-knif%7C042621010808.html,200,Categories - BETTS FKD4-30 BillyBay HV 4&quot;Knif,BETTS FKD4-30 BillyBay HV 4&quot;Knif,text/html; charset=iso-8859-1,
https://www.twstackle.com/products/betts-fkd9-billybay-hv-9-knif%7C042621010815.html,200,Categories - BETTS FKD9 BillyBay HV 9&quot;Knif,BETTS FKD9 BillyBay HV 9&quot;Knif,text/html; charset=iso-8859-1,
https://www.twstackle.com/products/billfisher-1450-bw-ss-rig-wire%7C096337020040.html,200,Categories - BILLFISHER 1450-BW SS Rig Wire,BILLFISHER 1450-BW SS Rig Wire,text/html; charset=iso-8859-1,
https://www.twstackle.com/products/billfisher-950-bw-cop-rig-wire%7C096337102623.html,200,Categories - BILLFISHER 950-BW Cop Rig Wire,BILLFISHER 950-BW Cop Rig Wire,text/html; charset=iso-8859-1,
https://www.twstackle.com/products/billfisher-bfrt-release-knife%7C096337036058.html,200,Categories - BILLFISHER BFRT Release Knife,BILLFISHER BFRT Release Knife,text/html; charset=iso-8859-1,
https://www.twstackle.com/products/billfisher-cn-10-crimper%7C096337001407.html,200,Categories - BILLFISHER CN-10 Crimper,BILLFISHER CN-10 Crimper,text/html; charset=iso-8859-1,
https://www.twstackle.com/products/billfisher-ecn10-hand-crimper%7C096337035631.html,200,Categories - BILLFISHER ECN10 Hand Crimper,BILLFISHER ECN10 Hand Crimper,text/html; charset=iso-8859-1,
https://www.twstackle.com/products/billfisher-hd800-deluxe-crimpe%7C096337020316.html,200,Categories - BILLFISHER HD800 Deluxe Crimpe,BILLFISHER HD800 Deluxe Crimpe,text/html; charset=iso-8859-1,
https://www.twstackle.com/products/billfisher-ogb-20-glow-bead%7C096337016722.html,200,Categories - BILLFISHER OGB-20 Glow Bead,BILLFISHER OGB-20 Glow Bead,text/html; charset=iso-8859-1,
https://www.twstackle.com/products/billfisher-ssrs-rigging-spring%7C096337000011.html,200,Categories - BILLFISHER SSRS Rigging Spring,BILLFISHER SSRS Rigging Spring,text/html; charset=iso-8859-1,
https://www.twstackle.com/products/bionic-bait-840-bb3-bionic-brine%7C896610000154.html,200,Categories - BIONIC BAIT 840 BB3 BIONIC BRINE,BIONIC BAIT 840 BB3 BIONIC BRINE,text/html; charset=iso-8859-1,
https://www.twstackle.com/products/black-marine-hr311-hook-rig-ho%7C017702003116.html,200,Categories - BLACK MARINE HR311 Hook/Rig Ho,BLACK MARINE HR311 Hook/Rig Ho,text/html; charset=iso-8859-1,
https://www.twstackle.com/products/black-marine-rc100-outrigger-r%7C017702001006.html,200,Categories - BLACK MARINE RC100 Outrigger R,BLACK MARINE RC100 Outrigger R,text/html; charset=iso-8859-1,
https://www.twstackle.com/products/black-marine-rc60-kite-release%7C017702000603.html,200,Categories - BLACK MARINE RC60 Kite Release,BLACK MARINE RC60 Kite Release,text/html; charset=iso-8859-1,
https://www.twstackle.com/products/black-marine-rc70-kite-releas%7C017702000702.html,200,Categories - BLACK MARINE RC70 Kite Releas,BLACK MARINE RC70 Kite Releas,text/html; charset=iso-8859-1,
https://www.twstackle.com/products/black-marine-rc95-downrigger%7C017702000955.html,200,Categories - BLACK MARINE RC95 Downrigger,BLACK MARINE RC95 Downrigger,text/html; charset=iso-8859-1,
https://www.twstackle.com/products/black-marine-rc99-downrigger-k%7C017702000993.html,200,Categories - BLACK MARINE RC99 Downrigger/K,BLACK MARINE RC99 Downrigger/K,text/html; charset=iso-8859-1,
https://www.twstackle.com/products/blackfox-01fx488-the-kravi-green-g10-pocket-knife%7C788857703182.html,200,Categories - BlackFox 01FX488 The Kravi Green G10 Pocket Knife,BlackFox 01FX488 The Kravi Green G10 Pocket Knife,text/html; charset=iso-8859-1,
https://www.twstackle.com/products/blackfox-01fx815-reloaded-gray-pocket-knife%7C788857721933.html,200,Categories - BlackFox 01FX815 Reloaded Gray Pocket Knife,BlackFox 01FX815 Reloaded Gray Pocket Knife,text/html; charset=iso-8859-1,
https://www.twstackle.com/products/blackfox-bf-200-multi-tool%7C788857039410.html,200,Categories - BlackFox BF-200 Multi Tool,BlackFox BF-200 Multi Tool,text/html; charset=iso-8859-1,
https://www.twstackle.com/products/blacktiph--br-hammerhead-plushie-br--16-%7C713239529258.html,200,Categories - BlacktipH Hammerhead Plushie 16&quot;,"The Hammerhead Shark is a signature series from BlacktipH, it features and extra plush fabric that is soft to the touch and has precise high quality design details and vibrant colors that are to be appreciated by all ages.",text/html; charset=iso-8859-1,
https://www.twstackle.com/products/blacktiph-br-grouper-plushie-br--16-%7C713239529234.html,200,Categories - BlacktipHGrouper Plushie 16&quot;,"The Grouper is a signature series from BlacktipH, it features and extra plush fabric that is soft to the touch and has precise high quality design details and vibrant colors that are to be appreciated by all ages.",text/html; charset=iso-8859-1,
https://www.twstackle.com/products/blacktiph-br-mahi-plushie-br-16-%7C713239529265.html,200,Categories - BlacktipHMahi Plushie16&quot;,"The Mahi is a signature series from BlacktipH, it features and extra plush fabric that is soft to the touch and has precise high quality design details and vibrant colors that are to be appreciated by all ages.",text/html; charset=iso-8859-1,
https://www.twstackle.com/products/blacktiph-br-reef-shark-plushie-br--16-%7C713239529241.html,200,Categories - BlacktipHReef Shark Plushie 16&quot;,"The Blacktip Shark is a signature series from BlacktipH, it features and extra plush fabric that is soft to the touch and has precise high quality design details and vibrant colors that are to be appreciated by all ages.",text/html; charset=iso-8859-1,
https://www.twstackle.com/products/blue-water-candy-000582-chumbag%7C091533000582.html,200,Categories - BLUE WATER CANDY 000582 ChumBag,BLUE WATER CANDY 000582 ChumBag,text/html; charset=iso-8859-1,
https://www.twstackle.com/products/blue-water-candy-000704-b-rigs%7C091533000704.html,200,Categories - BLUE WATER CANDY 000704 B.RIGS,BLUE WATER CANDY 000704 B.RIGS,text/html; charset=iso-8859-1,
https://www.twstackle.com/products/blue-water-candy-000803-b-rigs%7C091533000803.html,200,Categories - BLUE WATER CANDY 000803 B.RIGS,BLUE WATER CANDY 000803 B.RIGS,text/html; charset=iso-8859-1,
https://www.twstackle.com/products/blue-water-candy-035188-thingama%7C091533035188.html,200,Categories - BLUE WATER CANDY 035188 Thingama,BLUE WATER CANDY 035188 Thingama,text/html; charset=iso-8859-1,
https://www.twstackle.com/products/blue-water-candy-035195-thingama%7C091533035195.html,200,Categories - BLUE WATER CANDY 035195 Thingama,BLUE WATER CANDY 035195 Thingama,text/html; charset=iso-8859-1,
https://www.twstackle.com/products/blue-water-candy-035201-thingama%7C091533035201.html,200,Categories - BLUE WATER CANDY 035201 Thingama,BLUE WATER CANDY 035201 Thingama,text/html; charset=iso-8859-1,
https://www.twstackle.com/products/blue-water-candy-035218-thingama%7C091533035218.html,200,Categories - BLUE WATER CANDY 035218 Thingama,BLUE WATER CANDY 035218 Thingama,text/html; charset=iso-8859-1,
https://www.twstackle.com/products/blue-water-candy-200012-hair%7C091533200012.html,200,Categories - BLUE WATER CANDY 200012 HAIR,BLUE WATER CANDY 200012 HAIR,text/html; charset=iso-8859-1,
https://www.twstackle.com/products/blue-water-candy-200029-hair%7C091533200029.html,200,Categories - BLUE WATER CANDY 200029 HAIR,BLUE WATER CANDY 200029 HAIR,text/html; charset=iso-8859-1,
https://www.twstackle.com/products/blue-water-candy-200036-hair%7C091533200036.html,200,Categories - BLUE WATER CANDY 200036 HAIR,BLUE WATER CANDY 200036 HAIR,text/html; charset=iso-8859-1,
https://www.twstackle.com/products/blue-water-candy-200043-hair%7C091533200043.html,200,Categories - BLUE WATER CANDY 200043 HAIR,BLUE WATER CANDY 200043 HAIR,text/html; charset=iso-8859-1,
https://www.twstackle.com/products/blue-water-candy-200067-hair%7C091533200067.html,200,Categories - BLUE WATER CANDY 200067 HAIR,BLUE WATER CANDY 200067 HAIR,text/html; charset=iso-8859-1,
https://www.twstackle.com/products/blue-water-candy-200142-hair%7C091533200142.html,200,Categories - BLUE WATER CANDY 200142 HAIR,BLUE WATER CANDY 200142 HAIR,text/html; charset=iso-8859-1,
https://www.twstackle.com/products/blue-water-candy-97012-rubber%7C091533970120.html,200,Categories - BLUE WATER CANDY 97012 Rubber,BLUE WATER CANDY 97012 Rubber,text/html; charset=iso-8859-1,
https://www.twstackle.com/products/blue-water-candy-981645-bridle%7C091533981645.html,200,Categories - BLUE WATER CANDY 981645 Bridle,BLUE WATER CANDY 981645 Bridle,text/html; charset=iso-8859-1,
https://www.twstackle.com/products/boken-salingen-01mb135-classic-hunter-slim-pocket-knife%7C788857756898.html,200,Categories - Boken Salingen 01MB135 Classic Hunter Slim Pocket Knife,Boken Salingen 01MB135 Classic Hunter Slim Pocket Knife,text/html; charset=iso-8859-1,
https://www.twstackle.com/products/boker-01bo845-tech-tool-zebrawood-2-pocket-knife%7C788857733127.html,200,Categories - Boker 01BO845 Tech Tool Zebrawood 2 Pocket Knife,Boker 01BO845 Tech Tool Zebrawood 2 Pocket Knife,text/html; charset=iso-8859-1,
https://www.twstackle.com/products/boker-salingen-01bo632-wasabi-cf-pocket-knife%7C788857049587.html,200,Categories - Boker Salingen 01BO632 Wasabi CF Pocket Knife,Boker Salingen 01BO632 Wasabi CF Pocket Knife,text/html; charset=iso-8859-1,
https://www.twstackle.com/products/boker-salingen-01bo815-tech-tool-1-micarta-premium-pocket-knife%7C788857760123.html,200,Categories - Boker Salingen 01BO815 Tech Tool 1 Micarta Premium Pocket Knife,Boker Salingen 01BO815 Tech Tool 1 Micarta Premium Pocket Knife,text/html; charset=iso-8859-1,
https://www.twstackle.com/products/boker-salingen-01ry324-eternal-classic-thumb-pocket-knife%7C788857058503.html,200,Categories - Boker Salingen 01RY324 Eternal Classic Thumb Pocket Knife,Boker Salingen 01RY324 Eternal Classic Thumb Pocket Knife,text/html; charset=iso-8859-1,
https://www.twstackle.com/products/boker-salingen-02ba325hh-dano-stag-fixed-blade-knife%7C788857034392.html,200,Categories - Boker Salingen 02BA325HH Dano Stag Fixed Blade Knife,Boker Salingen 02BA325HH Dano Stag Fixed Blade Knife,text/html; charset=iso-8859-1,
https://www.twstackle.com/products/boker-salingen-02bo515-stag-cross-draw-fixed-blade-knife%7C788857030806.html,200,Categories - Boker Salingen 02BO515 Stag Cross Draw Fixed Blade Knife,Boker Salingen 02BO515 Stag Cross Draw Fixed Blade Knife,text/html; charset=iso-8859-1,
https://www.twstackle.com/products/boker-salingen-02lg113-magnum-lil-giant-fixed-blade-knife%7C788857029749.html,200,Categories - Boker Salingen 02LG113 Magnum Lil Giant Fixed Blade Knife,Boker Salingen 02LG113 Magnum Lil Giant Fixed Blade Knife,text/html; charset=iso-8859-1,
https://www.twstackle.com/products/boker-salingen-02lg115-persian-fixed-blade-knife%7C788857029732.html,200,Categories - Boker Salingen 02LG115 Persian Fixed Blade Knife,Boker Salingen 02LG115 Persian Fixed Blade Knife,text/html; charset=iso-8859-1,
https://www.twstackle.com/products/boker-salingen-02mb726-leatherneck-hunter-fixed-blade-knife%7C788857719886.html,200,Categories - Boker Salingen 02MB726 Leatherneck Hunter Fixed Blade Knife,Boker Salingen 02MB726 Leatherneck Hunter Fixed Blade Knife,text/html; charset=iso-8859-1,
https://www.twstackle.com/products/boker-salingen-02ry803-magnum-hl-game-set%7C788857778272.html,200,Categories - Boker Salingen 02RY803 Magnum HL Game Set,Boker Salingen 02RY803 Magnum HL Game Set,text/html; charset=iso-8859-1,
https://www.twstackle.com/products/boker-salingen-02sc028-mangum-spike-karambit-fixed-blade-knife%7C788857036914.html,200,Categories - Boker Salingen 02SC028 Mangum Spike Karambit Fixed Blade Knife,Boker Salingen 02SC028 Mangum Spike Karambit Fixed Blade Knife,text/html; charset=iso-8859-1,
https://www.twstackle.com/products/boker-salingen-06ex270-usb-otf-pocket-knife%7C788857750964.html,200,Categories - Boker Salingen 06EX270 USB OTF Pocket Knife,Boker Salingen 06EX270 USB OTF Pocket Knife,text/html; charset=iso-8859-1,
https://www.twstackle.com/products/boker-salingen-110726t-traditional-series-stockman-pocket-knife---tortoise%7C788857024898.html,200,Categories - Boker Salingen 110726T Traditional Series Stockman Pocket Knife - Tortoise,Boker Salingen 110726T Traditional Series Stockman Pocket Knife - Tortoise,text/html; charset=iso-8859-1,
https://www.twstackle.com/products/boker-salingen-110943-barlow-integral-burlap-micarta-brown-pocket-knife%7C788857057735.html,200,Categories - Boker Salingen 110943 Barlow Integral Burlap Micarta Brown Pocket Knife,Boker Salingen 110943 Barlow Integral Burlap Micarta Brown Pocket Knife,text/html; charset=iso-8859-1,
https://www.twstackle.com/products/boker-salingen-125502-daily-knives-ak1-droppoint-grenadill-fixed-blade-knife%7C788857059524.html,200,Categories - Boker Salingen 125502 Daily Knives AK1 Droppoint Grenadill Fixed Blade Knife,Boker Salingen 125502 Daily Knives AK1 Droppoint Grenadill Fixed Blade Knife,text/html; charset=iso-8859-1,
https://www.twstackle.com/products/boker-solingen-01bo391-kaizen-green-canvas-micarta-pocket-knife%7C788857756362.html,200,Categories - Boker Solingen 01BO391 Kaizen Green Canvas Micarta Pocket Knife,Boker Solingen 01BO391 Kaizen Green Canvas Micarta Pocket Knife,text/html; charset=iso-8859-1,
https://www.twstackle.com/products/boker-solingen-01bo631-wasabi-cocobolo-pocket-knife%7C788857049570.html,200,Categories - Boker Solingen 01BO631 Wasabi Cocobolo Pocket Knife,Boker Solingen 01BO631 Wasabi Cocobolo Pocket Knife,text/html; charset=iso-8859-1,
https://www.twstackle.com/products/boker-solingen-01bo857-atlas-multi-sw-pocket-knife%7C788857754412.html,200,Categories - Boker Solingen 01BO857 Atlas Multi SW Pocket Knife,Boker Solingen 01BO857 Atlas Multi SW Pocket Knife,text/html; charset=iso-8859-1,
https://www.twstackle.com/products/boker-solingen-01mb136-classic-hunter-pocket-knife%7C788857016947.html,200,Categories - Boker Solingen 01MB136 Classic Hunter Pocket Knife,Boker Solingen 01MB136 Classic Hunter Pocket Knife,text/html; charset=iso-8859-1,
https://www.twstackle.com/products/boker-solingen-01mb318-jewel-pocket-knife%7C788857024737.html,200,Categories - Boker Solingen 01MB318 Jewel Pocket Knife,Boker Solingen 01MB318 Jewel Pocket Knife,text/html; charset=iso-8859-1,
https://www.twstackle.com/products/boker-solingen-01ry294y-magnum-mini-trapper-yellow-pocket-knife%7C788857054802.html,200,Categories - Boker Solingen 01RY294Y Magnum Mini Trapper Yellow Pocket Knife,Boker Solingen 01RY294Y Magnum Mini Trapper Yellow Pocket Knife,text/html; charset=iso-8859-1,
https://www.twstackle.com/products/boker-solingen-09bo810-specialist-ii-multi-tool%7C788857725948.html,200,Categories - Boker Solingen 09BO810 Specialist II Multi-Tool,Boker Solingen 09BO810 Specialist II Multi-Tool,text/html; charset=iso-8859-1,
https://www.twstackle.com/products/boker-traditional-gents-lockback-pocket-knife%7C788857024935.html,200,Categories - Boker Traditional Gents Lockback Pocket Knife,Boker Traditional Gents Lockback Pocket Knife,text/html; charset=iso-8859-1,
https://www.twstackle.com/products/boker-traditional-series-copperhead-brown-bone-pocket-knife%7C788857020142.html,200,Categories - Boker Traditional Series Copperhead Brown Bone Pocket Knife,Boker Traditional Series Copperhead Brown Bone Pocket Knife,text/html; charset=iso-8859-1,
https://www.twstackle.com/products/bolin-salingen-01bo329-kwaiken-air-mini-g10-all-black-pocket-knife%7C788857757116.html,200,Categories - Bolin Salingen 01BO329 Kwaiken Air Mini G10 All Black Pocket Knife,Bolin Salingen 01BO329 Kwaiken Air Mini G10 All Black Pocket Knife,text/html; charset=iso-8859-1,
https://www.twstackle.com/products/bowed-up-lures-bucktail-2oz-slcn%7C400002124306.html,200,Categories - BOWED UP LURES Bucktail 2oz-Slcn,BOWED UP LURES Bucktail 2oz-Slcn,text/html; charset=iso-8859-1,
https://www.twstackle.com/products/bowed-up-lures-bucktail-2oz-var-%7C400002124313.html,200,Categories - BOWED UP LURES Bucktail 2oz-Var.,BOWED UP LURES Bucktail 2oz-Var.,text/html; charset=iso-8859-1,
https://www.twstackle.com/products/bowed-up-lures-pompano-2pk%7C400002128830.html,200,Categories - BOWED UP LURES POMPANO 2pk,BOWED UP LURES POMPANO 2pk,text/html; charset=iso-8859-1,
https://www.twstackle.com/products/bowed-up-lures-spoon-var--color%7C400002126980.html,200,Categories - BOWED UP LURES-Spoon Var. Color,BOWED UP LURES-Spoon Var. Color,text/html; charset=iso-8859-1,
https://www.twstackle.com/products/bruma-hbe12y-hopsltr-bttl-3483.html,200,Categories - BRUMA HBE12Y Hopsltr Bttl,BRUMA HBE12Y HOPSLTR BTTL,text/html; charset=iso-8859-1,
https://www.twstackle.com/products/brunken-bn20-bait-well-net%7C088954002301.html,200,Categories - BRUNKEN BN20 Bait Well Net,BRUNKEN BN20 Bait Well Net,text/html; charset=iso-8859-1,
https://www.twstackle.com/products/brunken-mn55b15-minnow-shrimp%7C088954003001.html,200,Categories - BRUNKEN MN55B15 Minnow/Shrimp,BRUNKEN MN55B15 Minnow/Shrimp,text/html; charset=iso-8859-1,
https://www.twstackle.com/products/butt-caps-various-vendors%7CBUTTCAP.html,200,Categories - Butt Caps-Various Vendors,Butt Caps-Various Vendors,text/html; charset=iso-8859-1,
https://www.twstackle.com/products/c-h-t24-trolling-weight%7C026653805038.html,200,Categories - C&amp;H T24 Trolling Weight,C&amp;H T24 Trolling Weight,text/html; charset=iso-8859-1,
https://www.twstackle.com/products/c-h-t32-trolling-wght-rigged-%7C026653805021.html,200,Categories - C&amp;H T32 Trolling Wght(rigged),C&amp;H T32 Trolling Wght(rigged),text/html; charset=iso-8859-1,
https://www.twstackle.com/products/c-h-t48-trolling-weight%7C026653805014.html,200,Categories - C&amp;H T48 Trolling Weight,C&amp;H T48 Trolling Weight,text/html; charset=iso-8859-1,
https://www.twstackle.com/products/cabin-critters-cc013-rainbow10%7C854346000121.html,200,Categories - CABIN CRITTERS CC013 Rainbow10,CABIN CRITTERS CC013 Rainbow10,text/html; charset=iso-8859-1,
https://www.twstackle.com/products/cabin-critters-cc014-bass-10-%7C854346000138.html,200,Categories - CABIN CRITTERS CC014 Bass 10&quot;,CABIN CRITTERS CC014 Bass 10&quot;,text/html; charset=iso-8859-1,
https://www.twstackle.com/products/cabin-critters-cc016-marlin-10%7C854346000152.html,200,Categories - CABIN CRITTERS CC016 Marlin 10,CABIN CRITTERS CC016 Marlin 10,text/html; charset=iso-8859-1,
https://www.twstackle.com/products/cabin-critters-cc017-sunfish-7-%7C854346000169.html,200,Categories - CABIN CRITTERS CC017 Sunfish 7&quot;,CABIN CRITTERS CC017 Sunfish 7&quot;,text/html; charset=iso-8859-1,
https://www.twstackle.com/products/cabin-critters-cc021-rainbowt1%7C854346000206.html,200,Categories - CABIN CRITTERS CC021 RainbowT1,CABIN CRITTERS CC021 RainbowT1,text/html; charset=iso-8859-1,
https://www.twstackle.com/products/cabin-critters-cc022-stpbass1-%7C854346000213.html,200,Categories - CABIN CRITTERS CC022 StpBass1&quot;,CABIN CRITTERS CC022 StpBass1&quot;,text/html; charset=iso-8859-1,
https://www.twstackle.com/products/cabin-critters-cc024-17--marli%7C854346000237.html,200,Categories - CABIN CRITTERS CC024 17&quot; Marli,CABIN CRITTERS CC024 17&quot; Marli,text/html; charset=iso-8859-1,
https://www.twstackle.com/products/cabin-critters-cc025-sunfish12%7C854346000244.html,200,Categories - CABIN CRITTERS CC025 Sunfish12,CABIN CRITTERS CC025 Sunfish12,text/html; charset=iso-8859-1,
https://www.twstackle.com/products/cabin-critters-cc029-mallard10%7C854346000282.html,200,Categories - CABIN CRITTERS CC029 Mallard10,CABIN CRITTERS CC029 Mallard10,text/html; charset=iso-8859-1,
https://www.twstackle.com/products/cabin-critters-cc031-lm-bass17%7C854346000305.html,200,Categories - CABIN CRITTERS CC031 LM Bass17,CABIN CRITTERS CC031 LM Bass17,text/html; charset=iso-8859-1,
https://www.twstackle.com/products/cabin-critters-cc032-lmbass10-%7C854346000312.html,200,Categories - CABIN CRITTERS CC032 LMBass10&quot;,CABIN CRITTERS CC032 LMBass10&quot;,text/html; charset=iso-8859-1,
https://www.twstackle.com/products/cabin-critters-cc033-blk-bear1%7C854346000329.html,200,Categories - CABIN CRITTERS CC033 Blk Bear1,CABIN CRITTERS CC033 Blk Bear1,text/html; charset=iso-8859-1,
https://www.twstackle.com/products/cabin-critters-cc035-12-moose%7C854346000343.html,200,Categories - CABIN CRITTERS CC035 12&quot;Moose,CABIN CRITTERS CC035 12&quot;Moose,text/html; charset=iso-8859-1,
https://www.twstackle.com/products/cabin-critters-cc041-eagle-8-%7C854346000404.html,200,Categories - CABIN CRITTERS CC041 Eagle 8&quot;,CABIN CRITTERS CC041 Eagle 8&quot;,text/html; charset=iso-8859-1,
https://www.twstackle.com/products/cabin-critters-cc042-11raccoon%7C854346000411.html,200,Categories - CABIN CRITTERS CC042 11Raccoon,CABIN CRITTERS CC042 11Raccoon,text/html; charset=iso-8859-1,
https://www.twstackle.com/products/cabin-critters-cc043-squirrel%7C854346000428.html,200,Categories - CABIN CRITTERS CC043 Squirrel,CABIN CRITTERS CC043 Squirrel,text/html; charset=iso-8859-1,
https://www.twstackle.com/products/cabin-critters-cc044-beaver11-%7C854346000435.html,200,Categories - CABIN CRITTERS CC044 Beaver11&quot;,CABIN CRITTERS CC044 Beaver11&quot;,text/html; charset=iso-8859-1,
https://www.twstackle.com/products/cabin-critters-cc049-rabbit10-%7C854346000480.html,200,Categories - CABIN CRITTERS CC049 Rabbit10&quot;,CABIN CRITTERS CC049 Rabbit10&quot;,text/html; charset=iso-8859-1,
https://www.twstackle.com/products/cabin-critters-cc053-redfish10%7C854346000527.html,200,Categories - CABIN CRITTERS CC053 Redfish10,CABIN CRITTERS CC053 Redfish10,text/html; charset=iso-8859-1,
https://www.twstackle.com/products/cabin-critters-cc059--17-slfis%7C854346000589.html,200,Categories - CABIN CRITTERS CC059&nbsp;&nbsp;17&quot;Slfis,CABIN CRITTERS CC059 17&quot;Slfis,text/html; charset=iso-8859-1,
https://www.twstackle.com/products/cabin-critters-cc060-sailfish1%7C854346000596.html,200,Categories - CABIN CRITTERS CC060 Sailfish1,CABIN CRITTERS CC060 Sailfish1,text/html; charset=iso-8859-1,
https://www.twstackle.com/products/cabin-critters-cc061-17--mahi%7C854346000602.html,200,Categories - CABIN CRITTERS CC061 17&quot; Mahi,CABIN CRITTERS CC061 17&quot; Mahi,text/html; charset=iso-8859-1,
https://www.twstackle.com/products/cabin-critters-cc062-mahi-10-%7C854346000619.html,200,Categories - CABIN CRITTERS CC062 Mahi 10&quot;,CABIN CRITTERS CC062 Mahi 10&quot;,text/html; charset=iso-8859-1,
https://www.twstackle.com/products/cabin-critters-cc064-10--sockeye%7C854346000633.html,200,Categories - CABIN CRITTERS CC064 10&quot; Sockeye,CABIN CRITTERS CC064 10&quot; Sockeye,text/html; charset=iso-8859-1,
https://www.twstackle.com/products/calcutta-43007-7--fillet-knife%7C768721433070.html,200,Categories - CALCUTTA 43007 7&quot; Fillet Knife,CALCUTTA 43007 7&quot; Fillet Knife,text/html; charset=iso-8859-1,
https://www.twstackle.com/products/calcutta-bottle-cooler-1145.html,200,Categories - Calcutta Bottle Cooler,Neoprene Zippered Bottle Cooler,text/html; charset=iso-8859-1,
https://www.twstackle.com/products/calcutta-calcer1-2-ceramic-kit%7C768721497232.html,200,Categories - CALCUTTA CALCER1/2 Ceramic Kit,CALCUTTA CALCER1/2 Ceramic Kit,text/html; charset=iso-8859-1,
https://www.twstackle.com/products/calcutta-calp75-18-alum-plier-3864.html,200,Categories - CALCUTTA CALP75-18 Alum.Plier,# CALCUTTA CALP75-18 Alum.Plier,text/html; charset=iso-8859-1,
https://www.twstackle.com/products/calcutta-can-cooler-1144.html,200,Categories - Calcutta Can Cooler,Neoprene,text/html; charset=iso-8859-1,
https://www.twstackle.com/products/calcutta-cballoon-livebait-bal%7C768721411993.html,200,Categories - CALCUTTA CBALLOON Livebait Bal,CALCUTTA CBALLOON Livebait Bal,text/html; charset=iso-8859-1,
https://www.twstackle.com/products/calcutta-cband08-rubber-bands%7C768721412051.html,200,Categories - CALCUTTA CBAND08 Rubber Bands,CALCUTTA CBAND08 Rubber Bands,text/html; charset=iso-8859-1,
https://www.twstackle.com/products/calcutta-cband64-rubber-bands%7C768721412075.html,200,Categories - CALCUTTA CBAND64 Rubber Bands,CALCUTTA CBAND64 Rubber Bands,text/html; charset=iso-8859-1,
https://www.twstackle.com/products/calcutta-cbg10-0-big-game-hook%7C768721411658.html,200,Categories - CALCUTTA CBG10/0 Big Game Hook,CALCUTTA CBG10/0 Big Game Hook,text/html; charset=iso-8859-1,
https://www.twstackle.com/products/calcutta-cbg11-0-big-game-hook%7C768721411665.html,200,Categories - CALCUTTA CBG11/0 Big Game Hook,CALCUTTA CBG11/0 Big Game Hook,text/html; charset=iso-8859-1,
https://www.twstackle.com/products/calcutta-cbg9-0-big-game-hooks%7C768721411641.html,200,Categories - CALCUTTA CBG9/0 Big Game Hooks,CALCUTTA CBG9/0 Big Game Hooks,text/html; charset=iso-8859-1,
https://www.twstackle.com/products/calcutta-cbsc-4-braid-scissor%7C768721439430.html,200,Categories - CALCUTTA CBSC-4 Braid Scissor,CALCUTTA CBSC-4 Braid Scissor,text/html; charset=iso-8859-1,
https://www.twstackle.com/products/calcutta-ccg2-125-renegade-coolr-3460.html,200,Categories - CALCUTTA CCG2-125 Renegade Coolr,# CALCUTTA CCG2-125 Renegade r,text/html; charset=iso-8859-1,
https://www.twstackle.com/products/calcutta-ccg2-20-renegade-coolr-3465.html,200,Categories - CALCUTTA CCG2-20 Renegade Coolr,# CALCUTTA CCG2-20 Renegade r,text/html; charset=iso-8859-1,
https://www.twstackle.com/products/calcutta-ccg2-35-renegade-coolr-3464.html,200,Categories - CALCUTTA CCG2-35 Renegade Coolr,# CALCUTTA CCG2-35 Renegade r,text/html; charset=iso-8859-1,
https://www.twstackle.com/products/calcutta-ccg2-55-renegade-coolr-3463.html,200,Categories - CALCUTTA CCG2-55 Renegade Coolr,# CALCUTTA CCG2-55 Renegade r,text/html; charset=iso-8859-1,
https://www.twstackle.com/products/calcutta-ccg2-75-renegade-coolr-3462.html,200,Categories - CALCUTTA CCG2-75 Renegade Coolr,# CALCUTTA CCG2-75 Renegade r,text/html; charset=iso-8859-1,
https://www.twstackle.com/products/calcutta-ccgg2-11-renegade-coolr-3438.html,200,Categories - CALCUTTA CCGG2-11 Renegade Coolr,# CALCUTTA CCGG2-11 Renegade Co,text/html; charset=iso-8859-1,
https://www.twstackle.com/products/calcutta-ccgyg2-20-renegade-cool-3454.html,200,Categories - CALCUTTA CCGYG2-20 Renegade Cool,# CALCUTTA CCGYG2-20 Renegade,text/html; charset=iso-8859-1,
https://www.twstackle.com/products/calcutta-ccgyg2-35-renegade-cool-3453.html,200,Categories - CALCUTTA CCGYG2-35 Renegade Cool,# CALCUTTA CCGYG2-35 Renegade,text/html; charset=iso-8859-1,
https://www.twstackle.com/products/calcutta-ccgyg2-55-renegade-cool-3452.html,200,Categories - CALCUTTA CCGYG2-55 Renegade Cool,# CALCUTTA CCGYG2-55 Renegade,text/html; charset=iso-8859-1,
https://www.twstackle.com/products/calcutta-ccl-6ft-cooler-lock-6--3468.html,200,Categories - CALCUTTA CCL-6FT Cooler Lock 6',# CALCUTTA CCL-6FT er Lock 6,text/html; charset=iso-8859-1,
https://www.twstackle.com/products/calcutta-cclbg2-20-renegade-cool-3451.html,200,Categories - CALCUTTA CCLBG2-20 Renegade Cool,# CALCUTTA CCLBG2-20 Renegade,text/html; charset=iso-8859-1,
https://www.twstackle.com/products/calcutta-cclbg2-35-renegade-cool-3450.html,200,Categories - CALCUTTA CCLBG2-35 Renegade Cool,# CALCUTTA CCLBG2-35 Renegade,text/html; charset=iso-8859-1,
https://www.twstackle.com/products/calcutta-ccog2-11-renegade-coolr-3437.html,200,Categories - CALCUTTA CCOG2-11 Renegade Coolr,# CALCUTTA CCOG2-11 Renegade r,text/html; charset=iso-8859-1,
https://www.twstackle.com/products/calcutta-ccotg2-20-renegade-cool-3441.html,200,Categories - CALCUTTA CCOTG2-20 Renegade Cool,# CALCUTTA CCOTG2-20 Renegade,text/html; charset=iso-8859-1,
https://www.twstackle.com/products/calcutta-ccotg2-35-renegade-cool-3449.html,200,Categories - CALCUTTA CCOTG2-35 Renegade Cool,# CALCUTTA CCOTG2-35 Renegade,text/html; charset=iso-8859-1,
https://www.twstackle.com/products/calcutta-cctg2-100-renegade-cool-3455.html,200,Categories - CALCUTTA CCTG2-100 Renegade Cool,# CALCUTTA CCTG2-100 Renegade,text/html; charset=iso-8859-1,
https://www.twstackle.com/products/calcutta-cctg2-11-renegade-coolr-3439.html,200,Categories - CALCUTTA CCTG2-11 Renegade Coolr,# CALCUTTA CCTG2-11 Renegade r,text/html; charset=iso-8859-1,
https://www.twstackle.com/products/calcutta-cctg2-20-renegade-cool-3459.html,200,Categories - CALCUTTA CCTG2-20 Renegade Cool,# CALCUTTA CCTG2-20 Renegade,text/html; charset=iso-8859-1,
https://www.twstackle.com/products/calcutta-cctg2-35-renegade-coolr-3458.html,200,Categories - CALCUTTA CCTG2-35 Renegade Coolr,# CALCUTTA CCTG2-35 Renegade r,text/html; charset=iso-8859-1,
https://www.twstackle.com/products/calcutta-cctg2-55-renegade-coolr-3457.html,200,Categories - CALCUTTA CCTG2-55 Renegade Coolr,# CALCUTTA CCTG2-55 Renegade r,text/html; charset=iso-8859-1,
https://www.twstackle.com/products/calcutta-cctg2-75-renegade-coolr-3456.html,200,Categories - CALCUTTA CCTG2-75 Renegade Coolr,# CALCUTTA CCTG2-75 Renegade r,text/html; charset=iso-8859-1,
https://www.twstackle.com/products/calcutta-ccwg2-11-renegade-coolr-3440.html,200,Categories - CALCUTTA CCWG2-11 Renegade Coolr,# CALCUTTA CCWG2-11 Renegade r,text/html; charset=iso-8859-1,
https://www.twstackle.com/products/calcutta-cdfk6g-18-6--fillet-knf-3443.html,200,Categories - CALCUTTA CDFK6G-18 6&quot; Fillet Knf,CALCUTTA CDFK6G-18 6&quot; Fillet Knf,text/html; charset=iso-8859-1,
https://www.twstackle.com/products/calcutta-cfbp-1-fighting-belt-3442.html,200,Categories - CALCUTTA CFBP-1 Fighting Belt,CALCUTTA CFBP-1 Fighting Belt,text/html; charset=iso-8859-1,
https://www.twstackle.com/products/calcutta-chjw-5-hydrate-jug-wht-3466.html,200,Categories - CALCUTTA CHJW-5 Hydrate Jug-Wht,# CALCUTTA CHJW-5 Hydrate Jug-Wt,text/html; charset=iso-8859-1,
https://www.twstackle.com/products/calcutta-ckf404-king-rig-4-0-s%7C768721412099.html,200,Categories - CALCUTTA CKF404 King Rig 4/0 S,CALCUTTA CKF404 King Rig 4/0 S,text/html; charset=iso-8859-1,
https://www.twstackle.com/products/calcutta-clwa-cooler-aerator-3435.html,200,Categories - CALCUTTA CLWA Cooler Aerator,# CALCUTTA CLWA er Aerator,text/html; charset=iso-8859-1,
https://www.twstackle.com/products/calcutta-cmbr7-0-2-ballyhoo-ri%7C768721411849.html,200,Categories - CALCUTTA CMBR7/0-2 Ballyhoo Ri,CALCUTTA CMBR7/0-2 Ballyhoo Ri,text/html; charset=iso-8859-1,
https://www.twstackle.com/products/calcutta-cmbr8-0-2-ballyhoo-ri%7C768721411856.html,200,Categories - CALCUTTA CMBR8/0-2 Ballyhoo Ri,CALCUTTA CMBR8/0-2 Ballyhoo Ri,text/html; charset=iso-8859-1,
https://www.twstackle.com/products/calcutta-cosr-outrigger-stop%7C768721413492.html,200,Categories - CALCUTTA COSR OUTRIGGER STOP,CALCUTTA COSR OUTRIGGER STOP,text/html; charset=iso-8859-1,
https://www.twstackle.com/products/calcutta-cpfc-lg-pk-fishcooler-3476.html,200,Categories - CALCUTTA CPFC-LG Pk Fishcooler,CALCUTTA CPFC-LG Pk Fishcooler,text/html; charset=iso-8859-1,
https://www.twstackle.com/products/calcutta-cps-molded-pier-sheat%7C768721512362.html,200,Categories - CALCUTTA CPS Molded Pier Sheat,CALCUTTA CPS Molded Pier Sheat,text/html; charset=iso-8859-1,
https://www.twstackle.com/products/calcutta-crdp-w-lt--drain-plug-3470.html,200,Categories - CALCUTTA CRDP-W Lt. Drain Plug,# CALCUTTA CRDP-W Lt. Drain Plug,text/html; charset=iso-8859-1,
https://www.twstackle.com/products/calcutta-crfc-sm-pk-fishcooler-3477.html,200,Categories - CALCUTTA CRFC-SM Pk Fishcooler,CALCUTTA CRFC-SM Pk Fishcooler,text/html; charset=iso-8859-1,
https://www.twstackle.com/products/calcutta-crk-yel-rod-kushion-3866.html,200,Categories - CALCUTTA CRK-YEL Rod Kushion,# CALCUTTA CRK-YEL Rod Kushion,text/html; charset=iso-8859-1,
https://www.twstackle.com/products/calcutta-csscm-12-soft-sided-c-3475.html,200,Categories - CALCUTTA CSSCM-12 Soft Sided C,# CALCUTTA CSSCM-12 Soft Sided C,text/html; charset=iso-8859-1,
https://www.twstackle.com/products/calcutta-csscw-12p-soft-side-clr-3472.html,200,Categories - CALCUTTA CSSCW-12P Soft Side Clr,CALCUTTA CSSCW-12P SS Cooler 12P,text/html; charset=iso-8859-1,
https://www.twstackle.com/products/calcutta-csscw-24p-soft-side-24p-3473.html,200,Categories - CALCUTTA CSSCW-24P Soft Side 24P,CALCUTTA CSSCW-24P SS Cooler 24P,text/html; charset=iso-8859-1,
https://www.twstackle.com/products/calcutta-cwfb-2-fighting-belt-3867.html,200,Categories - CALCUTTA CWFB-2 Fighting Belt,# CALCUTTA CWFB-2 Fighting Belt,text/html; charset=iso-8859-1,
https://www.twstackle.com/products/calcutta-fpb02s-gs-10-aluminu%7C768721513246.html,200,Categories - CALCUTTA FPB02S-GS-10 Aluminu,CALCUTTA FPB02S-GS-10 Aluminu,text/html; charset=iso-8859-1,
https://www.twstackle.com/products/calcutta-pocket-can-cooler-1143.html,200,Categories - Calcutta Pocket Can Cooler,Neoprene,text/html; charset=iso-8859-1,
https://www.twstackle.com/products/cape-pt-709-menhaden-oil-1-gal%7C637382100242.html,200,Categories - CAPE PT 709 Menhaden Oil 1 gal,CAPE PT 709 Menhaden Oil 1 gal,text/html; charset=iso-8859-1,
https://www.twstackle.com/products/cape-pt-801-bait-cutting-board%7C769967014047.html,200,Categories - CAPE PT 801 Bait Cutting Board,CAPE PT 801 Bait Cutting Board,text/html; charset=iso-8859-1,
https://www.twstackle.com/products/challenge-50055-bait-bucket%7C746298500555.html,200,Categories - CHALLENGE 50055 Bait Bucket,CHALLENGE 50055 Bait Bucket,text/html; charset=iso-8859-1,
https://www.twstackle.com/products/challenge-50060-lid%7C746298500609.html,200,Categories - CHALLENGE 50060 Lid,CHALLENGE 50060 Lid,text/html; charset=iso-8859-1,
https://www.twstackle.com/products/challenge-50278-bait-bucket%7C746298502788.html,200,Categories - CHALLENGE 50278 Bait Bucket,CHALLENGE 50278 Bait Bucket,text/html; charset=iso-8859-1,
https://www.twstackle.com/products/challenge-50279-tackle-box%7C746298502795.html,200,Categories - CHALLENGE 50279 Tackle Box,CHALLENGE 50279 Tackle Box,text/html; charset=iso-8859-1,
https://www.twstackle.com/products/cobia-neoprene-pocket-koozie-1095.html,200,Categories - Cobia Neoprene Pocket Koozie,Cobia Neoprene Pocket Koozie,text/html; charset=iso-8859-1,
https://www.twstackle.com/products/coghlans-512-stretch-cords%7C056389005129.html,200,Categories - COGHLANS 512 Stretch Cords,COGHLANS 512 Stretch Cords,text/html; charset=iso-8859-1,
https://www.twstackle.com/products/coghlans-516-mini-stretch-cord%7C056389005167.html,200,Categories - COGHLANS 516 Mini Stretch Cord,COGHLANS 516 Mini Stretch Cord,text/html; charset=iso-8859-1,
https://www.twstackle.com/products/coleman-5103b164t-propane-fuel%7C014045324182.html,200,Categories - COLEMAN 5103B164T Propane Fuel,COLEMAN 5103B164T Propane Fuel,text/html; charset=iso-8859-1,
https://www.twstackle.com/products/copper-fish-clippers-1042.html,200,Categories - Copper Fish Clippers,KIKKERLAND MN65CP Cpr Nail Clip,text/html; charset=iso-8859-1,
https://www.twstackle.com/products/costa-del-mar-br---fathom--br-gray-580p-1819.html,200,Categories - Costa Del Mar&nbsp;&nbsp;Fathom Gray 580P,Hardcore sunglasses for the hardest-core saltwater junkies. These Costa Fathom sunglasses,text/html; charset=iso-8859-1,
https://www.twstackle.com/products/costa-del-mar-br--antille--br-grey-580g%7C097963862172.html,200,Categories - Costa Del Mar Antille Grey 580G,Costa Del Mar Antille Grey 580G,text/html; charset=iso-8859-1,
https://www.twstackle.com/products/costa-del-mar-br--ballast--br-green-mirror-580p-1867.html,200,Categories - Costa Del Mar Ballast Green Mirror 580P,"Perfect for an afternoon spent beachcombing or voyaging out on the water, Costa",text/html; charset=iso-8859-1,
https://www.twstackle.com/products/costa-del-mar-br--blackfin--br-gray-580p-1814.html,200,Categories - Costa Del Mar Blackfin Gray 580P,"The trusted tool of the true angler, Costa",text/html; charset=iso-8859-1,
https://www.twstackle.com/products/costa-del-mar-br--blackfin-pro--br-gray-580g-1951.html,200,Categories - Costa Del Mar Blackfin Pro Gray 580G,"An enhanced version of one of Costa?s most trusted and well-loved frames, the Blackfin PRO builds off the original look, polarized lens and fit with six new angler-approved additions to keep you on the water longer. Along with a vented and fully-adjustable nose pad for a custom fit, sweat channels and eyewire drains will help keep your vision clear, while side shields, hooding, new stickier Hydrol",text/html; charset=iso-8859-1,
https://www.twstackle.com/products/costa-del-mar-br--brine--br-gray-580p-1816.html,200,Categories - Costa Del Mar Brine Gray 580P,"For those who bleed saltwater, Costa",text/html; charset=iso-8859-1,
https://www.twstackle.com/products/costa-del-mar-br--brine--br-green-mirror-580p%7C097963515535.html,200,Categories - Costa Del Mar Brine Green Mirror 580P,Costa Del Mar Brine Green Mirror 580P,text/html; charset=iso-8859-1,
https://www.twstackle.com/products/costa-del-mar-br--caballito--br-copper-580p-1817.html,200,Categories - Costa Del Mar Caballito Copper 580P,"Always ready for sand, surf or open water, Costa",text/html; charset=iso-8859-1,
https://www.twstackle.com/products/costa-del-mar-br--caballito--br-gray-580p-1818.html,200,Categories - Costa Del Mar Caballito Gray 580P,"Always ready for sand, surf or open water, Costa",text/html; charset=iso-8859-1,
https://www.twstackle.com/products/costa-del-mar-br--cat-cay--br-blue-mirror-580p-1858.html,200,Categories - Costa Del Mar Cat Cay Blue Mirror 580P,"Paying tribute to a sleepy island about 8 miles south of Bimini ? once the infamous hideout of Blackbeard the Pirate ? Cat Cay is known as the birthplace of another legend: Bluefin tuna fishing. Costa Cat Cay performance sunglasses are a rugged and tough tool of any Angler looking for the best performing fishing sunglasses on the water. Polarized, mirrored options, 580 lenses and boasting a patent",text/html; charset=iso-8859-1,
https://www.twstackle.com/products/costa-del-mar-br--cat-cay--br-gray-580p-1830.html,200,Categories - Costa Del Mar Cat Cay Gray 580P,"Paying tribute to a sleepy island about 8 miles south of Bimini ? once the infamous hideout of Blackbeard the Pirate ? Cat Cay is known as the birthplace of another legend: Bluefin tuna fishing. Costa Cat Cay performance sunglasses are a rugged and tough tool of any Angler looking for the best performing fishing sunglasses on the water. Polarized, mirrored options, 580 lenses and boasting a patent",text/html; charset=iso-8859-1,
https://www.twstackle.com/products/costa-del-mar-br--corbina--br-blue-mirror-580p-1841.html,200,Categories - Costa Del Mar Corbina Blue Mirror 580P,"Sharp seas call for sharp shades. Costa Corbina sunglasses boast sharp angles and wide temples, no-slip Hydrolite&amp;trade; construction and head-turning style. Polarized, built to withstand any fishing adventure and perfectly balanced between rugged and refined, these Costa men",text/html; charset=iso-8859-1,
https://www.twstackle.com/products/costa-del-mar-br--corbina--br-gray-580p-1832.html,200,Categories - Costa Del Mar Corbina Gray 580P,"Sharp seas call for sharp shades. Costa Corbina sunglasses boast sharp angles and wide temples, no-slip Hydrolite&amp;trade; construction and head-turning style. Polarized, built to withstand any fishing adventure and perfectly balanced between rugged and refined, these Costa men",text/html; charset=iso-8859-1,
https://www.twstackle.com/products/costa-del-mar-br--cut---br-gray-580p-1837.html,200,Categories - Costa Del Mar Cut&nbsp;&nbsp;Gray 580P,"Often, a small break in the shoreline is the best place to sit and let the fish come right to the hook. That",text/html; charset=iso-8859-1,
https://www.twstackle.com/products/costa-del-mar-br--fantail---br-gray-580p-1828.html,200,Categories - Costa Del Mar Fantail&nbsp;&nbsp;Gray 580P,"Always ready to hit the flats or hook a deep-sea behemoth, the Costa Fantail sunglasses are the smaller but no less mighty kin of the Blackfin. The best polarized sunglasses on the water, these men",text/html; charset=iso-8859-1,
https://www.twstackle.com/products/costa-del-mar-br--fantail---br-sunrise-silver-mirror-580p-1866.html,200,Categories - Costa Del Mar Fantail&nbsp;&nbsp;Sunrise Silver Mirror 580P,"Always ready to hit the flats or hook a deep-sea behemoth, the Costa Fantail sunglasses are the smaller but no less mighty kin of the Blackfin. The best polarized sunglasses on the water, these men",text/html; charset=iso-8859-1,
https://www.twstackle.com/products/costa-del-mar-br--fathom--br-blue-mirror-580p%7C097963533171.html,200,Categories - Costa Del Mar Fathom Blue Mirror 580P,Costa Del Mar Fathom Blue Mirror 580P,text/html; charset=iso-8859-1,
https://www.twstackle.com/products/costa-del-mar-br--ferg--br-blue-mirror-580g-1934.html,200,Categories - Costa Del Mar Ferg Blue Mirror 580G,"Ray Ferguson founded Costa Sunglasses with high standards and the frame bearing his name continues that legacy. With a refined focus on top-of-the-line performance details including top and side shields, integrated textured Hydrolite rubber, and vented adjustable nose pads, and 100% UV protection polarized lens this frame is dedicated to days on the water. Nothing but the best - the Ferg.Model Nam",text/html; charset=iso-8859-1,
https://www.twstackle.com/products/costa-del-mar-br--ferg--br-green-mirror-580g%7C097963844031.html,200,Categories - Costa Del Mar Ferg Green Mirror 580G,Costa Del Mar Ferg Green Mirror 580G,text/html; charset=iso-8859-1,
https://www.twstackle.com/products/costa-del-mar-br--ferg--br-green-mirror-580g%7C097963844130.html,200,Categories - Costa Del Mar Ferg Green Mirror 580G,Costa Del Mar Ferg Green Mirror 580G,text/html; charset=iso-8859-1,
https://www.twstackle.com/products/costa-del-mar-br--ferg-xl--br-blue-mirror-580g-1945.html,200,Categories - Costa Del Mar FERG XL Blue Mirror 580G,"Costa has always been about bringing the best innovations to waters all over the world. The frames bearing the name of our founder, Ray Ferguson, are full of them: top hooding and side shields, integrated textured Hydrolite&amp;reg; rubber, adjustable nose pads and our polarized 580&amp;reg; color-enhancing lens. And now this legendary design comes in a nearly 5% larger size, so everyone can sport",text/html; charset=iso-8859-1,
https://www.twstackle.com/products/costa-del-mar-br--ferg-xl--br-gray-580p-1944.html,200,Categories - Costa Del Mar FERG XL Gray 580P,"Costa has always been about bringing the best innovations to waters all over the world. The frames bearing the name of our founder, Ray Ferguson, are full of them: top hooding and side shields, integrated textured Hydrolite&amp;reg; rubber, adjustable nose pads and our polarized 580&amp;reg; color-enhancing lens. And now this legendary design comes in a nearly 5% larger size, so everyone can sport",text/html; charset=iso-8859-1,
https://www.twstackle.com/products/costa-del-mar-br--ferg-xl--br-gray-silver-mirror-580g-1946.html,200,Categories - Costa Del Mar FERG XL Gray Silver Mirror 580G,"Costa has always been about bringing the best innovations to waters all over the world. The frames bearing the name of our founder, Ray Ferguson, are full of them: top hooding and side shields, integrated textured Hydrolite&amp;reg; rubber, adjustable nose pads and our polarized 580&amp;reg; color-enhancing lens. And now this legendary design comes in a nearly 5% larger size, so everyone can sport",text/html; charset=iso-8859-1,
https://www.twstackle.com/products/costa-del-mar-br--ferg-xl--br-green-mirror-580g-1942.html,200,Categories - Costa Del Mar FERG XL Green Mirror 580G,"Costa has always been about bringing the best innovations to waters all over the world. The frames bearing the name of our founder, Ray Ferguson, are full of them: top hooding and side shields, integrated textured Hydrolite&amp;reg; rubber, adjustable nose pads and our polarized 580&amp;reg; color-enhancing lens. And now this legendary design comes in a nearly 5% larger size, so everyone can sport",text/html; charset=iso-8859-1,
https://www.twstackle.com/products/costa-del-mar-br--ferg-xl--br-sunrise-silver-mirror-580g-1943.html,200,Categories - Costa Del Mar FERG XL Sunrise Silver Mirror 580G,"Costa has always been about bringing the best innovations to waters all over the world. The frames bearing the name of our founder, Ray Ferguson, are full of them: top hooding and side shields, integrated textured Hydrolite&amp;reg; rubber, adjustable nose pads and our polarized 580&amp;reg; color-enhancing lens. And now this legendary design comes in a nearly 5% larger size, so everyone can sport",text/html; charset=iso-8859-1,
https://www.twstackle.com/products/costa-del-mar-br--fernandina--br-copper-silver-mirror-580p-1909.html,200,Categories - Costa Del Mar Fernandina Copper Silver Mirror 580P,"Timeless, quaint and beachy like the small Florida coastal town it",text/html; charset=iso-8859-1,
https://www.twstackle.com/products/costa-del-mar-br--fisch--br-gray-580p-1834.html,200,Categories - Costa Del Mar Fisch Gray 580P,"Named after the legendary, modern-day explorer Chris Fischer, these Costa Men",text/html; charset=iso-8859-1,
https://www.twstackle.com/products/costa-dm-fergx-06s9012-90120662-3735.html,200,Categories - COSTA DM FergX 06S9012 90120662,Costa Del Mar FERG XL Green Mirror 580P,text/html; charset=iso-8859-1,
https://www.twstackle.com/products/crosman-mk45-mako-air-pistol%7C028478150669.html,200,Categories - CROSMAN MK45 Mako Air Pistol,CROSMAN MK45 Mako Air Pistol,text/html; charset=iso-8859-1,
https://www.twstackle.com/products/css-dec-lrg-obx-grntdlg-tiedye%7C089777020701.html,200,Categories - CSS DEC LRG OBX/GRNTDLG TieDye,CSS DEC LRG OBX/GRNTDLG TieDye,text/html; charset=iso-8859-1,
https://www.twstackle.com/products/css-dec-lrg-obx-nc-lrg-belong%7C089777020831.html,200,Categories - CSS DEC LRG OBX/NC-LRG Belong,CSS DEC LRG OBX/NC-LRG Belong,text/html; charset=iso-8859-1,
https://www.twstackle.com/products/css-dec-lrg-obx-orgylwlg-new%7C089777023474.html,200,Categories - CSS DEC LRG OBX/ORGYlwLg-New,CSS DEC LRG OBX/ORGYlwLg-New,text/html; charset=iso-8859-1,
https://www.twstackle.com/products/css-dec-lrg-obx-salty-5-mini%7C089777020527.html,200,Categories - CSS DEC LRG OBX/SALTY 5 Mini,CSS DEC LRG OBX/SALTY 5 Mini,text/html; charset=iso-8859-1,
https://www.twstackle.com/products/css-dec-rnd-obx-paradise-is%7C089777023658.html,200,Categories - CSS DEC RND OBX/Paradise Is,CSS DEC RND OBX/Paradise Is,text/html; charset=iso-8859-1,
https://www.twstackle.com/products/css-dec-rnd-obx-turtle-polka-dot%7C089777022620.html,200,Categories - CSS DEC RND OBX Turtle-Polka Dot,CSS DEC RND OBX Turtle-Polka Dot,text/html; charset=iso-8859-1,
https://www.twstackle.com/products/css-dec-rnd-obx-whale--tiedye-%7C089777020350.html,200,Categories - CSS DEC RND OBX/Whale (TieDye),CSS DEC RND OBX/Whale (TieDye),text/html; charset=iso-8859-1,
https://www.twstackle.com/products/css-dec-sml-obx-grntdsm-tiedye%7C089777020695.html,200,Categories - CSS DEC SML OBX/GRNTDSM TieDye,CSS DEC SML OBX/GRNTDSM TieDye,text/html; charset=iso-8859-1,
https://www.twstackle.com/products/css-dec-sml-obx-nc-sml-belong%7C089777020817.html,200,Categories - CSS DEC SML OBX/NC-SML Belong,CSS DEC SML OBX/NC-SML Belong,text/html; charset=iso-8859-1,
https://www.twstackle.com/products/css-hwy-12-nags-head-large-decal-1104.html,200,Categories - CSS Hwy 12 Nags Head Large Decal,Measures 3&quot; x 4 1/2&quot;,text/html; charset=iso-8859-1,
https://www.twstackle.com/products/css-hwy-12-obx-large-decal-1105.html,200,Categories - CSS Hwy 12 OBX Large Decal,CSS Hwy 12 OBX Large Decal,text/html; charset=iso-8859-1,
https://www.twstackle.com/products/css-hwy-12-south-small-decal-1106.html,200,Categories - CSS Hwy 12 South Small Decal,Measures 2&quot; x 3&quot;,text/html; charset=iso-8859-1,
https://www.twstackle.com/products/css-lighthouses-of-the-outer-banks-decal-1089.html,200,Categories - CSS Lighthouses of the Outer Banks Decal,6&quot; W x 4&quot; H,text/html; charset=iso-8859-1,
https://www.twstackle.com/products/css-obx-black-on-white-large-decal-1122.html,200,Categories - CSS OBX Black on White Large Decal,Measures 6&quot; x 4&quot;,text/html; charset=iso-8859-1,
https://www.twstackle.com/products/css-obx-blue-tie-dye-large-decal-1110.html,200,Categories - CSS OBX Blue Tie Dye Large Decal,Measures 6&quot; x 4&quot;,text/html; charset=iso-8859-1,
https://www.twstackle.com/products/css-obx-blue-tie-dye-small-decal-1135.html,200,Categories - CSS OBX Blue Tie Dye Small Decal,Measures 3 1/2&quot; 2 3/8&quot;,text/html; charset=iso-8859-1,
https://www.twstackle.com/products/css-obx-crab-decal-1130.html,200,Categories - CSS OBX Crab Decal,4&quot; Diameter,text/html; charset=iso-8859-1,
https://www.twstackle.com/products/css-obx-fisherman-large-decal-1126.html,200,Categories - CSS OBX Fisherman Large Decal,Measures 6&quot; x 4&quot;,text/html; charset=iso-8859-1,
https://www.twstackle.com/products/css-obx-oval-white-on-black-large-decal-1109.html,200,Categories - CSS OBX Oval White on Black Large Decal,Measures 6&quot; x 4&quot;,text/html; charset=iso-8859-1,
https://www.twstackle.com/products/css-obx-pink-tie-dye-large-decal%7C089777014076.html,200,Categories - CSS OBX Pink Tie Dye Large Decal,Measures 6&quot; x 4&quot;,text/html; charset=iso-8859-1,
https://www.twstackle.com/products/css-obx-sand-dollar-decal-1136.html,200,Categories - CSS OBX Sand Dollar Decal,4&quot; Diameter,text/html; charset=iso-8859-1,
https://www.twstackle.com/products/css-obx-starfish-decal-1128.html,200,Categories - CSS OBX Starfish Decal,4&quot; Diameter,text/html; charset=iso-8859-1,
https://www.twstackle.com/products/css-obx-turtle-decal%7C089777010689.html,200,Categories - CSS OBX Turtle Decal,4&quot; Diameter,text/html; charset=iso-8859-1,
https://www.twstackle.com/products/cumings-1040-salmon-steelhead%7C045555001430.html,200,Categories - CUMINGS 1040 Salmon/Steelhead,CUMINGS 1040 Salmon/Steelhead,text/html; charset=iso-8859-1,
https://www.twstackle.com/products/cumings-1044-salmon-steelhead%7C045555001539.html,200,Categories - CUMINGS 1044 Salmon/Steelhead,CUMINGS 1044 Salmon/Steelhead,text/html; charset=iso-8859-1,
https://www.twstackle.com/products/cumings-1048-salmon-steelhead%7C045555001676.html,200,Categories - CUMINGS 1048 Salmon/Steelhead,CUMINGS 1048 Salmon/Steelhead,text/html; charset=iso-8859-1,
https://www.twstackle.com/products/cumings-126-m-trout-net%7C045555005513.html,200,Categories - CUMINGS 126-M Trout Net,CUMINGS 126-M Trout Net,text/html; charset=iso-8859-1,
https://www.twstackle.com/products/cumings-126-trout-net%7C045555005490.html,200,Categories - CUMINGS 126 Trout Net,CUMINGS 126 Trout Net,text/html; charset=iso-8859-1,
https://www.twstackle.com/products/cumings-ag-1-baitwell-net%7C045555017165.html,200,Categories - CUMINGS AG-1 Baitwell Net,CUMINGS AG-1 Baitwell Net,text/html; charset=iso-8859-1,
https://www.twstackle.com/products/cumings-b-135-blk-fish-saver%7C045555012283.html,200,Categories - CUMINGS B-135 Blk Fish Saver,CUMINGS B-135 Blk Fish Saver,text/html; charset=iso-8859-1,
https://www.twstackle.com/products/cumings-b-l-32-p-boat-net%7C045555004684.html,200,Categories - CUMINGS B-L-32-P Boat Net,CUMINGS B-L-32-P Boat Net,text/html; charset=iso-8859-1,
https://www.twstackle.com/products/cumings-l-24-3-boat-net%7C045555004370.html,200,Categories - CUMINGS L-24/3 Boat Net,CUMINGS L-24/3 Boat Net,text/html; charset=iso-8859-1,
https://www.twstackle.com/products/cumings-l-30-3-boat-net%7C045555004493.html,200,Categories - CUMINGS L-30/3 Boat Net,CUMINGS L-30/3 Boat Net,text/html; charset=iso-8859-1,
https://www.twstackle.com/products/cumings-l-32-3-boat-net%7C045555004578.html,200,Categories - CUMINGS L-32/3 Boat Net,CUMINGS L-32/3 Boat Net,text/html; charset=iso-8859-1,
https://www.twstackle.com/products/cumings-l-36-3-boat-net%7C045555004776.html,200,Categories - CUMINGS L-36/3 Boat Net,CUMINGS L-36/3 Boat Net,text/html; charset=iso-8859-1,
https://www.twstackle.com/products/cumings-r-00-boat-net-rub-mesh%7C045555006053.html,200,Categories - CUMINGS R-00 Boat Net Rub Mesh,CUMINGS R-00 Boat Net Rub Mesh,text/html; charset=iso-8859-1,
https://www.twstackle.com/products/cyclops-cyc-hl-3pk-headlamp-trio%7C888151025819.html,200,Categories - CYCLOPS CYC-HL-3PK Headlamp Trio,CYCLOPS CYC-HL-3PK Headlamp Trio,text/html; charset=iso-8859-1,
https://www.twstackle.com/products/cyclops-cyc-hl210-2pk-2pk-hdlamp%7C888151014936.html,200,Categories - CYCLOPS CYC-HL210-2PK 2pk Hdlamp,CYCLOPS CYC-HL210-2PK 2pk Hdlamp,text/html; charset=iso-8859-1,
https://www.twstackle.com/products/daiwa-2021-eliminator-spinning-reels%7CELIMINATOR.html,200,Categories - Daiwa 2021 Eliminator Spinning Reels,Daiwa 2021 Eliminator Spinning Reels,text/html; charset=iso-8859-1,
https://www.twstackle.com/products/daiwa-ballistic-lt-spinning-reels%7CBLSLT.html,200,Categories - Daiwa Ballistic LT Spinning Reels,Daiwa Ballistic LT Spinning Reels,text/html; charset=iso-8859-1,
https://www.twstackle.com/products/daiwa-ca-80hs-baitcasting-reel%7C043178589564.html,200,Categories - Daiwa CA 80HS Baitcasting Reel,Daiwa CA 80HS Baitcasting Reel,text/html; charset=iso-8859-1,
https://www.twstackle.com/products/daiwa-ca-80hs-l-baitcasting-reel-left-hand%7C043178589571.html,200,Categories - Daiwa CA 80HS-L Baitcasting Reel-Left Hand,Daiwa CA 80HS-L Baitcasting Reel-Left Hand,text/html; charset=iso-8859-1,
https://www.twstackle.com/products/daiwa-ca-80xs-baitcasting-reel%7C043178589588.html,200,Categories - Daiwa CA 80XS Baitcasting Reel,Daiwa CA 80XS Baitcasting Reel,text/html; charset=iso-8859-1,
https://www.twstackle.com/products/daiwa-ca-80xs-l-baitcasting-reel-left-hand%7C043178589595.html,200,Categories - Daiwa CA 80XS-L Baitcasting Reel-Left Hand,Daiwa CA 80XS-L Baitcasting Reel-Left Hand,text/html; charset=iso-8859-1,
https://www.twstackle.com/products/daiwa-crossfire-lt-spinning-reels%7CCFLT.html,200,Categories - Daiwa Crossfire LT Spinning Reels,Daiwa Crossfire LT Spinning Reels,text/html; charset=iso-8859-1,
https://www.twstackle.com/products/daiwa-eliminator-spinning-reels%7CELT.html,200,Categories - Daiwa Eliminator Spinning Reels,Daiwa Eliminator Spinning Reels,text/html; charset=iso-8859-1,
https://www.twstackle.com/products/daiwa-filler-spool--multi-color--mono-dia----2-5lb--330-yd%7CJB4U-330MU.html,200,"Categories - Daiwa Filler Spool, Multi-Color, Mono Dia. + 2.5Lb, 330 Yd","Daiwa Filler Spool, Multi-Color, Mono Dia. + 2.5Lb, 330 Yd",text/html; charset=iso-8859-1,
https://www.twstackle.com/products/daiwa-fuego-lt-spinning-reels%7CFGLT.html,200,Categories - Daiwa Fuego LT Spinning Reels,Daiwa Fuego LT Spinning Reels,text/html; charset=iso-8859-1,
https://www.twstackle.com/products/daiwa-jb4u10-150dg-j-braid-10l%7C043178146620.html,200,Categories - DAIWA JB4U10-150DG J-Braid 10L,DAIWA JB4U10-150DG J-Braid 10L,text/html; charset=iso-8859-1,
https://www.twstackle.com/products/daiwa-jb4u15-150dg-j-braid-15l%7C043178146637.html,200,Categories - DAIWA JB4U15-150DG J-Braid 15L,DAIWA JB4U15-150DG J-Braid 15L,text/html; charset=iso-8859-1,
https://www.twstackle.com/products/daiwa-jb4u20-150dg-j-braid-20l%7C043178146644.html,200,Categories - DAIWA JB4U20-150DG J-Braid 20L,DAIWA JB4U20-150DG J-Braid 20L,text/html; charset=iso-8859-1,
https://www.twstackle.com/products/daiwa-jb4u20-150ib-j-braid-20l%7C043178149911.html,200,Categories - DAIWA JB4U20-150IB J-Braid 20L,DAIWA JB4U20-150IB J-Braid 20L,text/html; charset=iso-8859-1,
https://www.twstackle.com/products/daiwa-jb4u30-150dg-j-braid-30l%7C043178146651.html,200,Categories - DAIWA JB4U30-150DG J-Braid 30L,DAIWA JB4U30-150DG J-Braid 30L,text/html; charset=iso-8859-1,
https://www.twstackle.com/products/daiwa-jb4u30-150ib-j-braid-30l%7C043178149928.html,200,Categories - DAIWA JB4U30-150IB J-Braid 30L,DAIWA JB4U30-150IB J-Braid 30L,text/html; charset=iso-8859-1,
https://www.twstackle.com/products/daiwa-jb4u40-150dg-j-braid-40l%7C043178146668.html,200,Categories - DAIWA JB4U40-150DG J-Braid 40L,DAIWA JB4U40-150DG J-Braid 40L,text/html; charset=iso-8859-1,
https://www.twstackle.com/products/daiwa-jb4u50-150dg-j-braid-50l%7C043178146675.html,200,Categories - DAIWA JB4U50-150DG J-Braid 50L,DAIWA JB4U50-150DG J-Braid 50L,text/html; charset=iso-8859-1,
https://www.twstackle.com/products/daiwa-jfl10-100-fluor-leader--10%7C043178595466.html,200,Categories - DAIWA JFL10-100 Fluor Leader #10,DAIWA JFL10-100 Fluor Leader #10,text/html; charset=iso-8859-1,
https://www.twstackle.com/products/daiwa-jfl15-100-fluor-leader--15%7C043178595480.html,200,Categories - DAIWA JFL15-100 Fluor Leader #15,DAIWA JFL15-100 Fluor Leader #15,text/html; charset=iso-8859-1,
https://www.twstackle.com/products/daiwa-jfl20-100-fluor-leader--20%7C043178595497.html,200,Categories - DAIWA JFL20-100 Fluor Leader #20,DAIWA JFL20-100 Fluor Leader #20,text/html; charset=iso-8859-1,
https://www.twstackle.com/products/daiwa-jfl30-50-fluor-leader--30%7C043178595510.html,200,Categories - DAIWA JFL30-50 Fluor Leader #30,DAIWA JFL30-50 Fluor Leader #30,text/html; charset=iso-8859-1,
https://www.twstackle.com/products/daiwa-jfl40-50-fluor-leader--40%7C043178595527.html,200,Categories - DAIWA JFL40-50 Fluor Leader #40,DAIWA JFL40-50 Fluor Leader #40,text/html; charset=iso-8859-1,
https://www.twstackle.com/products/daiwa-laguna-lt-spinning-reels%7CLAGUNALT.html,200,Categories - Daiwa Laguna LT Spinning Reels,Daiwa Laguna LT Spinning Reels,text/html; charset=iso-8859-1,
https://www.twstackle.com/products/daiwa-legalis-lt-spinning-reels%7CLEGLT.html,200,Categories - Daiwa Legalis LT Spinning Reels,Daiwa Legalis LT Spinning Reels,text/html; charset=iso-8859-1,
https://www.twstackle.com/products/daiwa-legalis-lt-spinning-reels%7CLGLT.html,200,Categories - Daiwa Legalis LT Spinning Reels,Daiwa Legalis LT Spinning Reels,text/html; charset=iso-8859-1,
https://www.twstackle.com/products/daiwa-procyon-al-lt-spinning-reels%7CPCNALT.html,200,Categories - Daiwa Procyon AL LT Spinning Reels,Daiwa Procyon AL LT Spinning Reels,text/html; charset=iso-8859-1,
https://www.twstackle.com/products/daiwa-procyon-lt-spinning-reels%7CPCNLT.html,200,Categories - Daiwa Procyon LT Spinning Reels,Daiwa Procyon LT Spinning Reels,text/html; charset=iso-8859-1,
https://www.twstackle.com/products/daiwa-regal-lt-spinning-reels%7CRGLT.html,200,Categories - Daiwa Regal LT Spinning Reels,Daiwa Regal LT Spinning Reels,text/html; charset=iso-8859-1,
https://www.twstackle.com/products/daiwa-revros-lt-spinning-reels%7CREVLT.html,200,Categories - Daiwa Revros LT Spinning Reels,Daiwa Revros LT Spinning Reels,text/html; charset=iso-8859-1,
https://www.twstackle.com/products/daiwa-saltist-mq-spinning-reels%7CSALTISTMQ.html,200,Categories - Daiwa Saltist MQ Spinning Reels,Daiwa Saltist MQ Spinning Reels,text/html; charset=iso-8859-1,
https://www.twstackle.com/products/daiwa-saltist-spinning-reels%7CSALTISTS.html,200,Categories - Daiwa Saltist Spinning Reels,Daiwa Saltist Spinning Reels,text/html; charset=iso-8859-1,
https://www.twstackle.com/products/daiwa-saltist-star-drag-conventional-reels%7CSALTISTC.html,200,Categories - Daiwa Saltist Star Drag Conventional Reels,Daiwa Saltist Star Drag Conventional Reels,text/html; charset=iso-8859-1,
https://www.twstackle.com/products/daiwa-strikeforce-b-spinning-reels%7CSF.html,200,Categories - Daiwa Strikeforce-B Spinning Reels,Daiwa Strikeforce-B Spinning Reels,text/html; charset=iso-8859-1,
https://www.twstackle.com/products/daiwa-sweepfire-2b-front-drag-spinning-reels--boxed-or-clampack-%7CSWF.html,200,Categories - Daiwa Sweepfire 2B Front Drag Spinning Reels (Boxed or Clampack),Daiwa Sweepfire 2B Front Drag Spinning Reels (Boxed or Clampack),text/html; charset=iso-8859-1,
https://www.twstackle.com/products/daiwa-tatula-lt-spinning-reels%7CTALT.html,200,Categories - Daiwa Tatula LT Spinning Reels,Daiwa Tatula LT Spinning Reels,text/html; charset=iso-8859-1,
https://www.twstackle.com/products/danco-315cc-fish-7--pliers%7C810047710240.html,200,Categories - DANCO 315CC-FISH 7&quot; Pliers,"Fish Species, 7? Alum Pliers PDQ",text/html; charset=iso-8859-1,
https://www.twstackle.com/products/danco-ag-12sd-12--gaff%7C811326033838.html,200,Categories - DANCO AG-12SD 12&quot; Gaff,12 &quot; Straight Aluminum Gaff w/ #304 2.5&quot; Laser Hook,text/html; charset=iso-8859-1,
https://www.twstackle.com/products/danco-ag-24sd-24--gaff%7C811326033845.html,200,Categories - DANCO AG-24SD 24&quot; Gaff,24 &quot; Straight Aluminum Gaff w/ #304 2.5&quot; Laser Hook,text/html; charset=iso-8859-1,
https://www.twstackle.com/products/danco-ag-36sd-36--gaff%7C811326033852.html,200,Categories - DANCO AG-36SD 36&quot; Gaff,36&quot; Straight Aluminum Gaff w/ #304 3.5&quot; Laser Hook,text/html; charset=iso-8859-1,
https://www.twstackle.com/products/danco-ag-48sd-48--gaff%7C811326033869.html,200,Categories - DANCO AG-48SD 48&quot; Gaff,48&quot; Straight Aluminum Gaff w/ #304 3.5&quot; Laser Hook,text/html; charset=iso-8859-1,
https://www.twstackle.com/products/danco-ag-60sd-60--gaff%7C811326033876.html,200,Categories - DANCO AG-60SD 60&quot; Gaff,60&quot; Straight Aluminum Gaff w/ #304 3.5&quot; Laser Hook,text/html; charset=iso-8859-1,
https://www.twstackle.com/products/danco-ag-72sd-72--gaff%7C811326033944.html,200,Categories - DANCO AG-72SD 72&quot; Gaff,72&quot; Straight Aluminum Gaff w/ #304 3.5&quot; Laser Hook,text/html; charset=iso-8859-1,
https://www.twstackle.com/products/danco-alum40-d-measurebrd%7C811326039748.html,200,Categories - DANCO ALUM40-D MeasureBrd,"40? Aluminum Measuring Board, Gun Smoke",text/html; charset=iso-8859-1,
https://www.twstackle.com/products/danco-bd-7nr-dehooker%7C824071001236.html,200,Categories - DANCO BD-7NR Dehooker,Sabiki Dehooker 25pc Counter Display,text/html; charset=iso-8859-1,
https://www.twstackle.com/products/danco-bfk4-a-017-4--knife%7C810047710141.html,200,Categories - DANCO BFK4-A-017 4&quot; Knife,4&quot; Bait &amp; Fillet Knife,text/html; charset=iso-8859-1,
https://www.twstackle.com/products/danco-bnk11-p-010-11--knife%7C857040007175.html,200,Categories - DANCO BNK11-P-010 11&quot; Knife,"Pro Series, 11&quot; Boning Knife - Seafoam",text/html; charset=iso-8859-1,
https://www.twstackle.com/products/danco-bnk13-p-010-13--knife%7C857040007182.html,200,Categories - DANCO BNK13-P-010 13&quot; Knife,"Pro Series, 13&quot; Boning Knife - Seafoam",text/html; charset=iso-8859-1,
https://www.twstackle.com/products/danco-bs7-18-pdq-7--shears%7C811326036334.html,200,Categories - DANCO BS7-18-PDQ 7&quot; Shears,"Ultimate Shears, 7&quot; Stainless Steel, multi-color, 18 pc",text/html; charset=iso-8859-1,
https://www.twstackle.com/products/danco-bs9-ss-t-010-9--shears%7C811326036273.html,200,Categories - DANCO BS9-SS-T-010 9&quot; Shears,"Colored 9&quot; Bait Shears, Seafoam",text/html; charset=iso-8859-1,
https://www.twstackle.com/products/danco-bwn-18p-d-bait-net%7C824071000727.html,200,Categories - DANCO BWN-18P-D Bait Net,"Colored Baitwell Net, 18&quot; Shaft, Assorted Colors",text/html; charset=iso-8859-1,
https://www.twstackle.com/products/danco-dbs45-b-5--scissor%7C824071001229.html,200,Categories - DANCO DBS45-B 5&quot; Scissor,"Ultimate 5&quot; Braid Scissor w/ Split Ring Tip, 24pc Display, Black",text/html; charset=iso-8859-1,
https://www.twstackle.com/products/danco-dlbk4-w-4--knife%7C824071001069.html,200,Categories - DANCO DLBK4-W 4&quot; Knife,"Deluxe Bait Knife, SUS 4&quot; White w/ sheath, 24pc Display",text/html; charset=iso-8859-1,
https://www.twstackle.com/products/danco-dsdt-flag-wh-micro-tw-%7C811326039427.html,200,Categories - DANCO DSDT-FLAG-WH Micro Tw;,"Fishing Towel, Microfiber, Fish Flag",text/html; charset=iso-8859-1,
https://www.twstackle.com/products/danco-fg-b-2-gloves%7C824071002202.html,200,Categories - DANCO FG-B-2 Gloves,"Rubber Dipped Woven Gloves Large, Blue",text/html; charset=iso-8859-1,
https://www.twstackle.com/products/danco-fk5-p-010-5--knife%7C811326033265.html,200,Categories - DANCO FK5-P-010 5&quot; Knife,"Pro Series, 5&quot; Fillet Knife - Seafoam",text/html; charset=iso-8859-1,
https://www.twstackle.com/products/danco-fk7-p-010-7--knife%7C857040007144.html,200,Categories - DANCO FK7-P-010 7&quot; Knife,"Pro Series, 7&quot; Fillet Knife - Seafoam",text/html; charset=iso-8859-1,
https://www.twstackle.com/products/danco-fk9-p-010-9--knife%7C857040007151.html,200,Categories - DANCO FK9-P-010 9&quot; Knife,"Pro Series, 9&quot; Fillet Knife - Seafoam",text/html; charset=iso-8859-1,
https://www.twstackle.com/products/danco-fks9-p-010-9--knife%7C857040007380.html,200,Categories - DANCO FKS9-P-010 9&quot; Knife,"Pro Series, 9&quot; Serrated Knife - Seafoam",text/html; charset=iso-8859-1,
https://www.twstackle.com/products/danco-fkst9-p-010-9--knife%7C857040007168.html,200,Categories - DANCO FKST9-P-010 9&quot; Knife,Pro Series 9&quot; Stout Knife - Seafoam,text/html; charset=iso-8859-1,
https://www.twstackle.com/products/danco-gc30-f-d-float-net%7C811326036846.html,200,Categories - DANCO GC30-F-D Float.Net,"Floating Net, 30&quot; w/ elastic lanyard, Green and Chartreuse",text/html; charset=iso-8859-1,
https://www.twstackle.com/products/danco-gs30-f-d-float-net%7C811326037058.html,200,Categories - DANCO GS30-F-D Float.Net,"Floating Net, 30&quot; w/ elastic lanyard, Gray and Seafoam",text/html; charset=iso-8859-1,
https://www.twstackle.com/products/danco-mll6-a-24-lip-grppr%7C811326033487.html,200,Categories - DANCO MLL6-A-24 Lip Grppr,"Mini Lip Gripper PDQ, Assorted Color, 24pc",text/html; charset=iso-8859-1,
https://www.twstackle.com/products/danco-oystknfnr-knife%7C811326037485.html,200,Categories - DANCO OYSTKNFNR Knife,Oyster Knife,text/html; charset=iso-8859-1,
https://www.twstackle.com/products/danco-pca6-18pdq-6--pliers%7C811326033456.html,200,Categories - DANCO PCA6-18PDQ 6&quot; Pliers,"Angler, 45C Carbon Steel, 6&quot; Needle Nose Pliers 18pc",text/html; charset=iso-8859-1,
https://www.twstackle.com/products/danco-pcs6lc-ri-e-011-6-pliers%7C811326033159.html,200,Categories - DANCO PCS6LC-RI-E-011 6&quot;Pliers,"Essential Series, 45C Carbon Steel, 6&quot; Needle Nose Pliers",text/html; charset=iso-8859-1,
https://www.twstackle.com/products/danco-pcs8lc-ri-e-011nr-8-pliers%7C811326033166.html,200,Categories - DANCO PCS8LC-RI-E-011NR 8&quot;Pliers,"Essential Series, 45C Carbon Steel, 8&quot; Needle Nose Pliers",text/html; charset=iso-8859-1,
https://www.twstackle.com/products/danco-pgdh-145-dehooker%7C810047710165.html,200,Categories - DANCO PGDH-145 Dehooker,Pistol Grip Dehooker ? 14.5?,text/html; charset=iso-8859-1,
https://www.twstackle.com/products/danco-pgdh-95-dehooker%7C810047710172.html,200,Categories - DANCO PGDH-95 Dehooker,Pistol Grip Dehooker ? 9.5?,text/html; charset=iso-8859-1,
https://www.twstackle.com/products/danco-ps75l-r-p-010-7--pliers%7C811326035795.html,200,Categories - DANCO PS75L-R-P-010 7&quot; Pliers,"Pro Series, 7.5&quot; Stainless 304 Forged Pliers - Seafoam",text/html; charset=iso-8859-1,
https://www.twstackle.com/products/danco-pss5src-e-011-5--pliers%7C810047710134.html,200,Categories - DANCO PSS5SRC-E-011 5&quot; Pliers,"Essential Series, Stainless Steel, 5? Split Ring Braid Cutter Pliers",text/html; charset=iso-8859-1,
https://www.twstackle.com/products/danco-sslineclipper-cutters%7C811326036655.html,200,Categories - DANCO SSLINECLIPPER Cutters,Stainless Steel Line Cutters,text/html; charset=iso-8859-1,
https://www.twstackle.com/products/danco-st-3119cc-6-5--pliers%7C857040007199.html,200,Categories - DANCO ST-3119CC 6.5&quot; Pliers,"Aluminum Plier PDQ, 6.5&quot;, 18 pcs, Assorted Colors",text/html; charset=iso-8859-1,
https://www.twstackle.com/products/danco-st-3129l-18pdq-6-5--pliers%7C811326033258.html,200,Categories - DANCO ST-3129L-18PDQ 6.5&quot; Pliers,"High Precision, 6.5&quot;, 18pc PDQ- 9 Gunsmoke and 9 Black pliers, sheath included",text/html; charset=iso-8859-1,
https://www.twstackle.com/products/danco-st-3201-6-6--knife%7C824071001342.html,200,Categories - DANCO ST-3201-6 6&quot; Knife,Economy 6&quot; SS Fillet Knife,text/html; charset=iso-8859-1,
https://www.twstackle.com/products/danco-st-vk17-3--knife%7C824071002141.html,200,Categories - DANCO ST-VK17 3&quot; Knife,Economy 3&quot; SS Bait Knife,text/html; charset=iso-8859-1,
https://www.twstackle.com/products/danco-wccs7-ri-e-011-7--cutters%7C811326033180.html,200,Categories - DANCO WCCS7-RI-E-011 7&quot; Cutters,"Essential Series, 45C Carbon Steel, 7&quot; Wire Cutters",text/html; charset=iso-8859-1,
https://www.twstackle.com/products/danco-zscaler-scaler%7C811326039557.html,200,Categories - DANCO ZSCALER Scaler,Fish Scaler,text/html; charset=iso-8859-1,
https://www.twstackle.com/products/darex-wsedcmcr-micro-shprn-knife%7C662949040068.html,200,Categories - DAREX WSEDCMCR Micro Shprn/Knife,DAREX WSEDCMCR Micro Shprn/Knife,text/html; charset=iso-8859-1,
https://www.twstackle.com/products/dexter-01483-s131f-6%7C092187014833.html,200,Categories - DEXTER 01483 S131F-6,DEXTER 01483 S131F-6,text/html; charset=iso-8859-1,
https://www.twstackle.com/products/dexter-10203-s133-7%7C092187102035.html,200,Categories - DEXTER 10203 S133-7,DEXTER 10203 S133-7,text/html; charset=iso-8859-1,
https://www.twstackle.com/products/dexter-10473-s121-oysterknife%7C092187104732.html,200,Categories - DEXTER 10473 S121 OYSTERKNIFE,DEXTER 10473 S121 OYSTERKNIFE,text/html; charset=iso-8859-1,
https://www.twstackle.com/products/dexter-19173-s133-7ws1%7C092187191732.html,200,Categories - DEXTER 19173 S133-7WS1,DEXTER 19173 S133-7WS1,text/html; charset=iso-8859-1,
https://www.twstackle.com/products/dexter-19183-s133-8ws1%7C092187191831.html,200,Categories - DEXTER 19183 S133-8WS1,DEXTER 19183 S133-8WS1,text/html; charset=iso-8859-1,
https://www.twstackle.com/products/dexter-20450-ws1-scabbard%7C092187204500.html,200,Categories - DEXTER 20450 WS1 SCABBARD,DEXTER 20450 WS1 SCABBARD,text/html; charset=iso-8859-1,
https://www.twstackle.com/products/dexter-24263-sg142-9sc%7C092187242632.html,200,Categories - DEXTER 24263 SG142-9SC,DEXTER 24263 SG142-9SC,text/html; charset=iso-8859-1,
https://www.twstackle.com/products/dexter-24293-sg142-8te%7C092187242939.html,200,Categories - DEXTER 24293 SG142-8TE,DEXTER 24293 SG142-8TE,text/html; charset=iso-8859-1,
https://www.twstackle.com/products/dexter-31608-7--basics%7C092187316081.html,200,Categories - DEXTER 31608 7&quot; BASICS,DEXTER 31608 7&quot; BASICS,text/html; charset=iso-8859-1,
https://www.twstackle.com/products/dexter-31609-8--basics%7C092187316098.html,200,Categories - DEXTER 31609 8&quot; BASICS,DEXTER 31609 8&quot; BASICS,text/html; charset=iso-8859-1,
https://www.twstackle.com/products/dexter-31614-6--basics%7C092187316142.html,200,Categories - DEXTER 31614 6&quot; BASICS,DEXTER 31614 6&quot; BASICS,text/html; charset=iso-8859-1,
https://www.twstackle.com/products/dexter-p40843-paring-knife%7C400544000182.html,200,Categories - DEXTER P40843 PARING KNIFE,DEXTER P40843 PARING KNIFE,text/html; charset=iso-8859-1,
https://www.twstackle.com/products/dexter-p40846-paring-knife%7C400544000175.html,200,Categories - DEXTER P40846 PARING KNIFE,DEXTER P40846 PARING KNIFE,text/html; charset=iso-8859-1,
https://www.twstackle.com/products/dolphin-pink-white-mesh-woman-s-cap-1285.html,200,Categories - Dolphin Pink/White Mesh Woman's Cap,Woman,text/html; charset=iso-8859-1,
https://www.twstackle.com/products/down-east-s-10-rod-holder%7C013307190107.html,200,Categories - DOWN-EAST S-10 Rod Holder,DOWN-EAST S-10 Rod Holder,text/html; charset=iso-8859-1,
https://www.twstackle.com/products/e-metal-300199-battery-pk-12v-aa%7C400002099482.html,200,Categories - E.METAL 300199 Battery Pk 12V AA,E.METAL 300199 Battery Pk 12V AA,text/html; charset=iso-8859-1,
https://www.twstackle.com/products/e-metal-works-1-x-9-a-h-bkpole%7C400002120810.html,200,Categories - E.Metal Works 1&quot;x 9 A/H BkPole,E.Metal Works 1&quot;x 9 A/H BkPole,text/html; charset=iso-8859-1,
https://www.twstackle.com/products/e-metal-works-1-x10-a-h-bkpole%7C400001056677.html,200,Categories - E.Metal Works 1&quot;x10 A/H BkPole,E.Metal Works 1&quot;x10 A/H BkPole,text/html; charset=iso-8859-1,
https://www.twstackle.com/products/e-metal-works-300004-r10tb-rake%7C812091020047.html,200,Categories - E.METAL WORKS 300004/R10TB Rake,E.METAL WORKS 300004/R10TB Rake,text/html; charset=iso-8859-1,
https://www.twstackle.com/products/e-metal-works-300016-10t-ss-rake%7C812091020153.html,200,Categories - E.METAL WORKS 300016 10T SS Rake,E.METAL WORKS 300016 10T SS Rake,text/html; charset=iso-8859-1,
https://www.twstackle.com/products/e-metal-works-300017-12t-rake%7C812091020160.html,200,Categories - E.METAL WORKS 300017 12T Rake,E.METAL WORKS 300017 12T Rake,text/html; charset=iso-8859-1,
https://www.twstackle.com/products/e-metal-works-300066-flea-scoop%7C812091021266.html,200,Categories - E.METAL WORKS 300066 Flea Scoop,E.METAL WORKS 300066 Flea Scoop,text/html; charset=iso-8859-1,
https://www.twstackle.com/products/e-metal-works-300067-flea-scoop%7C812091021273.html,200,Categories - E.METAL WORKS 300067 Flea Scoop,E.METAL WORKS 300067 Flea Scoop,text/html; charset=iso-8859-1,
https://www.twstackle.com/products/e-metal-works-300068-flea-scoop%7C812091021280.html,200,Categories - E.METAL WORKS 300068 Flea Scoop,E.METAL WORKS 300068 Flea Scoop,text/html; charset=iso-8859-1,
https://www.twstackle.com/products/e-metal-works-300069-sandspike%7C812091020832.html,200,Categories - E.METAL WORKS 300069 SandSpike,E.METAL WORKS 300069 SandSpike,text/html; charset=iso-8859-1,
https://www.twstackle.com/products/e-metal-works-300078-ss-piergaff%7C812091021648.html,200,Categories - E.METAL WORKS 300078 SS PierGaff,E.METAL WORKS 300078 SS PierGaff,text/html; charset=iso-8859-1,
https://www.twstackle.com/products/e-metal-works-300083-sandspike-l%7C812091021655.html,200,Categories - E.METAL WORKS 300083 SandSpike-L,E.METAL WORKS 300083 SandSpike-L,text/html; charset=iso-8859-1,
https://www.twstackle.com/products/e-metal-works-300084-l-sandspike%7C812091021662.html,200,Categories - E.METAL WORKS 300084 L SANDSPIKE,E.METAL WORKS 300084 L SANDSPIKE,text/html; charset=iso-8859-1,
https://www.twstackle.com/products/e-metal-works-300101-ss-hk-remvr%7C812091021334.html,200,Categories - E.METAL WORKS 300101 SS Hk Remvr,E.METAL WORKS 300101 SS Hk Remvr,text/html; charset=iso-8859-1,
https://www.twstackle.com/products/e-metal-works-300102-ss-hk-remvr%7C812091022225.html,200,Categories - E.METAL WORKS 300102 SS Hk Remvr,E.METAL WORKS 300102 SS Hk Remvr,text/html; charset=iso-8859-1,
https://www.twstackle.com/products/e-metal-works-300115-remvr-long%7C812091022362.html,200,Categories - E.METAL WORKS 300115 Remvr-Long,E.METAL WORKS 300115 Remvr-Long,text/html; charset=iso-8859-1,
https://www.twstackle.com/products/e-metal-works-300116-remvr-long%7C812091022621.html,200,Categories - E.METAL WORKS 300116 Remvr-Long,E.METAL WORKS 300116 Remvr-Long,text/html; charset=iso-8859-1,
https://www.twstackle.com/products/e-metal-works-300155-hvy-prong%7C812091020368.html,200,Categories - E.METAL WORKS 300155 HVY PRONG,E.METAL WORKS 300155 HVY PRONG,text/html; charset=iso-8859-1,
https://www.twstackle.com/products/e-metal-works-300160-gig-pole-%7C812091020436.html,200,Categories - E.METAL WORKS 300160 Gig(Pole),E.METAL WORKS 300160 Gig(Pole),text/html; charset=iso-8859-1,
https://www.twstackle.com/products/e-metal-works-300167-handheld%7C812091021495.html,200,Categories - E.METAL WORKS 300167 Handheld,E.METAL WORKS 300167 Handheld,text/html; charset=iso-8859-1,
https://www.twstackle.com/products/e-metal-works-301199-harpoondart%7C812091022812.html,200,Categories - E.METAL WORKS 301199 HarpoonDart,E.METAL WORKS 301199 HarpoonDart,text/html; charset=iso-8859-1,
https://www.twstackle.com/products/e-metal-works-gig-combo-10-%7C400001056592.html,200,Categories - E.METAL WORKS GIG COMBO 10',E.METAL WORKS GIG COMBO 10,text/html; charset=iso-8859-1,
https://www.twstackle.com/products/e-metal-works-gig-combo-7-8-%7C400001056615.html,200,Categories - E.METAL WORKS GIG COMBO 7-8',E.METAL WORKS GIG COMBO 7-8,text/html; charset=iso-8859-1,
https://www.twstackle.com/products/e-metal-works-gig-combo-9-%7C400002120827.html,200,Categories - E.METAL WORKS GIG COMBO 9',E.METAL WORKS GIG COMBO 9,text/html; charset=iso-8859-1,
https://www.twstackle.com/products/e-metal-works-harpoon-pole-only%7C400002125662.html,200,Categories - E.METAL WORKS Harpoon Pole ONLY,E.METAL WORKS Harpoon Pole ONLY,text/html; charset=iso-8859-1,
https://www.twstackle.com/products/eagle-claw-03030-002-scaler%7C047708707480.html,200,Categories - EAGLE CLAW 03030-002 SCALER,EAGLE CLAW 03030-002 SCALER,text/html; charset=iso-8859-1,
https://www.twstackle.com/products/eagle-claw-03050-006-oyster-kn%7C047708648660.html,200,Categories - EAGLE CLAW 03050-006 Oyster Kn,EAGLE CLAW 03050-006 Oyster Kn,text/html; charset=iso-8859-1,
https://www.twstackle.com/products/eagle-claw-04080-001-fishing%7C047708707299.html,200,Categories - EAGLE CLAW 04080-001 Fishing,EAGLE CLAW 04080-001 Fishing,text/html; charset=iso-8859-1,
https://www.twstackle.com/products/eagle-claw-04100-001-rod-hold%7C047708707329.html,200,Categories - EAGLE CLAW 04100-001 Rod Hold,EAGLE CLAW 04100-001 Rod Hold,text/html; charset=iso-8859-1,
https://www.twstackle.com/products/eagle-claw-04220-002-clam-rake%7C047708712491.html,200,Categories - EAGLE CLAW 04220-002 Clam Rake,EAGLE CLAW 04220-002 Clam Rake,text/html; charset=iso-8859-1,
https://www.twstackle.com/products/eagle-claw-04300-004-stringer%7C047708706650.html,200,Categories - EAGLE CLAW 04300-004 Stringer,EAGLE CLAW 04300-004 Stringer,text/html; charset=iso-8859-1,
https://www.twstackle.com/products/eagle-claw-04300-005-chain-str%7C047708706667.html,200,Categories - EAGLE CLAW 04300-005 Chain Str,EAGLE CLAW 04300-005 Chain Str,text/html; charset=iso-8859-1,
https://www.twstackle.com/products/eagle-claw-10030-001-floating%7C047708706575.html,200,Categories - EAGLE CLAW 10030-001 Floating,EAGLE CLAW 10030-001 Floating,text/html; charset=iso-8859-1,
https://www.twstackle.com/products/eagle-claw-10060-001-crab-net%7C047708712989.html,200,Categories - EAGLE CLAW 10060-001 Crab Net,EAGLE CLAW 10060-001 Crab Net,text/html; charset=iso-8859-1,
https://www.twstackle.com/products/eagle-claw-10060-003-pier-net%7C047708709781.html,200,Categories - EAGLE CLAW 10060-003 Pier Net,EAGLE CLAW 10060-003 Pier Net,text/html; charset=iso-8859-1,
https://www.twstackle.com/products/eagle-claw-10160-002-crab-net%7C047708712835.html,200,Categories - EAGLE CLAW 10160-002 Crab Net,EAGLE CLAW 10160-002 Crab Net,text/html; charset=iso-8859-1,
https://www.twstackle.com/products/eagle-claw-10160-006-tongs%7C047708648677.html,200,Categories - EAGLE CLAW 10160-006 Tongs,EAGLE CLAW 10160-006 Tongs,text/html; charset=iso-8859-1,
https://www.twstackle.com/products/eagle-claw-10160-015-shell-fi%7C047708648769.html,200,Categories - EAGLE CLAW 10160-015 Shell Fi,EAGLE CLAW 10160-015 Shell Fi,text/html; charset=iso-8859-1,
https://www.twstackle.com/products/eagle-claw-10161-048-crab-line%7C047708639989.html,200,Categories - EAGLE CLAW 10161-048 Crab Line,EAGLE CLAW 10161-048 Crab Line,text/html; charset=iso-8859-1,
https://www.twstackle.com/products/eagle-claw-11020-001-frog-spe%7C047708706438.html,200,Categories - EAGLE CLAW 11020-001 Frog Spe,EAGLE CLAW 11020-001 Frog Spe,text/html; charset=iso-8859-1,
https://www.twstackle.com/products/eagle-claw-11050-003-fillet-bo%7C047708706070.html,200,Categories - EAGLE CLAW 11050-003 Fillet Bo,EAGLE CLAW 11050-003 Fillet Bo,text/html; charset=iso-8859-1,
https://www.twstackle.com/products/eagle-claw-bwh-boot-waderhang%7C047708639866.html,200,Categories - EAGLE CLAW BWH Boot WaderHang,EAGLE CLAW BWH Boot WaderHang,text/html; charset=iso-8859-1,
https://www.twstackle.com/products/eagle-claw-bwhdx-deluxe-boot-h%7C047708738255.html,200,Categories - EAGLE CLAW BWHDX Deluxe Boot H,EAGLE CLAW BWHDX Deluxe Boot H,text/html; charset=iso-8859-1,
https://www.twstackle.com/products/eagle-claw-tlbrdscissor-scisso%7C047708719742.html,200,Categories - EAGLE CLAW TLBRDSCISSOR Scisso,EAGLE CLAW TLBRDSCISSOR Scisso,text/html; charset=iso-8859-1,
https://www.twstackle.com/products/ego-71151-l-19--rbbr-land-net%7C756841711512.html,200,Categories - EGO 71151 L 19&quot; Rbbr Land.Net,EGO 71151 L 19&quot; Rbbr Land.Net,text/html; charset=iso-8859-1,
https://www.twstackle.com/products/ego-71363-m-pvc-mesh-land-net%7C756841713639.html,200,Categories - EGO 71363 M PVC Mesh Land.Net,EGO 71363 M PVC Mesh Land.Net,text/html; charset=iso-8859-1,
https://www.twstackle.com/products/ego-71370-small-landing-net%7C756841713707.html,200,Categories - EGO 71370 Small Landing Net,EGO 71370 Small Landing Net,text/html; charset=iso-8859-1,
https://www.twstackle.com/products/ego-71371-s-15--rbbr-land-net%7C756841713714.html,200,Categories - EGO 71371 S 15&quot; Rbbr Land.Net,EGO 71371 S 15&quot; Rbbr Land.Net,text/html; charset=iso-8859-1,
https://www.twstackle.com/products/ego-71590-small-trout-net%7C756841715909.html,200,Categories - EGO 71590 Small Trout Net,EGO 71590 Small Trout Net,text/html; charset=iso-8859-1,
https://www.twstackle.com/products/ego-75017-mini-grip-tool%7C756841750177.html,200,Categories - EGO 75017 Mini Grip Tool,EGO 75017 Mini Grip Tool,text/html; charset=iso-8859-1,
https://www.twstackle.com/products/ego-75157-kryptek-s1-lrg-landnet%7C756841751570.html,200,Categories - EGO 75157 Kryptek S1 Lrg LandNet,EGO 75157 Kryptek S1 Lrg LandNet,text/html; charset=iso-8859-1,
https://www.twstackle.com/products/engel-13-quart-drybox-cooler---blue-3222.html,200,Categories - Engel 13 Quart Drybox/Cooler - Blue,Engel 13 Quart Drybox/Cooler - Blue,text/html; charset=iso-8859-1,
https://www.twstackle.com/products/engel-13-quart-drybox-cooler---high-vis-orange-3200.html,200,Categories - Engel 13 Quart Drybox/Cooler - High Vis Orange,Engel 13 Quart Drybox/Cooler - High Vis Orange,text/html; charset=iso-8859-1,
https://www.twstackle.com/products/engel-13-quart-drybox-cooler-with-rod-holders--tan-3231.html,200,Categories - Engel 13 Quart Drybox/Cooler with Rod Holders- Tan,Engel 13 Quart Drybox/Cooler with Rod Holders- Tan,text/html; charset=iso-8859-1,
https://www.twstackle.com/products/engel-13-quart-live-bait-drybox-cooler---white-3215.html,200,Categories - Engel 13 Quart Live Bait Drybox/Cooler - White,Engel 13 Quart Live Bait Drybox/Cooler - White,text/html; charset=iso-8859-1,
https://www.twstackle.com/products/engel-19-quart-drybox-cooler-with-rod-holders--white-3228.html,200,Categories - Engel 19 Quart Drybox/Cooler with Rod Holders- White,Engel 19 Quart Drybox/Cooler with Rod Holders- White,text/html; charset=iso-8859-1,
https://www.twstackle.com/products/engel-7-5-quart-live-bait-drybox-cooler---white-3203.html,200,Categories - Engel 7.5 Quart Live Bait Drybox/Cooler - White,Engel 7.5 Quart Live Bait Drybox/Cooler - White,text/html; charset=iso-8859-1,
https://www.twstackle.com/products/engel-ac-adapter-for-engel-live-bait-pump-3216.html,200,Categories - Engel AC Adapter for Engel Live Bait Pump,Engel AC Adapter for Engel Live Bait Pump,text/html; charset=iso-8859-1,
https://www.twstackle.com/products/engel-live-bait-cooler-for-net-for-7-5-quart-3202.html,200,Categories - Engel Live Bait Cooler for Net for 7.5 Quart,Engel Live Bait Cooler for Net for 7.5 Quart,text/html; charset=iso-8859-1,
https://www.twstackle.com/products/engel-live-bait-cooler-net-for-13-quart-3218.html,200,Categories - Engel Live Bait Cooler Net for 13 Quart,Engel Live Bait Cooler Net for 13 Quart,text/html; charset=iso-8859-1,
https://www.twstackle.com/products/fathom-dr1212-blk-dredge-2tier%7C742271515349.html,200,Categories - FATHOM DR1212-BLK Dredge 2Tier,FATHOM DR1212-BLK Dredge 2Tier,text/html; charset=iso-8859-1,
https://www.twstackle.com/products/fathom-dr1212-blu-dredge-2tier%7C742271515301.html,200,Categories - FATHOM DR1212-BLU Dredge 2Tier,FATHOM DR1212-BLU Dredge 2Tier,text/html; charset=iso-8859-1,
https://www.twstackle.com/products/fathom-dr1212-body10-pr-dredge%7C742271515370.html,200,Categories - FATHOM DR1212-BODY10-PR Dredge,FATHOM DR1212-BODY10-PR Dredge,text/html; charset=iso-8859-1,
https://www.twstackle.com/products/fathom-dr1212-body4-pr-dredge%7C742271515318.html,200,Categories - FATHOM DR1212-BODY4-PR Dredge,FATHOM DR1212-BODY4-PR Dredge,text/html; charset=iso-8859-1,
https://www.twstackle.com/products/fathom-dr1212-body5-pr-dredge%7C742271515325.html,200,Categories - FATHOM DR1212-BODY5-PR Dredge,FATHOM DR1212-BODY5-PR Dredge,text/html; charset=iso-8859-1,
https://www.twstackle.com/products/fathom-dr1212-pprl-dredge-2tier%7C742271515387.html,200,Categories - FATHOM DR1212-PPRL Dredge 2Tier,FATHOM DR1212-PPRL Dredge 2Tier,text/html; charset=iso-8859-1,
https://www.twstackle.com/products/fathom-oc22-04-lure-skirts-3659.html,200,Categories - FATHOM OC22-04 Lure Skirts,# FATHOM OC22-04 Lure Skirts,text/html; charset=iso-8859-1,
https://www.twstackle.com/products/fathom-tw-fwc4-707-fish-wt%7C799599672957.html,200,Categories - FATHOM TW-FWC4-707 Fish Wt,FATHOM TW-FWC4-707 Fish Wt,text/html; charset=iso-8859-1,
https://www.twstackle.com/products/fathom-tw-fwc8-707-fish-wt%7C799599674982.html,200,Categories - FATHOM TW-FWC8-707 Fish Wt,FATHOM TW-FWC8-707 Fish Wt,text/html; charset=iso-8859-1,
https://www.twstackle.com/products/feelfree-148--crate-bag-3273.html,200,Categories - FEELFREE 148&nbsp;&nbsp;Crate Bag,Feelfree Kayak Camo Crate Bag,text/html; charset=iso-8859-1,
https://www.twstackle.com/products/feelfree-47021-org-track-clip-3272.html,200,Categories - FEELFREE 47021 Org Track Clip,Feelfree Kayak - Orange Track Clip,text/html; charset=iso-8859-1,
https://www.twstackle.com/products/feelfree-5-day-tourer--2pc-pddl-3274.html,200,Categories - FEELFREE 5 DAY TOURER&nbsp;&nbsp;2pc Pddl,Feelfree Kayak - Paddle - Day Tourer - Fiberglass 2 Piece,text/html; charset=iso-8859-1,
https://www.twstackle.com/products/feelfree-50015-paddle-leash-3271.html,200,Categories - FEELFREE 50015 Paddle Leash,Feelfree Kayak - Paddle Leash,text/html; charset=iso-8859-1,
https://www.twstackle.com/products/feelfree-50039-drain-plug-3270.html,200,Categories - FEELFREE 50039 Drain Plug,Feelfree Kayak - Drain Plug,text/html; charset=iso-8859-1,
https://www.twstackle.com/products/feelfree-50046-scupper-plugs-pr--3269.html,200,Categories - FEELFREE 50046 Scupper Plugs(pr),Feelfree Kayak - Scupper Plug (pair),text/html; charset=iso-8859-1,
https://www.twstackle.com/products/feelfree-50404-fishing-rod-holde-3268.html,200,Categories - FEELFREE 50404 Fishing Rod Holde,"Feelfree Kayak -Fishing Rod Holder - Large - Single for Moken 12.5, 14 and",text/html; charset=iso-8859-1,
https://www.twstackle.com/products/feelfree-50954-fishing-rod-holde-3267.html,200,Categories - FEELFREE 50954 Fishing Rod Holde,Feelfree Kayak -Fishing Rod Holder - Medium - Pair,text/html; charset=iso-8859-1,
https://www.twstackle.com/products/feelfree-51104-uni-bar-standard-3265.html,200,Categories - FEELFREE 51104 Uni Bar-Standard,Feelfree Kayak - Uni Bar - Standard,text/html; charset=iso-8859-1,
https://www.twstackle.com/products/feelfree-51234-stand-up-bar-3263.html,200,Categories - FEELFREE 51234 Stand Up Bar,Feelfree Kayak - Stand Up Bar,text/html; charset=iso-8859-1,
https://www.twstackle.com/products/feelfree-52187-boat-rudder-3862.html,200,Categories - FEELFREE 52187 Boat Rudder,Feelfree Kayak - Boat Rudder,text/html; charset=iso-8859-1,
https://www.twstackle.com/products/feelfree-52194-uni-track-v2-3264.html,200,Categories - FEELFREE 52194 Uni-Track V2,Feelfree Kayak - Uni-Track V2 Accessory Mount,text/html; charset=iso-8859-1,
https://www.twstackle.com/products/feelfree-52200-uni-track-v2-3261.html,200,Categories - FEELFREE 52200 Uni-Track V2,Feelfree Kayak - Uni-Track V2,text/html; charset=iso-8859-1,
https://www.twstackle.com/products/feelfree-66160-move-angler-3260.html,200,Categories - FEELFREE 66160 Move Angler,Feelfree Kayak - Move Angler for Kids - Desert Camo,text/html; charset=iso-8859-1,
https://www.twstackle.com/products/feelfree-66191-move-angler-3259.html,200,Categories - FEELFREE 66191 Move Angler,Feelfree Kayak - Move Angler for Kids - Pink Camo,text/html; charset=iso-8859-1,
https://www.twstackle.com/products/feelfree-69512-lure-ii-tandem-3255.html,200,Categories - FEELFREE 69512 Lure II Tandem,Feelfree Kayak - Lure II - Tandem - Winter Camo,text/html; charset=iso-8859-1,
https://www.twstackle.com/products/feelfree-70433-moken-12-5-v2-3246.html,200,Categories - FEELFREE 70433 Moken 12.5 V2,Feelfree Kayak - Moken 12.5 - V2 - Desert Camo,text/html; charset=iso-8859-1,
https://www.twstackle.com/products/feelfree-70471-lure-10-v2-3258.html,200,Categories - FEELFREE 70471 Lure 10 V2,Feelfree Kayak - Lure 10 V2 - Desert Camo,text/html; charset=iso-8859-1,
https://www.twstackle.com/products/feelfree-70655-lure-11-5-v2-camo-3257.html,200,Categories - FEELFREE 70655 Lure 11.5 V2 Camo,Feelfree Kayak - Lure 11.5 V2 - Ocean Camo,text/html; charset=iso-8859-1,
https://www.twstackle.com/products/feelfree-71041-lure-11-5-v2-od-3256.html,200,Categories - FEELFREE 71041 Lure 11.5 V2-OD,Feelfree Kayak - Lure 11.5 V2 Overdrive - Ocean Camo,text/html; charset=iso-8859-1,
https://www.twstackle.com/products/feelfree-71065-lure-ii-tndm-od-3254.html,200,Categories - FEELFREE 71065 Lure II Tndm OD,Feelfree Kayak - Lure II - Tandem - Overdrive - Ocean Camo,text/html; charset=iso-8859-1,
https://www.twstackle.com/products/feelfree-71102-angler-pd-w-rpd-3253.html,200,Categories - FEELFREE 71102 Angler PD w/RPD,Feelfree Kayak - Angler PD - w/ Rapid Pedal Drive - Terra Camo,text/html; charset=iso-8859-1,
https://www.twstackle.com/products/feelfree-71362-lure-13-5-v2-camo-3252.html,200,Categories - FEELFREE 71362 Lure 13.5 V2 Camo,Feelfree Kayak - Lure 13.5 V2 - Desert Camo,text/html; charset=iso-8859-1,
https://www.twstackle.com/products/feelfree-71379-lure-13-5-v2-camo-3251.html,200,Categories - FEELFREE 71379 Lure 13.5 V2 Camo,Feelfree Kayak - Lure 13.5 V2 - Winter Camo,text/html; charset=iso-8859-1,
https://www.twstackle.com/products/feelfree-71416-lure-13-5-v2-od-3250.html,200,Categories - FEELFREE 71416 Lure 13.5 V2-OD,Feelfree Kayak - Lure 13.5 V2 Overdrive - Desert Camo,text/html; charset=iso-8859-1,
https://www.twstackle.com/products/feelfree-72505-openwater-v2-3249.html,200,Categories - FEELFREE 72505 Openwater V2,Feelfree Kayak - Openwater - V2 - Urban Camo,text/html; charset=iso-8859-1,
https://www.twstackle.com/products/feelfree-72628-moken-12-5-v2-3245.html,200,Categories - FEELFREE 72628 Moken 12.5 V2,Feelfree Kayak - Moken 12.5 - V2 - Seafoam Camo,text/html; charset=iso-8859-1,
https://www.twstackle.com/products/feelfree-72765-moken-12-5-v2-3244.html,200,Categories - FEELFREE 72765 Moken 12.5 V2,Feelfree Kayak - Moken 12.5 - V2 - Green Flash,text/html; charset=iso-8859-1,
https://www.twstackle.com/products/feelfree-72963-flash-w-rpd-pdl-3242.html,200,Categories - FEELFREE 72963 Flash w/Rpd Pdl,Feelfree Kayak - w/ Rapid Pedal Drive - Field and Stream (L/W/LB),text/html; charset=iso-8859-1,
https://www.twstackle.com/products/feelfree-73069-angler-pd-w-rpd-3240.html,200,Categories - FEELFREE 73069 Angler PD w/RPD,Feelfree Kayak - Angler PD - w/ Rapid Pedal Drive - Seafoam,text/html; charset=iso-8859-1,
https://www.twstackle.com/products/fish-bites-0001-strips-shrimp%7C838380000019.html,200,Categories - FISH BITES 0001 STRIPS SHRIMP,FISH BITES 0001 STRIPS SHRIMP,text/html; charset=iso-8859-1,
https://www.twstackle.com/products/fish-bites-0004-strips-shrimp%7C838380000040.html,200,Categories - FISH BITES 0004 STRIPS SHRIMP,FISH BITES 0004 STRIPS SHRIMP,text/html; charset=iso-8859-1,
https://www.twstackle.com/products/fish-bites-0034-bloodworm-long%7C838380000347.html,200,Categories - FISH BITES 0034 BLOODWORM LONG,FISH BITES 0034 BLOODWORM LONG,text/html; charset=iso-8859-1,
https://www.twstackle.com/products/fish-bites-0039-strips-crab%7C838380000392.html,200,Categories - FISH BITES 0039 STRIPS CRAB,FISH BITES 0039 STRIPS CRAB,text/html; charset=iso-8859-1,
https://www.twstackle.com/products/fish-bites-0050-strips-sandflea%7C838380000507.html,200,Categories - FISH BITES 0050 STRIPS SANDFLEA,FISH BITES 0050 STRIPS SANDFLEA,text/html; charset=iso-8859-1,
https://www.twstackle.com/products/fish-bites-0064-ez-clam%7C838380000644.html,200,Categories - FISH BITES 0064 EZ CLAM,FISH BITES 0064 EZ CLAM,text/html; charset=iso-8859-1,
https://www.twstackle.com/products/fish-bites-0078-ez-crab%7C838380000781.html,200,Categories - FISH BITES 0078 EZ CRAB,FISH BITES 0078 EZ CRAB,text/html; charset=iso-8859-1,
https://www.twstackle.com/products/fish-bites-0088-e-z-shrimp%7C838380000880.html,200,Categories - FISH BITES 0088 E-Z SHRIMP,FISH BITES 0088 E-Z SHRIMP,text/html; charset=iso-8859-1,
https://www.twstackle.com/products/fish-bites-0089-e-z-shrimp%7C838380000897.html,200,Categories - FISH BITES 0089 E-Z SHRIMP,FISH BITES 0089 E-Z SHRIMP,text/html; charset=iso-8859-1,
https://www.twstackle.com/products/fish-bites-0095-ez-squid%7C838380000958.html,200,Categories - FISH BITES 0095 EZ SQUID,FISH BITES 0095 EZ SQUID,text/html; charset=iso-8859-1,
https://www.twstackle.com/products/fish-bites-0100-ez-flea%7C838380001009.html,200,Categories - FISH BITES 0100 EZ FLEA,FISH BITES 0100 EZ FLEA,text/html; charset=iso-8859-1,
https://www.twstackle.com/products/fish-bites-0103-bloodworm-fast%7C838380001030.html,200,Categories - FISH BITES 0103 BLOODWORM FAST,FISH BITES 0103 BLOODWORM FAST,text/html; charset=iso-8859-1,
https://www.twstackle.com/products/fish-bites-0141-e-z-shrimp%7C838380001412.html,200,Categories - FISH BITES 0141 E-Z SHRIMP,FISH BITES 0141 E-Z SHRIMP,text/html; charset=iso-8859-1,
https://www.twstackle.com/products/fish-grip-01-3708-o-jr-jnr%7C859370000796.html,200,Categories - FISH GRIP 01-3708-O-JR Jnr,FISH GRIP 01-3708-O-JR Jnr,text/html; charset=iso-8859-1,
https://www.twstackle.com/products/fish-monkey-fm11-half-finger-guide-glove%7CFM11.html,200,Categories - Fish Monkey FM11 Half Finger Guide Glove,Fish Monkey FM11 Half Finger Guide Glove,text/html; charset=iso-8859-1,
https://www.twstackle.com/products/fish-monkey-fm21-pro-365-guide-glove%7CFM21.html,200,Categories - Fish Monkey FM21 Pro 365 Guide Glove,Fish Monkey FM21 Pro 365 Guide Glove,text/html; charset=iso-8859-1,
https://www.twstackle.com/products/fish-monkey-fm22-free-style-custom-fit-glove%7CFM22.html,200,Categories - Fish Monkey FM22 Free Style Custom Fit Glove,Fish Monkey FM22 Free Style Custom Fit Glove,text/html; charset=iso-8859-1,
https://www.twstackle.com/products/fish-monkey-fm32-wooly-full-finger-glove%7CFM32.html,200,Categories - Fish Monkey FM32 Wooly Full Finger Glove,Fish Monkey FM32 Wooly Full Finger Glove,text/html; charset=iso-8859-1,
https://www.twstackle.com/products/fish-monkey-fm33-task-fleece-glove%7CFM33.html,200,Categories - Fish Monkey FM33 Task Fleece Glove,Fish Monkey FM33 Task Fleece Glove,text/html; charset=iso-8859-1,
https://www.twstackle.com/products/fish-monkey-fm38-stealth-dry-tec-glove%7CFM38.html,200,Categories - Fish Monkey FM38 Stealth Dry-Tec Glove,Fish Monkey FM38 Stealth Dry-Tec Glove,text/html; charset=iso-8859-1,
https://www.twstackle.com/products/fish-monkey-fm40-performance-face-guard%7CFM40.html,200,Categories - Fish Monkey FM40 Performance Face Guard,Fish Monkey FM40 Performance Face Guard,text/html; charset=iso-8859-1,
https://www.twstackle.com/products/flambeau-6170vb-belt-baitbx-6610%7C071617066109.html,200,Categories - FLAMBEAU 6170VB Belt BaitBx 6610,FLAMBEAU 6170VB Belt BaitBx 6610,text/html; charset=iso-8859-1,
https://www.twstackle.com/products/flambeau-6547hm-tuff6-4007zrst%7C071617003319.html,200,Categories - FLAMBEAU 6547HM Tuff6 4007ZRST,FLAMBEAU 6547HM Tuff6 4007ZRST,text/html; charset=iso-8859-1,
https://www.twstackle.com/products/fox-knives-fx609od-bushman-fixed-blade-knife%7C788857727164.html,200,Categories - Fox Knives FX609OD Bushman Fixed Blade Knife,Fox Knives FX609OD Bushman Fixed Blade Knife,text/html; charset=iso-8859-1,
https://www.twstackle.com/products/frabill-1936-expandable-bump-b%7C082271019363.html,200,Categories - Frabill 1936 Expandable Bump B,Frabill 1936 Expandable Bump B,text/html; charset=iso-8859-1,
https://www.twstackle.com/products/frabill-4501-flow-troll-bucket%7C082271145017.html,200,Categories - FRABILL 4501 Flow Troll Bucket,FRABILL 4501 Flow Troll Bucket,text/html; charset=iso-8859-1,
https://www.twstackle.com/products/frabill-4602-fishnfun-bucket%7C082271146021.html,200,Categories - FRABILL 4602 FishNFun Bucket,FRABILL 4602 FishNFun Bucket,text/html; charset=iso-8859-1,
https://www.twstackle.com/products/frogg-toggs-2711926c-08-stlhdr-3573.html,200,Categories - FROGG TOGGS 2711926C-08 StlHdr,# FROGG TOGGS 2711926C-08 StlHdr,text/html; charset=iso-8859-1,
https://www.twstackle.com/products/frogg-toggs-2711926c-09-stlhdr-3572.html,200,Categories - FROGG TOGGS 2711926C-09 StlHdr,# FROGG TOGGS 2711926C-09 StlHdr,text/html; charset=iso-8859-1,
https://www.twstackle.com/products/frogg-toggs-2713243-07-wader-3607.html,200,Categories - Frogg Toggs 2713243-07 Wader,FROGG TOGGS 2713243-07 WADER,text/html; charset=iso-8859-1,
https://www.twstackle.com/products/frogg-toggs-2713243-08-wader-3608.html,200,Categories - Frogg Toggs 2713243-08 Wader,FROGG TOGGS 2713243-08 WADER,text/html; charset=iso-8859-1,
https://www.twstackle.com/products/frogg-toggs-2713243-09-wader-3606.html,200,Categories - Frogg Toggs 2713243-09 Wader,FROGG TOGGS 2713243-09 WADER,text/html; charset=iso-8859-1,
https://www.twstackle.com/products/frogg-toggs-2713243-10-wader-3605.html,200,Categories - Frogg Toggs 2713243-10 Wader,FROGG TOGGS 2713243-10 WADER,text/html; charset=iso-8859-1,
https://www.twstackle.com/products/frogg-toggs-2713243-11-wader-3604.html,200,Categories - Frogg Toggs 2713243-11 Wader,FROGG TOGGS 2713243-11 WADER,text/html; charset=iso-8859-1,
https://www.twstackle.com/products/frogg-toggs-2713243-12-wader-3603.html,200,Categories - Frogg Toggs 2713243-12 Wader,FROGG TOGGS 2713243-12 WADER,text/html; charset=iso-8859-1,
https://www.twstackle.com/products/frogg-toggs-2713243-13-wader-3602.html,200,Categories - Frogg Toggs 2713243-13 Wader,FROGG TOGGS 2713243-13 WADER,text/html; charset=iso-8859-1,
https://www.twstackle.com/products/frogg-toggs-2716249-07-hippers-3601.html,200,Categories - FROGG TOGGS 2716249-07 Hippers,# FROGG TOGGS 2716249-07 Hippers,text/html; charset=iso-8859-1,
https://www.twstackle.com/products/frogg-toggs-28121-wading-belt-3609.html,200,Categories - FROGG TOGGS 28121 Wading Belt,FROGG TOGGS 28121 Wading Belt,text/html; charset=iso-8859-1,
https://www.twstackle.com/products/gamakatsu-p003-7-5--ss-pliers%7C089726112044.html,200,Categories - GAMAKATSU P003 7.5&quot; SS PLIERS,GAMAKATSU P003 7.5&quot; SS PLIERS,text/html; charset=iso-8859-1,
https://www.twstackle.com/products/gamakatsu-p004-5--sring-pliers%7C089726112051.html,200,Categories - GAMAKATSU P004 5&quot; SRING PLIERS,GAMAKATSU P004 5&quot; SRING PLIERS,text/html; charset=iso-8859-1,
https://www.twstackle.com/products/gator-grip-gg-18-golden-ruler%7C048045661800.html,200,Categories - Gator Grip GG-18 Golden Ruler,Gator Grip GG-18 Golden Ruler,text/html; charset=iso-8859-1,
https://www.twstackle.com/products/gator-grip-gg-22-golden-ruler%7C048045662203.html,200,Categories - Gator Grip GG-22 Golden Ruler,Gator Grip GG-22 Golden Ruler,text/html; charset=iso-8859-1,
https://www.twstackle.com/products/gator-grip-gg-32-red-fish-r%7C048045663200.html,200,Categories - GATOR GRIP GG-32 Red Fish R,GATOR GRIP GG-32 Red Fish R,text/html; charset=iso-8859-1,
https://www.twstackle.com/products/gerber-31-001134n-mini-multi-tl%7C013658125551.html,200,Categories - GERBER 31-001134N Mini Multi-Tl,GERBER 31-001134N Mini Multi-Tl,text/html; charset=iso-8859-1,
https://www.twstackle.com/products/get-bent-fishing-48--sand-spike%7C400002129882.html,200,Categories - GET BENT FISHING 48&quot; Sand Spike,GET BENT FISHING 48&quot; Sand Spike,text/html; charset=iso-8859-1,
https://www.twstackle.com/products/get-bent-fishing-60--sand-spike%7C400002129899.html,200,Categories - GET BENT FISHING 60&quot; Sand Spike,GET BENT FISHING 60&quot; Sand Spike,text/html; charset=iso-8859-1,
https://www.twstackle.com/products/gift-cards--e-card--3400.html,200,Categories - GIFT CARDS (E-CARD),"Available in any increment from $10-250. This E-Gift Card can be redeemed in store or online upon receiving confirmation email. Keep E-Gift Card Number and PIN, as you will need them to redeem gift card. Purchase Button in Lower Left-Hand Corner of Page",text/html; charset=iso-8859-1,
https://www.twstackle.com/products/grizzly-60---sandstone-3168.html,200,Categories - Grizzly 60 - Sandstone,Grizzly 60 - Sandstone,text/html; charset=iso-8859-1,
https://www.twstackle.com/products/grizzly-60---white-3183.html,200,Categories - Grizzly 60 - White,Grizzly 60 - White,text/html; charset=iso-8859-1,
https://www.twstackle.com/products/grundens-60008--dk-boss-ankle-bt%7C60008.html,200,Categories - GRUNDENS 60008&nbsp;&nbsp;Dk Boss Ankle Bt,GRUNDENS 60008 Dk Boss Ankle Bt,text/html; charset=iso-8859-1,
https://www.twstackle.com/products/grundens-60014--12--deck-boot%7C60014.html,200,Categories - GRUNDENS 60014&nbsp;&nbsp;12&quot; Deck Boot,GRUNDENS 60014 12&quot; Deck Boot,text/html; charset=iso-8859-1,
https://www.twstackle.com/products/heavy-duty-crossbar--pair--large-68-%7C736745011581.html,200,Categories - Heavy-Duty Crossbar (Pair)-Large-68&quot;,Heavy-Duty Crossbar (Pair)-Large-68&quot;,text/html; charset=iso-8859-1,
https://www.twstackle.com/products/hitchlock---locks-hitch-rack-to-vehicle%7C736745072353.html,200,Categories - HitchLock - Locks Hitch Rack to Vehicle,HitchLock - Locks Hitch Rack to Vehicle,text/html; charset=iso-8859-1,
https://www.twstackle.com/products/hothands-hh-2-hand-warmers%7C094733075893.html,200,Categories - HOTHANDS HH-2 Hand Warmers,HOTHANDS HH-2 Hand Warmers,text/html; charset=iso-8859-1,
https://www.twstackle.com/products/hothands-hh210pk48-hand-warmers%7C094733070119.html,200,Categories - HOTHANDS HH210PK48 Hand Warmers,HOTHANDS HH210PK48 Hand Warmers,text/html; charset=iso-8859-1,
https://www.twstackle.com/products/hq-outfitters-hq-swiv-gn-seat%7C768721539246.html,200,Categories - HQ OUTFITTERS HQ-SWIV-GN Seat,HQ OUTFITTERS HQ-SWIV-GN Seat,text/html; charset=iso-8859-1,
https://www.twstackle.com/products/hunters-05936-hs-strut-tone%7C021291059362.html,200,Categories - HUNTERS 05936 HS Strut Tone,HUNTERS 05936 HS Strut Tone,text/html; charset=iso-8859-1,
https://www.twstackle.com/products/identify---stadium-cups-17oz%7CSTADIUM.html,200,Categories - IDENTIFY&nbsp;&nbsp; Stadium Cups 17oz,IDENTIFY Stadium Cups 17oz,text/html; charset=iso-8859-1,
https://www.twstackle.com/products/identify-bc3fbb--bttl-coozie%7CBC3FBB.html,200,Categories - IDENTIFY BC3FBB&nbsp;&nbsp;BTTL COOZIE,IDENTIFY BC3FBB BTTL COOZIE,text/html; charset=iso-8859-1,
https://www.twstackle.com/products/identify-bcmf--bttl-coozie-mf%7CBCMF.html,200,Categories - IDENTIFY BCMF&nbsp;&nbsp;BTTL COOZIE-MF,IDENTIFY BCMF BTTL COOZIE-MF,text/html; charset=iso-8859-1,
https://www.twstackle.com/products/identify-pc3fbb--pkt-cool--bball%7CPC3FBB.html,200,Categories - IDENTIFY PC3FBB&nbsp;&nbsp;PKT COOL&nbsp;&nbsp;BBALL,IDENTIFY PC3FBB PKT COOL BBALL,text/html; charset=iso-8859-1,
https://www.twstackle.com/products/identify-pcmmo-pkt-cool--m-m-o%7CPCMMO.html,200,Categories - IDENTIFY PCMMO PKT COOL&nbsp;&nbsp;M/M/O,IDENTIFY PCMMO PKT COOL M/M/O,text/html; charset=iso-8859-1,
https://www.twstackle.com/products/identify-pcncm--pkt-cool--nc-mrl%7CPCNCM.html,200,Categories - IDENTIFY PCNCM&nbsp;&nbsp;PKT COOL&nbsp;&nbsp;NC MRL,IDENTIFY PCNCM PKT COOL NC MRL,text/html; charset=iso-8859-1,
https://www.twstackle.com/products/identify-skmf--slim-koozie-mfish%7CSKMF.html,200,Categories - IDENTIFY SKMF&nbsp;&nbsp;Slim Koozie-MFish,IDENTIFY SKMF Slim Koozie-MFish,text/html; charset=iso-8859-1,
https://www.twstackle.com/products/igloo-20018-20019-latch%7C034223200190.html,200,Categories - IGLOO 20018 20019 Latch,IGLOO 20018 20019 Latch,text/html; charset=iso-8859-1,
https://www.twstackle.com/products/igloo-20108-parts-kit-all-sizes%7C034223201098.html,200,Categories - IGLOO 20108 Parts Kit All Sizes,IGLOO 20108 Parts Kit All Sizes,text/html; charset=iso-8859-1,
https://www.twstackle.com/products/igloo-21023-handle-replac-set%7C034223210236.html,200,Categories - IGLOO 21023 Handle Replac.Set,IGLOO 21023 Handle Replac.Set,text/html; charset=iso-8859-1,
https://www.twstackle.com/products/igloo-21025-handle-replac-set%7C034223210250.html,200,Categories - IGLOO 21025 Handle Replac.Set,IGLOO 21025 Handle Replac.Set,text/html; charset=iso-8859-1,
https://www.twstackle.com/products/igloo-24005-24006-hinge-ss%7C034223240066.html,200,Categories - IGLOO 24005 24006 Hinge SS,IGLOO 24005 24006 Hinge SS,text/html; charset=iso-8859-1,
https://www.twstackle.com/products/igloo-24010-8139-drain-plug%7C034223097912.html,200,Categories - IGLOO 24010 8139 Drain Plug,IGLOO 24010 8139 Drain Plug,text/html; charset=iso-8859-1,
https://www.twstackle.com/products/igloo-24012-8135-24047-hinge%7C034223097899.html,200,Categories - IGLOO 24012 8135 24047 Hinge,IGLOO 24012 8135 24047 Hinge,text/html; charset=iso-8859-1,
https://www.twstackle.com/products/igloo-24013-8137-latch%7C034223097875.html,200,Categories - IGLOO 24013 8137 Latch,IGLOO 24013 8137 Latch,text/html; charset=iso-8859-1,
https://www.twstackle.com/products/igloo-24027-hinge-perax-plst%7C034223240271.html,200,Categories - IGLOO 24027 HINGE Perax Plst,IGLOO 24027 HINGE Perax Plst,text/html; charset=iso-8859-1,
https://www.twstackle.com/products/invincible-br51343-portableclamp%7C768721515172.html,200,Categories - INVINCIBLE BR51343 PortableClamp,INVINCIBLE BR51343 PortableClamp,text/html; charset=iso-8859-1,
https://www.twstackle.com/products/invincible-br52098-rod-holder%7C768721537402.html,200,Categories - INVINCIBLE BR52098 Rod Holder,INVINCIBLE BR52098 Rod Holder,text/html; charset=iso-8859-1,
https://www.twstackle.com/products/invincible-br52228-hldr-rail-mnt%7C768721471669.html,200,Categories - INVINCIBLE BR52228 Hldr Rail Mnt,INVINCIBLE BR52228 Hldr Rail Mnt,text/html; charset=iso-8859-1,
https://www.twstackle.com/products/invincible-br52708-anchor-line%7C768721473144.html,200,Categories - INVINCIBLE BR52708 ANCHOR LINE,INVINCIBLE BR52708 ANCHOR LINE,text/html; charset=iso-8859-1,
https://www.twstackle.com/products/invincible-br54842-drain-sn%7C768721472291.html,200,Categories - INVINCIBLE BR54842 Drain Sn,INVINCIBLE BR54842 Drain Sn,text/html; charset=iso-8859-1,
https://www.twstackle.com/products/invincible-br59404-trailer-rec%7C768721472949.html,200,Categories - INVINCIBLE BR59404 Trailer Rec,INVINCIBLE BR59404 Trailer Rec,text/html; charset=iso-8859-1,
https://www.twstackle.com/products/invincible-br59416-trailer%7C768721474059.html,200,Categories - INVINCIBLE BR59416 Trailer,INVINCIBLE BR59416 Trailer,text/html; charset=iso-8859-1,
https://www.twstackle.com/products/jackson-603-1-0-sw-deceiver%7C027526139304.html,200,Categories - JACKSON 603-1/0 SW Deceiver,JACKSON 603-1/0 SW Deceiver,text/html; charset=iso-8859-1,
https://www.twstackle.com/products/jackson-614-1-0-sw-deceiver%7C027526142892.html,200,Categories - JACKSON 614-1/0 SW Deceiver,JACKSON 614-1/0 SW Deceiver,text/html; charset=iso-8859-1,
https://www.twstackle.com/products/jackson-628-4-sw-shrimp%7C027526143240.html,200,Categories - JACKSON 628-4 SW Shrimp,JACKSON 628-4 SW Shrimp,text/html; charset=iso-8859-1,
https://www.twstackle.com/products/jackson-630-4-sw-sand-crab%7C027526143417.html,200,Categories - JACKSON 630-4 SW Sand Crab,JACKSON 630-4 SW Sand Crab,text/html; charset=iso-8859-1,
https://www.twstackle.com/products/jackson-635-1-0-sw-sea-ducer%7C027526142625.html,200,Categories - JACKSON 635-1/0 SW Sea-Ducer,JACKSON 635-1/0 SW Sea-Ducer,text/html; charset=iso-8859-1,
https://www.twstackle.com/products/joy-fish-tt-sandrake-sand-flea%7C780980772837.html,200,Categories - JOY FISH TT-SANDRAKE Sand Flea,JOY FISH TT-SANDRAKE Sand Flea,text/html; charset=iso-8859-1,
https://www.twstackle.com/products/legal-limits-w36-rod---boat-ru%7C737011123465.html,200,Categories - Legal Limits W36 Rod &amp; Boat Ru,Legal Limits W36 Rod &amp; Boat Ru,text/html; charset=iso-8859-1,
https://www.twstackle.com/products/leupold-180617-vx-3hd-scope%7C030317028350.html,200,Categories - LEUPOLD 180617 VX-3HD SCOPE,LEUPOLD 180617 VX-3HD SCOPE,text/html; charset=iso-8859-1,
https://www.twstackle.com/products/leupold-180619-vx-3hd-scope%7C030317028404.html,200,Categories - LEUPOLD 180619 VX-3HD SCOPE,LEUPOLD 180619 VX-3HD SCOPE,text/html; charset=iso-8859-1,
https://www.twstackle.com/products/leupold-180622-vx-3hd-scope%7C030317028572.html,200,Categories - LEUPOLD 180622 VX-3HD SCOPE,LEUPOLD 180622 VX-3HD SCOPE,text/html; charset=iso-8859-1,
https://www.twstackle.com/products/leupold-181173-bx-1-binoculars%7C030317029494.html,200,Categories - LEUPOLD 181173 BX-1 BINOCULARS,LEUPOLD 181173 BX-1 BINOCULARS,text/html; charset=iso-8859-1,
https://www.twstackle.com/products/leupold-59225-bx-1-binoculars%7C030317592257.html,200,Categories - LEUPOLD 59225 BX-1 BINOCULARS,LEUPOLD 59225 BX-1 BINOCULARS,text/html; charset=iso-8859-1,
https://www.twstackle.com/products/lifoam-03417-styrofoam-cooler%7C077071034241.html,200,Categories - LIFOAM 03417 STYROFOAM COOLER,LIFOAM 03417 STYROFOAM COOLER,text/html; charset=iso-8859-1,
https://www.twstackle.com/products/lifoam-3550-30qt-styrofoam%7C077071035491.html,200,Categories - LIFOAM 3550 30Qt STYROFOAM,LIFOAM 3550 30Qt STYROFOAM,text/html; charset=iso-8859-1,
https://www.twstackle.com/products/luxpro-lp1201-lr-flashlight%7C812436010375.html,200,Categories - LUXPRO LP1201 LR Flashlight,LUXPRO LP1201 LR Flashlight,text/html; charset=iso-8859-1,
https://www.twstackle.com/products/luxpro-lp130-keychn-flashlt%7C812436011303.html,200,Categories - LUXPRO LP130 KeyChn Flashlt,LUXPRO LP130 KeyChn Flashlt,text/html; charset=iso-8859-1,
https://www.twstackle.com/products/luxpro-lp323-headlamp-235lm%7C812436013239.html,200,Categories - LUXPRO LP323 Headlamp-235lm,LUXPRO LP323 Headlamp-235lm,text/html; charset=iso-8859-1,
https://www.twstackle.com/products/luxpro-lp345v2-mf-headlamp%7C812436014793.html,200,Categories - LUXPRO LP345V2 MF HEADLAMP,LUXPRO LP345V2 MF HEADLAMP,text/html; charset=iso-8859-1,
https://www.twstackle.com/products/luxpro-lp346-300lm-headlamp%7C812436014762.html,200,Categories - LUXPRO LP346 300LM HEADLAMP,LUXPRO LP346 300LM HEADLAMP,text/html; charset=iso-8859-1,
https://www.twstackle.com/products/luxpro-lp347v2-headlamp%7C812436014779.html,200,Categories - LUXPRO LP347V2 HEADLAMP,LUXPRO LP347V2 HEADLAMP,text/html; charset=iso-8859-1,
https://www.twstackle.com/products/luxpro-lp362-mini-trngl-lit%7C812436010641.html,200,Categories - LUXPRO LP362 Mini Trngl Lit,LUXPRO LP362 Mini Trngl Lit,text/html; charset=iso-8859-1,
https://www.twstackle.com/products/luxpro-lp369-brdbeamlantern%7C812436013697.html,200,Categories - LUXPRO LP369 BrdBeamLantern,LUXPRO LP369 BrdBeamLantern,text/html; charset=iso-8859-1,
https://www.twstackle.com/products/luxpro-lp395-gels-flashligh%7C812436013956.html,200,Categories - LUXPRO LP395 Gels Flashligh,LUXPRO LP395 Gels Flashligh,text/html; charset=iso-8859-1,
https://www.twstackle.com/products/luxpro-lp470v2-focushead%7C812436014786.html,200,Categories - LUXPRO LP470V2 FocusHead,LUXPRO LP470V2 FocusHead,text/html; charset=iso-8859-1,
https://www.twstackle.com/products/luxpro-lp600v2-400lm-light%7C812436010313.html,200,Categories - LUXPRO LP600V2 400LM Light,LUXPRO LP600V2 400LM Light,text/html; charset=iso-8859-1,
https://www.twstackle.com/products/luxpro-lp630v2-focus-flashl%7C812436016261.html,200,Categories - LUXPRO LP630V2 Focus Flashl,LUXPRO LP630V2 Focus Flashl,text/html; charset=iso-8859-1,
https://www.twstackle.com/products/luxpro-lp738-micro-headlamp%7C812436017381.html,200,Categories - LUXPRO LP738 Micro Headlamp,LUXPRO LP738 Micro Headlamp,text/html; charset=iso-8859-1,
https://www.twstackle.com/products/luxpro-lp740-compact-hdlamp%7C812436017404.html,200,Categories - LUXPRO LP740 Compact HdLamp,LUXPRO LP740 Compact HdLamp,text/html; charset=iso-8859-1,
https://www.twstackle.com/products/luxpro-lp831c-ultrabrt-flt%7C812436018319.html,200,Categories - LUXPRO LP831C UltraBrt FLt,LUXPRO LP831C UltraBrt FLt,text/html; charset=iso-8859-1,
https://www.twstackle.com/products/luxpro-xp1812-triangle-wklt%7C812436018128.html,200,Categories - LUXPRO XP1812 Triangle WkLt,LUXPRO XP1812 Triangle WkLt,text/html; charset=iso-8859-1,
https://www.twstackle.com/products/luxpro-xp1814-triangle-wklt%7C812436013840.html,200,Categories - LUXPRO XP1814 Triangle WkLt,LUXPRO XP1814 Triangle WkLt,text/html; charset=iso-8859-1,
https://www.twstackle.com/products/malin-lc12-14-ss-wire-cof%7C092414012144.html,200,Categories - MALIN LC12-14 SS Wire Cof,MALIN LC12-14 SS Wire Cof,text/html; charset=iso-8859-1,
https://www.twstackle.com/products/malin-lc12-42-ss-wire-cof%7C092414012250.html,200,Categories - MALIN LC12-42 SS Wire Cof,MALIN LC12-42 SS Wire Cof,text/html; charset=iso-8859-1,
https://www.twstackle.com/products/malin-lc15-14-ss-wire-cof%7C092414015145.html,200,Categories - MALIN LC15-14 SS Wire Cof,MALIN LC15-14 SS Wire Cof,text/html; charset=iso-8859-1,
https://www.twstackle.com/products/malin-lc15-42-ss-wire-cof%7C092414015251.html,200,Categories - MALIN LC15-42 SS Wire Cof,MALIN LC15-42 SS Wire Cof,text/html; charset=iso-8859-1,
https://www.twstackle.com/products/malin-lc2-42-ss-wire-cof%7C092414002251.html,200,Categories - MALIN LC2-42 SS Wire Cof,MALIN LC2-42 SS Wire Cof,text/html; charset=iso-8859-1,
https://www.twstackle.com/products/malin-lc5-14-ss-wire-cof%7C092414005146.html,200,Categories - MALIN LC5-14 SS Wire Cof,MALIN LC5-14 SS Wire Cof,text/html; charset=iso-8859-1,
https://www.twstackle.com/products/malin-lc5-42-ss-wire-cof%7C092414005252.html,200,Categories - MALIN LC5-42 SS Wire Cof,MALIN LC5-42 SS Wire Cof,text/html; charset=iso-8859-1,
https://www.twstackle.com/products/malin-lc7-14-ss-wire-cof%7C092414007140.html,200,Categories - MALIN LC7-14 SS Wire Cof,MALIN LC7-14 SS Wire Cof,text/html; charset=iso-8859-1,
https://www.twstackle.com/products/malin-lc7-42-ss-wire-cof%7C092414007256.html,200,Categories - MALIN LC7-42 SS Wire Cof,MALIN LC7-42 SS Wire Cof,text/html; charset=iso-8859-1,
https://www.twstackle.com/products/malin-lc9-14-ss-wire-cof%7C092414009144.html,200,Categories - MALIN LC9-14 SS Wire Cof,MALIN LC9-14 SS Wire Cof,text/html; charset=iso-8859-1,
https://www.twstackle.com/products/malin-lc9-42-ss-wire-cof%7C092414009250.html,200,Categories - MALIN LC9-42 SS Wire Cof,MALIN LC9-42 SS Wire Cof,text/html; charset=iso-8859-1,
https://www.twstackle.com/products/malin-mc2-20-monel-rigging%7C092414920548.html,200,Categories - MALIN MC2-20 Monel Rigging,MALIN MC2-20 Monel Rigging,text/html; charset=iso-8859-1,
https://www.twstackle.com/products/manley-2006-6-5--super-pliers%7C751662020065.html,200,Categories - MANLEY 2006 6.5&quot; SUPER PLIERS,MANLEY 2006 6.5&quot; SUPER PLIERS,text/html; charset=iso-8859-1,
https://www.twstackle.com/products/manley-2007-5--super-pliers%7C751662020072.html,200,Categories - MANLEY 2007 5&quot; SUPER PLIERS,MANLEY 2007 5&quot; SUPER PLIERS,text/html; charset=iso-8859-1,
https://www.twstackle.com/products/manley-2010-needlenose-plier%7C751662020102.html,200,Categories - MANLEY 2010 Needlenose Plier,MANLEY 2010 Needlenose Plier,text/html; charset=iso-8859-1,
https://www.twstackle.com/products/manley-2012-brass-scale-50-%7C751662020126.html,200,Categories - MANLEY 2012 Brass Scale 50#,MANLEY 2012 Brass Scale 50#,text/html; charset=iso-8859-1,
https://www.twstackle.com/products/manley-2013-brass-scale-25-%7C751662020133.html,200,Categories - MANLEY 2013 Brass Scale 25#,MANLEY 2013 Brass Scale 25#,text/html; charset=iso-8859-1,
https://www.twstackle.com/products/manly-comrade-cmpm-154-orange-pocket-knife%7C788857055649.html,200,Categories - Manly Comrade CMPM-154 Orange Pocket Knife,Manly Comrade CMPM-154 Orange Pocket Knife,text/html; charset=iso-8859-1,
https://www.twstackle.com/products/marine-metal-as-01-air-stones%7C029326104018.html,200,Categories - Marine Metal AS-01 Air Stones,Marine Metal AS-01 Air Stones,text/html; charset=iso-8859-1,
https://www.twstackle.com/products/marine-metal-b-11-bubble-box-air%7C029326963158.html,200,Categories - MARINE METAL B-11 BUBBLE BOX AIR,MARINE METAL B-11 BUBBLE BOX AIR,text/html; charset=iso-8859-1,
https://www.twstackle.com/products/marine-metal-b-15-power-bubble%7C029326963509.html,200,Categories - MARINE METAL B-15 Power Bubble,MARINE METAL B-15 Power Bubble,text/html; charset=iso-8859-1,
https://www.twstackle.com/products/marine-metal-b-18-baby-bubbles%7C029326963165.html,200,Categories - MARINE METAL B-18 Baby Bubbles,MARINE METAL B-18 Baby Bubbles,text/html; charset=iso-8859-1,
https://www.twstackle.com/products/marine-metal-b-3-bubbles-air-p%7C029326100300.html,200,Categories - Marine Metal B-3 Bubbles Air P,Marine Metal B-3 Bubbles Air P,text/html; charset=iso-8859-1,
https://www.twstackle.com/products/marine-metal-cb-211-cool-bubb%7C029326110361.html,200,Categories - Marine Metal CB-211 Cool Bubb,Marine Metal CB-211 Cool Bubb,text/html; charset=iso-8859-1,
https://www.twstackle.com/products/marine-metal-lb-11-top-combo-p%7C029326511007.html,200,Categories - MARINE METAL LB-11 Top Combo P,MARINE METAL LB-11 Top Combo P,text/html; charset=iso-8859-1,
https://www.twstackle.com/products/marine-sports-1836no-2-no-natz%7C856613004009.html,200,Categories - MARINE SPORTS 1836NO-2 NO NATZ,MARINE SPORTS 1836NO-2 NO NATZ,text/html; charset=iso-8859-1,
https://www.twstackle.com/products/marine-sports-1841zip-zppr-care%7C021563291179.html,200,Categories - MARINE SPORTS 1841ZIP Zppr Care,MARINE SPORTS 1841ZIP Zppr Care,text/html; charset=iso-8859-1,
https://www.twstackle.com/products/marine-sports-1842bk-neo-cement%7C806723184207.html,200,Categories - MARINE SPORTS 1842BK Neo Cement,MARINE SPORTS 1842BK Neo Cement,text/html; charset=iso-8859-1,
https://www.twstackle.com/products/marine-sports-2603bk-knife%7C806723260321.html,200,Categories - MARINE SPORTS 2603BK Knife,MARINE SPORTS 2603BK Knife,text/html; charset=iso-8859-1,
https://www.twstackle.com/products/marine-sports-2620-ss-sea-snips%7C806723262028.html,200,Categories - MARINE SPORTS 2620 SS Sea Snips,MARINE SPORTS 2620 SS Sea Snips,text/html; charset=iso-8859-1,
https://www.twstackle.com/products/marine-sports-2640-clam-knife%7C806723264008.html,200,Categories - MARINE SPORTS 2640 Clam Knife,MARINE SPORTS 2640 Clam Knife,text/html; charset=iso-8859-1,
https://www.twstackle.com/products/marine-sports-2642-crab-knife%7C806723264206.html,200,Categories - MARINE SPORTS 2642 Crab Knife,MARINE SPORTS 2642 Crab Knife,text/html; charset=iso-8859-1,
https://www.twstackle.com/products/marine-sports-2647-scallop-knife%7C806723264701.html,200,Categories - MARINE SPORTS 2647 Scallop Knife,MARINE SPORTS 2647 Scallop Knife,text/html; charset=iso-8859-1,
https://www.twstackle.com/products/marine-sports-4702-chum-drawst%7C806723470201.html,200,Categories - MARINE SPORTS 4702 Chum Drawst,MARINE SPORTS 4702 Chum Drawst,text/html; charset=iso-8859-1,
https://www.twstackle.com/products/marine-sports-4703-chum-drawst%7C806723470300.html,200,Categories - MARINE SPORTS 4703 Chum Drawst,MARINE SPORTS 4703 Chum Drawst,text/html; charset=iso-8859-1,
https://www.twstackle.com/products/marine-sports-5350-chcc23-map%7C653210103407.html,200,Categories - MARINE SPORTS 5350-CHCC23 Map,MARINE SPORTS 5350-CHCC23 Map,text/html; charset=iso-8859-1,
https://www.twstackle.com/products/marine-sports-5350-cmch20-map%7C653210102981.html,200,Categories - MARINE SPORTS 5350-CMCH20 Map,MARINE SPORTS 5350-CMCH20 Map,text/html; charset=iso-8859-1,
https://www.twstackle.com/products/marine-sports-6406-6--pole-spear%7C806723640604.html,200,Categories - MARINE SPORTS 6406 6' POLE SPEAR,MARINE SPORTS 6406 6,text/html; charset=iso-8859-1,
https://www.twstackle.com/products/marine-sports-6422-30--polespear%7C806723642202.html,200,Categories - MARINE SPORTS 6422 30&quot; Polespear,MARINE SPORTS 6422 30&quot; Polespear,text/html; charset=iso-8859-1,
https://www.twstackle.com/products/marine-sports-6440-paralyzer-tip%7C806723644008.html,200,Categories - MARINE SPORTS 6440 Paralyzer Tip,MARINE SPORTS 6440 Paralyzer Tip,text/html; charset=iso-8859-1,
https://www.twstackle.com/products/marine-sports-6464-barb-tip%7C806723646408.html,200,Categories - MARINE SPORTS 6464 BARB TIP,MARINE SPORTS 6464 BARB TIP,text/html; charset=iso-8859-1,
https://www.twstackle.com/products/marine-sports-6666-23-replc-slng%7C806723666703.html,200,Categories - MARINE SPORTS 6666-23 Replc.Slng,MARINE SPORTS 6666-23 Replc.Slng,text/html; charset=iso-8859-1,
https://www.twstackle.com/products/marlin-outline-foam-koozie-1096.html,200,Categories - Marlin Outline Foam Koozie,Marlin Outline Foam Koozie,text/html; charset=iso-8859-1,
https://www.twstackle.com/products/marlin-outline-neoprene-koozie-1097.html,200,Categories - Marlin Outline Neoprene Koozie,Marlin Outline Neoprene Koozie,text/html; charset=iso-8859-1,
https://www.twstackle.com/products/marlin-outline-women-s-crew-neck-sweatshirt--3381.html,200,Categories - Marlin Outline Women's Crew Neck Sweatshirt,TW,text/html; charset=iso-8859-1,
https://www.twstackle.com/products/maui-jim-alenuihaha-839-11d-2682.html,200,Categories - MAUI JIM Alenuihaha 839-11D,MAUI JIM Alenuihaha 839-11D,text/html; charset=iso-8859-1,
https://www.twstackle.com/products/maui-jim-alenuihaha-b839-03s-2683.html,200,Categories - MAUI JIM Alenuihaha B839-03S,MAUI JIM Alenuihaha B839-03S,text/html; charset=iso-8859-1,
https://www.twstackle.com/products/maui-jim-alenuihaha-h839-25c-2684.html,200,Categories - MAUI JIM Alenuihaha H839-25C,MAUI JIM Alenuihaha H839-25C,text/html; charset=iso-8859-1,
https://www.twstackle.com/products/maui-jim-alenuihaha-mr839-005-3147.html,200,Categories - MAUI JIM ALENUIHAHA MR839-005,MAUI JIM ALENUIHAHA MR839-005,text/html; charset=iso-8859-1,
https://www.twstackle.com/products/maui-jim-alenuihaha-rm839-07c-2686.html,200,Categories - MAUI JIM Alenuihaha RM839-07C,MAUI JIM Alenuihaha RM839-07C,text/html; charset=iso-8859-1,
https://www.twstackle.com/products/maui-jim-baby-beach-hs245-16-2689.html,200,Categories - MAUI JIM Baby Beach HS245-16,MAUI JIM Baby Beach HS245-16,text/html; charset=iso-8859-1,
https://www.twstackle.com/products/maui-jim-banyans-412-02-2691.html,200,Categories - MAUI JIM Banyans 412-02,MAUI JIM Banyans 412-02,text/html; charset=iso-8859-1,
https://www.twstackle.com/products/maui-jim-banyans-h412-10-2692.html,200,Categories - MAUI JIM Banyans H412-10,MAUI JIM Banyans H412-10,text/html; charset=iso-8859-1,
https://www.twstackle.com/products/maui-jim-banyans-ht412-02-2693.html,200,Categories - MAUI JIM Banyans HT412-02,MAUI JIM Banyans HT412-02,text/html; charset=iso-8859-1,
https://www.twstackle.com/products/maui-jim-barrier-reef-b792-06c-2694.html,200,Categories - MAUI JIM Barrier Reef B792-06C,MAUI JIM Barrier Reef B792-06C,text/html; charset=iso-8859-1,
https://www.twstackle.com/products/maui-jim-byron-bay-746-02mr-2698.html,200,Categories - MAUI JIM Byron Bay 746-02MR,MAUI JIM Byron Bay 746-02MR,text/html; charset=iso-8859-1,
https://www.twstackle.com/products/maui-jim-byron-bay-746-03f-2699.html,200,Categories - MAUI JIM Byron Bay 746-03F,MAUI JIM Byron Bay 746-03F,text/html; charset=iso-8859-1,
https://www.twstackle.com/products/maui-jim-byron-bay-h746-10m-2700.html,200,Categories - MAUI JIM Byron Bay H746-10M,MAUI JIM Byron Bay H746-10M,text/html; charset=iso-8859-1,
https://www.twstackle.com/products/maui-jim-cliff-house-hs247-16-2702.html,200,Categories - MAUI JIM Cliff House HS247-16,MAUI JIM Cliff House HS247-16,text/html; charset=iso-8859-1,
https://www.twstackle.com/products/maui-jim-cruzem-b864-03-2747.html,200,Categories - MAUI JIM Cruzem B864-03,MAUI JIM Cruzem B864-03,text/html; charset=iso-8859-1,
https://www.twstackle.com/products/maui-jim-dragon-s-tth-b811-03s-2750.html,200,Categories - MAUI JIM Dragon's Tth B811-03S,MAUI JIM Dragon,text/html; charset=iso-8859-1,
https://www.twstackle.com/products/maui-jim-ho-okipa-b407-11-2758.html,200,Categories - MAUI JIM Ho'okipa B407-11,MAUI JIM Ho,text/html; charset=iso-8859-1,
https://www.twstackle.com/products/maui-jim-ho-okipa-h407-02-2759.html,200,Categories - MAUI JIM Ho'okipa H407-02,MAUI JIM Ho,text/html; charset=iso-8859-1,
https://www.twstackle.com/products/maui-jim-ho-okipa-r407-10-2760.html,200,Categories - MAUI JIM Ho'okipa R407-10,MAUI JIM Ho,text/html; charset=iso-8859-1,
https://www.twstackle.com/products/maui-jim-honi-gs758-11s-2761.html,200,Categories - MAUI JIM Honi GS758-11S,MAUI JIM Honi GS758-11S,text/html; charset=iso-8859-1,
https://www.twstackle.com/products/maui-jim-honi-hs758-22b-2762.html,200,Categories - MAUI JIM Honi HS758-22B,MAUI JIM Honi HS758-22B,text/html; charset=iso-8859-1,
https://www.twstackle.com/products/maui-jim-honi-rs758-13a-2763.html,200,Categories - MAUI JIM Honi RS758-13A,MAUI JIM Honi RS758-13A,text/html; charset=iso-8859-1,
https://www.twstackle.com/products/maui-jim-huelo-449-11-3148.html,200,Categories - MAUI JIM Huelo 449-11,MAUI JIM Huelo 449-11,text/html; charset=iso-8859-1,
https://www.twstackle.com/products/maui-jim-huelo-b449-03-2764.html,200,Categories - MAUI JIM Huelo B449-03,MAUI JIM Huelo B449-03,text/html; charset=iso-8859-1,
https://www.twstackle.com/products/maui-jim-huelo-h449-01-2765.html,200,Categories - MAUI JIM Huelo H449-01,MAUI JIM Huelo H449-01,text/html; charset=iso-8859-1,
https://www.twstackle.com/products/meat-hog-a-customtied-bucktail-1447.html,200,Categories - MEAT HOG A-CustomTied Bucktail,MEAT HOG A-CustomTied Bucktail,text/html; charset=iso-8859-1,
https://www.twstackle.com/products/meat-hog-custom-tied-bucktail-1448.html,200,Categories - MEAT HOG Custom Tied Bucktail,MEAT HOG Custom Tied Bucktail,text/html; charset=iso-8859-1,
https://www.twstackle.com/products/mojo-hw2300-voodoo-dove%7C816740002576.html,200,Categories - MOJO HW2300 VOODOO DOVE,MOJO HW2300 VOODOO DOVE,text/html; charset=iso-8859-1,
https://www.twstackle.com/products/mojo-hw9004-clip-dove-decoy-set%7C816740002217.html,200,Categories - MOJO HW9004 CLIP DOVE DECOY SET,MOJO HW9004 CLIP DOVE DECOY SET,text/html; charset=iso-8859-1,
https://www.twstackle.com/products/momoi-11700-outrigger-mono-kit%7C695699117001.html,200,Categories - MOMOI 11700 Outrigger Mono Kit,MOMOI 11700 Outrigger Mono Kit,text/html; charset=iso-8859-1,
https://www.twstackle.com/products/momoi-11701-outrigger-mono-kit%7C695699117018.html,200,Categories - MOMOI 11701 Outrigger Mono Kit,MOMOI 11701 Outrigger Mono Kit,text/html; charset=iso-8859-1,
https://www.twstackle.com/products/momoi-11702-outrigger-mono-kit%7C695699117025.html,200,Categories - MOMOI 11702 Outrigger Mono Kit,MOMOI 11702 Outrigger Mono Kit,text/html; charset=iso-8859-1,
https://www.twstackle.com/products/mustad-mb010-dry-backpack-30l%7C023534069015.html,200,Categories - MUSTAD MB010 Dry Backpack 30L,MUSTAD MB010 Dry Backpack 30L,text/html; charset=iso-8859-1,
https://www.twstackle.com/products/mustad-mb014-18--boat-bag%7C023534069114.html,200,Categories - MUSTAD MB014 18&quot; Boat Bag,MUSTAD MB014 18&quot; Boat Bag,text/html; charset=iso-8859-1,
https://www.twstackle.com/products/mustad-mb023-single-rigger-walle%7C023534429253.html,200,Categories - MUSTAD MB023 Single Rigger Walle,MUSTAD MB023 Single Rigger Walle,text/html; charset=iso-8859-1,
https://www.twstackle.com/products/mustad-mt134-6--fllt-knife-w-sh-%7C023534455603.html,200,Categories - MUSTAD MT134 6&quot; Fllt Knife w/Sh.,MUSTAD MT134 6&quot; Fllt Knife w/Sh.,text/html; charset=iso-8859-1,
https://www.twstackle.com/products/mustad-mtb001-7--fillet-knife%7C023534452541.html,200,Categories - MUSTAD MTB001 7&quot; Fillet Knife,MUSTAD MTB001 7&quot; Fillet Knife,text/html; charset=iso-8859-1,
https://www.twstackle.com/products/mustad-mtb003-smallbraid-scissor%7C023534452565.html,200,Categories - MUSTAD MTB003 SmallBraid Scissor,MUSTAD MTB003 SmallBraid Scissor,text/html; charset=iso-8859-1,
https://www.twstackle.com/products/mustad-mtb007-split-ring-pliers%7C023534452602.html,200,Categories - MUSTAD MTB007 Split Ring Pliers,MUSTAD MTB007 Split Ring Pliers,text/html; charset=iso-8859-1,
https://www.twstackle.com/products/mustad-mtb009-floating-keychn%7C023534452626.html,200,Categories - MUSTAD MTB009 Floating Keychn,MUSTAD MTB009 Floating Keychn,text/html; charset=iso-8859-1,
https://www.twstackle.com/products/mustad-mtb011-fish-scaler-eco%7C023534452640.html,200,Categories - MUSTAD MTB011 Fish Scaler Eco,MUSTAD MTB011 Fish Scaler Eco,text/html; charset=iso-8859-1,
https://www.twstackle.com/products/mustad-mtp004-bu-s-1-rod-sock%7C023534452664.html,200,Categories - MUSTAD MTP004-BU-S-1 Rod Sock,MUSTAD MTP004-BU-S-1 Rod Sock,text/html; charset=iso-8859-1,
https://www.twstackle.com/products/mustad-mtp005-bu-l-1-rod-sock%7C023534452688.html,200,Categories - MUSTAD MTP005-BU-L-1 Rod Sock,MUSTAD MTP005-BU-L-1 Rod Sock,text/html; charset=iso-8859-1,
https://www.twstackle.com/products/mustad-mtp007-wh-l-1-rod-sock%7C023534452718.html,200,Categories - MUSTAD MTP007-WH-L-1 Rod Sock,MUSTAD MTP007-WH-L-1 Rod Sock,text/html; charset=iso-8859-1,
https://www.twstackle.com/products/nobel-ans124bk10-buckshot%7C837913000878.html,200,Categories - NOBEL ANS124BK10 Buckshot,NOBEL ANS124BK10 Buckshot,text/html; charset=iso-8859-1,
https://www.twstackle.com/products/oakley-aoo0483mb-00009900-bag-2994.html,200,Categories - OAKLEY AOO0483MB 00009900 Bag,OAKLEY AOO0483MB 00009900 Bag,text/html; charset=iso-8859-1,
https://www.twstackle.com/products/oakley-cross-0oo4060-40602261-2377.html,200,Categories - OAKLEY CROSS 0OO4060 40602261,OAKLEY CROSS 0OO4060 40602261,text/html; charset=iso-8859-1,
https://www.twstackle.com/products/oakley-cross-0oo4060-40602361-2410.html,200,Categories - OAKLEY CROSS 0OO4060 40602361,OAKLEY CROSS 0OO4060 40602361,text/html; charset=iso-8859-1,
https://www.twstackle.com/products/oakley-ejector-0oo4142-41420858-2427.html,200,Categories - OAKLEY EJECTOR 0OO4142 41420858,OAKLEY EJECTOR 0OO4142 41420858,text/html; charset=iso-8859-1,
https://www.twstackle.com/products/oakley-feed-0oo4079-40791459-2356.html,200,Categories - OAKLEY FEED 0OO4079 40791459,OAKLEY FEED 0OO4079 40791459,text/html; charset=iso-8859-1,
https://www.twstackle.com/products/oakley-feed-0oo4079-40793959-2420.html,200,Categories - OAKLEY FEED 0OO4079 40793959,OAKLEY FEED 0OO4079 40793959,text/html; charset=iso-8859-1,
https://www.twstackle.com/products/oakley-fives-0oo9238-92380654-2354.html,200,Categories - OAKLEY FIVES 0OO9238 92380654,OAKLEY FIVES 0OO9238 92380654,text/html; charset=iso-8859-1,
https://www.twstackle.com/products/oakley-flak2-0-0oo9188-91885859-2364.html,200,Categories - OAKLEY FLAK2.0 0OO9188 91885859,OAKLEY FLAK2.0 0OO9188 91885859,text/html; charset=iso-8859-1,
https://www.twstackle.com/products/oakley-flak2-0-0oo9188-91888259-2386.html,200,Categories - OAKLEY FLAK2.0 0OO9188 91888259,OAKLEY FLAK2.0 0OO9188 91888259,text/html; charset=iso-8859-1,
https://www.twstackle.com/products/oakley-flak2-0-0oo9188-9188g359-2438.html,200,Categories - OAKLEY FLAK2.0 0OO9188 9188G359,OAKLEY FLAK2.0 0OO9188 9188G359,text/html; charset=iso-8859-1,
https://www.twstackle.com/products/oakley-flak2-0x-0oo9188-91884159-2361.html,200,Categories - OAKLEY FLAK2.0X 0OO9188 91884159,OAKLEY FLAK2.0X 0OO9188 91884159,text/html; charset=iso-8859-1,
https://www.twstackle.com/products/oakley-flak2-0x-0oo9188-91886859-2367.html,200,Categories - OAKLEY FLAK2.0X 0OO9188 91886859,OAKLEY FLAK2.0X 0OO9188 91886859,text/html; charset=iso-8859-1,
https://www.twstackle.com/products/oakley-flak2-0x-0oo9188-9188g659-2534.html,200,Categories - OAKLEY FLAK2.0X 0OO9188 9188G659,OAKLEY FLAK2.0X 0OO9188 9188G659,text/html; charset=iso-8859-1,
https://www.twstackle.com/products/oakley-frogs-0oo9013-9013f655-2405.html,200,Categories - OAKLEY FROGS 0OO9013 9013F655,OAKLEY FROGS 0OO9013 9013F655,text/html; charset=iso-8859-1,
https://www.twstackle.com/products/oakley-frogs-0oo9013-9013f755-2406.html,200,Categories - OAKLEY FROGS 0OO9013 9013F755,OAKLEY FROGS 0OO9013 9013F755,text/html; charset=iso-8859-1,
https://www.twstackle.com/products/oakley-frogsl-0oo9374-93740263-2388.html,200,Categories - OAKLEY FROGSL 0OO9374 93740263,OAKLEY FROGSL 0OO9374 93740263,text/html; charset=iso-8859-1,
https://www.twstackle.com/products/oakley-fuel-0oo9096-9096d860-2359.html,200,Categories - OAKLEY FUEL 0OO9096 9096D860,OAKLEY FUEL 0OO9096 9096D860,text/html; charset=iso-8859-1,
https://www.twstackle.com/products/oakley-fuel-0oo9096-9096j660-2441.html,200,Categories - OAKLEY FUEL 0OO9096 9096J660,OAKLEY FUEL 0OO9096 9096J660,text/html; charset=iso-8859-1,
https://www.twstackle.com/products/oakley-fuel-0oo9096-9096l860-2967.html,200,Categories - OAKLEY FUEL 0OO9096 9096L860,OAKLEY FUEL 0OO9096 9096L860,text/html; charset=iso-8859-1,
https://www.twstackle.com/products/oakley-gascan-0oo9014-90144760-2396.html,200,Categories - OAKLEY GASCAN 0OO9014 90144760,OAKLEY GASCAN 0OO9014 90144760,text/html; charset=iso-8859-1,
https://www.twstackle.com/products/oakley-gascan-0oo9014-90145060-2408.html,200,Categories - OAKLEY GASCAN 0OO9014 90145060,OAKLEY GASCAN 0OO9014 90145060,text/html; charset=iso-8859-1,
https://www.twstackle.com/products/oakley-gauge-8-0oo4124-41240662-2373.html,200,Categories - OAKLEY GAUGE 8 0OO4124 41240662,OAKLEY GAUGE 8 0OO4124 41240662,text/html; charset=iso-8859-1,
https://www.twstackle.com/products/oakley-gauge-8-0oo4124-41240862-2382.html,200,Categories - OAKLEY GAUGE 8 0OO4124 41240862,OAKLEY GAUGE 8 0OO4124 41240862,text/html; charset=iso-8859-1,
https://www.twstackle.com/products/oakley-gauge-8-0oo4124-41240962-2398.html,200,Categories - OAKLEY GAUGE 8 0OO4124 41240962,OAKLEY GAUGE 8 0OO4124 41240962,text/html; charset=iso-8859-1,
https://www.twstackle.com/products/oakley-gibston-0oo9449-94490660-2413.html,200,Categories - OAKLEY GIBSTON 0OO9449 94490660,OAKLEY GIBSTON 0OO9449 94490660,text/html; charset=iso-8859-1,
https://www.twstackle.com/products/oakley-gibston-0oo9449-94491260-2425.html,200,Categories - OAKLEY GIBSTON 0OO9449 94491260,OAKLEY GIBSTON 0OO9449 94491260,text/html; charset=iso-8859-1,
https://www.twstackle.com/products/oakley-halfj-0oo9154-91546762-2421.html,200,Categories - OAKLEY HALFJ 0OO9154 91546762,OAKLEY HALFJ 0OO9154 91546762,text/html; charset=iso-8859-1,
https://www.twstackle.com/products/ob-emb-cobia-hat--7pnl-trucker%7C400002312444.html,200,Categories - OB EMB COBIA HAT- 7pnl Trucker,OB EMB COBIA HAT- 7pnl Trucker,text/html; charset=iso-8859-1,
https://www.twstackle.com/products/ob-emb-cobia-hat--cloth-cap-yth%7C400002315650.html,200,Categories - OB EMB COBIA HAT- Cloth Cap YTH,OB EMB COBIA HAT- Cloth Cap YTH,text/html; charset=iso-8859-1,
https://www.twstackle.com/products/ob-emb-cobia-hat--rope-cap%7C400002307617.html,200,Categories - OB EMB COBIA HAT- Rope Cap,OB EMB COBIA HAT- Rope Cap,text/html; charset=iso-8859-1,
https://www.twstackle.com/products/ob-emb-cobia-hat--trucker%7C400002315674.html,200,Categories - OB EMB COBIA HAT- Trucker,OB EMB COBIA HAT- Trucker,text/html; charset=iso-8859-1,
https://www.twstackle.com/products/ob-emb-cobia-hat--trucker-yth%7C400002315643.html,200,Categories - OB EMB COBIA HAT- Trucker YTH,OB EMB COBIA HAT- Trucker YTH,text/html; charset=iso-8859-1,
https://www.twstackle.com/products/ob-emb-dolphin-hat--7pnl-trucker%7C400002312475.html,200,Categories - OB EMB DOLPHIN HAT- 7pnl Trucker,OB EMB DOLPHIN HAT- 7pnl Trucker,text/html; charset=iso-8859-1,
https://www.twstackle.com/products/ob-emb-dolphin-hat--rope-cap%7C400002307624.html,200,Categories - OB EMB DOLPHIN HAT- Rope Cap,OB EMB DOLPHIN HAT- Rope Cap,text/html; charset=iso-8859-1,
https://www.twstackle.com/products/ob-emb-dolphin-hat--rope-cap%7C400002312451.html,200,Categories - OB EMB DOLPHIN HAT- Rope Cap,OB EMB DOLPHIN HAT- Rope Cap,text/html; charset=iso-8859-1,
https://www.twstackle.com/products/ob-emb-dolphin-hat--trucker-yth%7C400002315698.html,200,Categories - OB EMB DOLPHIN HAT- Trucker YTH,OB EMB DOLPHIN HAT- Trucker YTH,text/html; charset=iso-8859-1,
https://www.twstackle.com/products/olukai-10101-haipo-sandals-for-men---rum-dark-wood-3674.html,200,Categories - OluKai 10101 Haipo Sandals for Men - Rum/Dark Wood,OluKai 10101 Haipo Sandals for Men - Rum/Dark Wood,text/html; charset=iso-8859-1,
https://www.twstackle.com/products/olukai-10110--ohana-sandals-for-men---black-dark-shadow-3673.html,200,Categories - Olukai 10110 'Ohana Sandals for Men - Black/Dark Shadow,Olukai 10110,text/html; charset=iso-8859-1,
https://www.twstackle.com/products/olukai-10110--ohana-sandals-for-men---dark-java-ray-3672.html,200,Categories - Olukai 10110 'Ohana Sandals for Men - Dark Java/Ray,Olukai 10110,text/html; charset=iso-8859-1,
https://www.twstackle.com/products/olukai-10110--ohana-sandals-for-men---pavement-pavement-3670.html,200,Categories - Olukai 10110 'Ohana Sandals for Men - Pavement/Pavement,Olukai 10110,text/html; charset=iso-8859-1,
https://www.twstackle.com/products/olukai-10110--ohana-sandals-for-men---tan-dark-java-3711.html,200,Categories - Olukai 10110 'Ohana Sandals for Men - Tan/Dark Java,Olukai 10110,text/html; charset=iso-8859-1,
https://www.twstackle.com/products/olukai-10110k---ohana-sandals-3855.html,200,Categories - OLUKAI 10110K&nbsp;&nbsp;'OHANA SANDALS,Olukai 10110,text/html; charset=iso-8859-1,
https://www.twstackle.com/products/olukai-10128-moloa-shoes-for-men---ray-toffee-3710.html,200,Categories - OluKai 10128 Moloa Shoes for Men - Ray/Toffee,OluKai 10128 Moloa Shoes for Men - Ray/Toffee,text/html; charset=iso-8859-1,
https://www.twstackle.com/products/olukai-10138-meo-ola-sandals-for-men---dark-java-dark-java-3669.html,200,Categories - OluKai 10138 Meo Ola Sandals for Men - Dark Java/Dark Java,OluKai 10138 Meo Ola Sandals for Men - Dark Java/Dark Java,text/html; charset=iso-8859-1,
https://www.twstackle.com/products/olukai-10161-hokua-sandals-for-men---dark-wood-dark-wood-3667.html,200,Categories - OluKai 10161 Hokua Sandals for Men - Dark Wood/Dark Wood,OluKai 10161 Hokua Sandals for Men - Dark Wood/Dark Wood,text/html; charset=iso-8859-1,
https://www.twstackle.com/products/olukai-10161-hokua-sandals-for-men---tan-tan-3668.html,200,Categories - OluKai 10161 Hokua Sandals for Men - Tan/Tan,OluKai 10161 Hokua Sandals for Men - Tan/Tan,text/html; charset=iso-8859-1,
https://www.twstackle.com/products/olukai-10188-nohea-mesh-shoes-for-men---mustang-lime-peel-3708.html,200,Categories - OluKai 10188 Nohea Mesh Shoes for Men - Mustang/Lime Peel,OluKai 10188 Nohea Mesh Shoes for Men - Mustang/Lime Peel,text/html; charset=iso-8859-1,
https://www.twstackle.com/products/olukai-10283-nohea-moku-shoes-for-men---charcoal-clay-3666.html,200,Categories - OluKai 10283 Nohea Moku Shoes for Men - Charcoal/Clay,OluKai 10283 Nohea Moku Shoes for Men - Charcoal/Clay,text/html; charset=iso-8859-1,
https://www.twstackle.com/products/olukai-10435-ulele-sandals-for-men---blue-charcoal-3641.html,200,Categories - OluKai 10435 Ulele Sandals for Men - Blue/Charcoal,OluKai 10435 Ulele Sandals for Men - Blue/Charcoal,text/html; charset=iso-8859-1,
https://www.twstackle.com/products/olukai-10435-ulele-sandals-for-men---clay-mustang-3665.html,200,Categories - OluKai 10435 Ulele Sandals for Men - Clay/Mustang,OluKai 10435 Ulele Sandals for Men - Clay/Mustang,text/html; charset=iso-8859-1,
https://www.twstackle.com/products/olukai-10435-ulele-sandals-for-men---dark-shadow-black-3644.html,200,Categories - OluKai 10435 Ulele Sandals for Men - Dark Shadow/Black,OluKai 10435 Ulele Sandals for Men - Dark Shadow/Black,text/html; charset=iso-8859-1,
https://www.twstackle.com/products/olukai-10435-ulele-sandals-for-men---dark-shadow-dark-wood-3643.html,200,Categories - OluKai 10435 Ulele Sandals for Men - Dark Shadow/Dark Wood,OluKai 10435 Ulele Sandals for Men - Dark Shadow/Dark Wood,text/html; charset=iso-8859-1,
https://www.twstackle.com/products/olukai-10435-ulele-sandals-for-men---mustang-mustang-3707.html,200,Categories - OluKai 10435 Ulele Sandals for Men - Mustang/Mustang,OluKai 10435 Ulele Sandals for Men - Mustang/Mustang,text/html; charset=iso-8859-1,
https://www.twstackle.com/products/olukai-10435-ulele-sandals-for-men---slate-blue-charcoal-3642.html,200,Categories - OluKai 10435 Ulele Sandals for Men - Slate Blue/Charcoal,OluKai 10435 Ulele Sandals for Men - Slate Blue/Charcoal,text/html; charset=iso-8859-1,
https://www.twstackle.com/products/olukai-10440-mio-li-shoes-for-men---mist-grey-poi-3638.html,200,Categories - OluKai 10440 Mio Li Shoes for Men - Mist Grey/Poi,OluKai 10440 Mio Li Shoes for Men - Mist Grey/Poi,text/html; charset=iso-8859-1,
https://www.twstackle.com/products/olukai-10443-lae-ahi-sneaker-slip-on-shoes-for-men---kona-kona-3706.html,200,Categories - OluKai 10443 Lae'ahi Sneaker Slip-On Shoes for Men - Kona/Kona,OluKai 10443 Lae,text/html; charset=iso-8859-1,
https://www.twstackle.com/products/olukai-10444h--lae-ahi-pa-i-3852.html,200,Categories - OLUKAI 10444H&nbsp;&nbsp;LAE'AHI PA'I,Olukai 10444 Lae,text/html; charset=iso-8859-1,
https://www.twstackle.com/products/olukai-10465-tuahine-sandals-for-men---dark-wood-dark-wood-3637.html,200,Categories - OluKai 10465 Tuahine Sandals for Men - Dark Wood/Dark Wood,OluKai 10465 Tuahine Sandals for Men - Dark Wood/Dark Wood,text/html; charset=iso-8859-1,
https://www.twstackle.com/products/olukai-10465-tuahine-sandals-for-men---stone-stone-3635.html,200,Categories - OluKai 10465 Tuahine Sandals for Men - Stone/Stone,OluKai 10465 Tuahine Sandals for Men - Stone/Stone,text/html; charset=iso-8859-1,
https://www.twstackle.com/products/olukai-10465-tuahine-sandals-for-men---toffee-toffee-3705.html,200,Categories - OluKai 10465 Tuahine Sandals for Men - Toffee/Toffee,OluKai 10465 Tuahine Sandals for Men - Toffee/Toffee,text/html; charset=iso-8859-1,
https://www.twstackle.com/products/olukai-10465t-3333-tuahine---m%7C883956402650.html,200,Categories - OLUKAI 10465T 3333 TUAHINE - M,OLUKAI 10465T 3333 TUAHINE - M,text/html; charset=iso-8859-1,
https://www.twstackle.com/products/olukai-10472-moku-pae-lace-up-shoes-for-men---pavement-vintage-blue-3704.html,200,Categories - OluKai 10472 Moku Pae Lace Up Shoes for Men - Pavement/Vintage Blue,OluKai 10472 Moku Pae Lace Up Shoes for Men - Pavement/Vintage Blue,text/html; charset=iso-8859-1,
https://www.twstackle.com/products/olukai-10472-moku-pae-lace-up-shoes-for-men---poi-red-ochre-3634.html,200,Categories - OluKai 10472 Moku Pae Lace Up Shoes for Men - Poi/Red Ochre,OluKai 10472 Moku Pae Lace Up Shoes for Men - Poi/Red Ochre,text/html; charset=iso-8859-1,
https://www.twstackle.com/products/olukai-10472-moku-pae-lace-up-shoes-for-men---trench-blue-off-white-3633.html,200,Categories - OluKai 10472 Moku Pae Lace Up Shoes for Men - Trench Blue/Off White,OluKai 10472 Moku Pae Lace Up Shoes for Men - Trench Blue/Off White,text/html; charset=iso-8859-1,
https://www.twstackle.com/products/olukai-10492--ilikai-sandals-for-men---toffee-toffee-3632.html,200,Categories - OluKai 10492 'Ilikai Sandals for Men - Toffee/Toffee,OluKai 10492,text/html; charset=iso-8859-1,
https://www.twstackle.com/products/olukai-10518-maha-sandals-for-men---black-black-3703.html,200,Categories - OluKai 10518 Maha Sandals for Men - Black/Black,OluKai 10518 Maha Sandals for Men - Black/Black,text/html; charset=iso-8859-1,
https://www.twstackle.com/products/olukai-10518c--maha-sandals-3851.html,200,Categories - OLUKAI 10518C&nbsp;&nbsp;MAHA SANDALS,OluKai 10518 Maha Sandals for Men - Clay/Clay,text/html; charset=iso-8859-1,
https://www.twstackle.com/products/olukai-10519d--kukulu-sandals-3850.html,200,Categories - OLUKAI 10519D&nbsp;&nbsp;KUKULU SANDALS,OluKai 10519 Kukulu Sandals for Men - Trench Blue/Trench Blue,text/html; charset=iso-8859-1,
https://www.twstackle.com/products/olukai-20110--ohana-sandals-for-women---black-black-3631.html,200,Categories - OluKai 20110 'Ohana Sandals for Women - Black/Black,OluKai 20110,text/html; charset=iso-8859-1,
https://www.twstackle.com/products/olukai-20110--ohana-sandals-for-women---bright-white-hua-3624.html,200,Categories - OluKai 20110 'Ohana Sandals for Women - Bright White/Hua,OluKai 20110,text/html; charset=iso-8859-1,
https://www.twstackle.com/products/olukai-20110--ohana-sandals-for-women---dark-java-dark-java-3630.html,200,Categories - OluKai 20110 'Ohana Sandals for Women - Dark Java/Dark Java,OluKai 20110,text/html; charset=iso-8859-1,
https://www.twstackle.com/products/olukai-20110--ohana-sandals-for-women---dragon-fruit-black-3701.html,200,Categories - OluKai 20110 'Ohana Sandals for Women - Dragon Fruit/Black,OluKai 20110,text/html; charset=iso-8859-1,
https://www.twstackle.com/products/olukai-20110--ohana-sandals-for-women---hot-coral-black-3629.html,200,Categories - OluKai 20110 'Ohana Sandals for Women - Hot Coral/Black,OluKai 20110,text/html; charset=iso-8859-1,
https://www.twstackle.com/products/olukai-20110--ohana-sandals-for-women---pacific-black-3628.html,200,Categories - OluKai 20110 'Ohana Sandals for Women - Pacific/Black,OluKai 20110,text/html; charset=iso-8859-1,
https://www.twstackle.com/products/olukai-20110--ohana-sandals-for-women---pewter-black-3627.html,200,Categories - OluKai 20110 'Ohana Sandals for Women - Pewter/Black,OluKai 20110,text/html; charset=iso-8859-1,
https://www.twstackle.com/products/olukai-20110--ohana-sandals-for-women---sea-glass-black-3626.html,200,Categories - OluKai 20110 'Ohana Sandals for Women - Sea Glass/Black,OluKai 20110,text/html; charset=iso-8859-1,
https://www.twstackle.com/products/olukai-20110wm---ohana-sandals-w-3849.html,200,Categories - OLUKAI 20110WM&nbsp;&nbsp;'Ohana Sandals-W,OluKai 20110,text/html; charset=iso-8859-1,
https://www.twstackle.com/products/olukai-20129-paniola-sandals-for-women---natural-natural-3623.html,200,Categories - OluKai 20129 Paniola Sandals for Women - Natural/Natural,OluKai 20129 Paniola Sandals for Women - Natural/Natural,text/html; charset=iso-8859-1,
https://www.twstackle.com/products/olukai-20271-pehuea-sneaker-slip-on-shoes-for-women---pavement-pavement-3699.html,200,Categories - OluKai 20271 Pehuea Sneaker Slip-On Shoes for Women - Pavement/Pavement,OluKai 20271 Pehuea Sneaker Slip-On Shoes for Women - Pavement/Pavement,text/html; charset=iso-8859-1,
https://www.twstackle.com/products/olukai-20271-pehuea-sneaker-slip-on-shoes-for-women---tapa-tapa-3621.html,200,Categories - OluKai 20271 Pehuea Sneaker Slip-On Shoes for Women - Tapa/Tapa,OluKai 20271 Pehuea Sneaker Slip-On Shoes for Women - Tapa/Tapa,text/html; charset=iso-8859-1,
https://www.twstackle.com/products/olukai-20294-ho-opio-sandals-for-women---onyx-onyx-3616.html,200,Categories - OluKai 20294 Ho'Opio Sandals for Women - Onyx/Onyx,OluKai 20294 Ho,text/html; charset=iso-8859-1,
https://www.twstackle.com/products/olukai-20294-ho-opio-sandals-for-women---white-onyx-3618.html,200,Categories - OluKai 20294 Ho'Opio Sandals for Women - White/Onyx,OluKai 20294 Ho,text/html; charset=iso-8859-1,
https://www.twstackle.com/products/olukai-20379-pehuea-li-sneaker-lace-up-shoes-for-women---tapa-tapa-3615.html,200,Categories - OluKai 20379 Pehuea Li Sneaker Lace Up Shoes for Women - Tapa/Tapa,OluKai 20379 Pehuea Li Sneaker Lace Up Shoes for Women - Tapa/Tapa,text/html; charset=iso-8859-1,
https://www.twstackle.com/products/olukai-20379-pehuea-li-sneaker-lace-up-shoes-for-women---trench-blue-trench-blue-3697.html,200,Categories - OluKai 20379 Pehuea Li Sneaker Lace Up Shoes for Women - Trench Blue/Trench Blue,OluKai 20379 Pehuea Li Sneaker Lace Up Shoes for Women - Trench Blue/Trench,text/html; charset=iso-8859-1,
https://www.twstackle.com/products/olukai-20436-honu-sandals-for-women---bright-white-golden-sand-3696.html,200,Categories - OluKai 20436 Honu Sandals for Women - Bright White/Golden Sand,OluKai 20436 Honu Sandals for Women - Bright White/Golden Sand,text/html; charset=iso-8859-1,
https://www.twstackle.com/products/olukai-20437v--ho-opio-hau-w-3847.html,200,Categories - OLUKAI 20437V&nbsp;&nbsp;HO'OPIO HAU-W,OluKai 20437 Ho,text/html; charset=iso-8859-1,
https://www.twstackle.com/products/olukai-20442--aukai-sandals-for-women---dark-java-dark-java-3614.html,200,Categories - OluKai 20442 'Aukai Sandals for Women - Dark Java/Dark Java,OluKai 20442,text/html; charset=iso-8859-1,
https://www.twstackle.com/products/olukai-20442--aukai-sandals-for-women---tan-tan-3613.html,200,Categories - OluKai 20442 'Aukai Sandals for Women - Tan/Tan,OluKai 20442,text/html; charset=iso-8859-1,
https://www.twstackle.com/products/olukai-20442c---aukai-sandals-wm-3846.html,200,Categories - OLUKAI 20442C&nbsp;&nbsp;'Aukai Sandals-Wm,OluKai 20442,text/html; charset=iso-8859-1,
https://www.twstackle.com/products/olukai-20443-pi-oe-sandals-for-women---hot-coral-mist-grey-3611.html,200,Categories - OluKai 20443 Pi-Oe Sandals for Women - Hot Coral/Mist Grey,OluKai 20443 Pi-Oe Sandals for Women - Hot Coral/Mist Grey,text/html; charset=iso-8859-1,
https://www.twstackle.com/products/olukai-20468-kapehe-luana-sandals-for-women---sahara-sahara-3693.html,200,Categories - OluKai 20468 Kapehe Luana Sandals for Women - Sahara/Sahara,OluKai 20468 Kapehe Luana Sandals for Women - Sahara/Sahara,text/html; charset=iso-8859-1,
https://www.twstackle.com/products/olukai-20468-kapehe-luana-sandals-for-women---tapa-sahara-3610.html,200,Categories - OluKai 20468 Kapehe Luana Sandals for Women - Tapa/Sahara,OluKai 20468 Kapehe Luana Sandals for Women - Tapa/Sahara,text/html; charset=iso-8859-1,
https://www.twstackle.com/products/olukai-20492-huia-shoes-for-women---black-black-3692.html,200,Categories - OluKai 20492 Huia Shoes for Women - Black/Black,OluKai 20492 Huia Shoes for Women - Black/Black,text/html; charset=iso-8859-1,
https://www.twstackle.com/products/olukai-20492p--w-huia-shoes-3844.html,200,Categories - OLUKAI 20492P&nbsp;&nbsp;W-HUIA SHOES,OluKai 20492 Huia Shoes for Women - Pale Grey/Pale Grey,text/html; charset=iso-8859-1,
https://www.twstackle.com/products/olukai-20498-puawa-sandals-for-women---black-black-3691.html,200,Categories - OluKai 20498 Puawa Sandals for Women - Black/Black,OluKai 20498 Puawa Sandals for Women - Black/Black,text/html; charset=iso-8859-1,
https://www.twstackle.com/products/olukai-20498-puawa-sandals-for-women---sea-glass-black-3690.html,200,Categories - OluKai 20498 Puawa Sandals for Women - Sea Glass/Black,OluKai 20498 Puawa Sandals for Women - Sea Glass/Black,text/html; charset=iso-8859-1,
https://www.twstackle.com/products/onyx-110200-100-999-12-cushion%7C043311807814.html,200,Categories - ONYX 110200-100-999-12 CUSHION,ONYX 110200-100-999-12 CUSHION,text/html; charset=iso-8859-1,
https://www.twstackle.com/products/orion-539-12ga-hi-perf-red-met%7C077403105397.html,200,Categories - ORION 539 12ga Hi Perf Red Met,ORION 539 12ga Hi Perf Red Met,text/html; charset=iso-8859-1,
https://www.twstackle.com/products/overhaul-hd--towers-only--adjustable-height-heavy-duty-truck-bed-rack%7C736745011512.html,200,Categories - OverHaul HD (Towers Only) Adjustable-Height Heavy-Duty Truck Bed Rack,OverHaul HD (Towers Only) Adjustable-Height Heavy-Duty Truck Bed Rack,text/html; charset=iso-8859-1,
https://www.twstackle.com/products/p-line-app7-5b-adaro-alumin%7C015789021962.html,200,Categories - P-LINE APP7.5B Adaro Alumin,P-LINE APP7.5B Adaro Alumin,text/html; charset=iso-8859-1,
https://www.twstackle.com/products/penn-8sffk-8--flex-fillet-knife%7C031324166356.html,200,Categories - PENN 8SFFK 8&quot; Flex Fillet Knife,"PENN&amp;reg; Fillet Knives feature ergonomic non slip handles that provide excellent grip when your hands are wet. When it comes to the blade on these knives, no corners were cut. German stainless steel and black Nickel Titanium come together to create a very sharp and corrosion resistant blade.German stainless steel bladeSharpened to 26 degreesBlack Nickel Titanium coatingErgonomic non-slip grip",text/html; charset=iso-8859-1,
https://www.twstackle.com/products/penn-93930-general-purpose-conventional-combo%7C031324939301.html,200,Categories - Penn 93930 General Purpose Conventional Combo,The popularity of PENN,text/html; charset=iso-8859-1,
https://www.twstackle.com/products/penn-battalion-ii-surf-conventional-ulua-rod---13----2pc---medium-heavy--%7C031324175204.html,200,Categories - Penn Battalion II Surf Conventional ULUA Rod - 13' / 2pc / Medium Heavy /,"The 2nd generation PENN&amp;reg; Battalion&amp;trade; II series, by demand, now offers an Ulua rod that is specifically designed to combat fishing from the rocks and surf. This 13-foot workhorse is built with heavy duty components. Composite blanks, Caxin Indestructible guides, Fuji&amp;reg; reel seats, and our tough and tacky rubber shrink tube handles prepare angers for any challenge from the su",text/html; charset=iso-8859-1,
https://www.twstackle.com/products/penn-international-int50visw2020-limited-edition-trolling-reel%7C031324177703.html,200,Categories - Penn International INT50VISW2020 Limited Edition Trolling Reel,Penn International INT50VISW2020 Limited Edition Trolling Reel,text/html; charset=iso-8859-1,
https://www.twstackle.com/products/penn-jigmaster-500l-star-drag-reel%7C031324050013.html,200,Categories - Penn Jigmaster 500L Star Drag Reel,"The PENN Jigmaster reel has been a longtime favorite among?anglers fishing the albacore day boats on the West Coast, as well as?kingfish anglers in the Southeast. One of our earliest designs, the?Jigmaster features a quick take-apart feature that allows anglers to?change spools (and line classes) while on the water when the fish become?line and leader shy and the scaling down of tackle is required",text/html; charset=iso-8859-1,
https://www.twstackle.com/products/penn-reel-grease%7CPENNGREASE.html,200,Categories - Penn Reel Grease,Penn Reel Grease,text/html; charset=iso-8859-1,
https://www.twstackle.com/products/penn-reel-oil%7CPENNOIL.html,200,Categories - Penn Reel Oil,Penn Reel Oil,text/html; charset=iso-8859-1,
https://www.twstackle.com/products/penn-reel-oil---lube-angler-pack%7C031324187733.html,200,Categories - Penn Reel Oil &amp; Lube Angler Pack,"Using a proprietary technology and formula that we acquired in 2011, PENN oil and grease are built to lubricate and prevent corrosion. We",text/html; charset=iso-8859-1,
https://www.twstackle.com/products/penn-rod---reel-cleaner-spray-bottle%7CPENNCLNR.html,200,Categories - Penn Rod &amp; Reel Cleaner Spray Bottle,Penn Rod &amp; Reel Cleaner Spray Bottle,text/html; charset=iso-8859-1,
https://www.twstackle.com/products/penn-senator-91414-combo%7C031324914148.html,200,Categories - Penn Senator 91414 Combo,"This combo needs no introduction. First launched in 1936, the Senator&amp;reg; Series from PENN has endured the test of time. The Senator is renowned for being a universally respected star drag reel. Its rugged design allows it to be an offshore workhorse that has amassed more IGFA big game world records than any brand in the industry. Great for trolling or bottom fishing, the high speed 113H/114H",text/html; charset=iso-8859-1,
https://www.twstackle.com/products/penn-sqlii15sd1220c102-sql-combo%7C031324174863.html,200,Categories - PENN SQLII15SD1220C102 Sql Combo,"The PENN&amp;reg; Squall&amp;reg; Star Drag combo is back, this time with a NEW Fast Gear Access Side Plate to allow anglers to quickly grease and clean their reels, with no risk of losing parts. The Squall&amp;reg; II Star Drag is still quick on the retrieve and extremely castable due to its revolutionary Live Spindle design. With the addition of PENN Dura-Guides for enhanced durability and two n",text/html; charset=iso-8859-1,
https://www.twstackle.com/products/penn-sqlii25nsd50100c62jg-combo%7C031324174870.html,200,Categories - PENN SQLII25NSD50100C62JG Combo,"The PENN&amp;reg; Squall&amp;reg; Star Drag combo is back, this time with a NEW Fast Gear Access Side Plate to allow anglers to quickly grease and clean their reels, with no risk of losing parts. The Squall&amp;reg; II Star Drag is still quick on the retrieve and extremely castable due to its revolutionary Live Spindle design. With the addition of PENN Dura-Guides for enhanced durability and two n",text/html; charset=iso-8859-1,
https://www.twstackle.com/products/penn-sqlii30sd2040c70-sql-combo%7C031324174887.html,200,Categories - PENN SQLII30SD2040C70 Sql Combo,"The PENN&amp;reg; Squall&amp;reg; Star Drag combo is back, this time with a NEW Fast Gear Access Side Plate to allow anglers to quickly grease and clean their reels, with no risk of losing parts. The Squall&amp;reg; II Star Drag is still quick on the retrieve and extremely castable due to its revolutionary Live Spindle design. With the addition of PENN Dura-Guides for enhanced durability and two n",text/html; charset=iso-8859-1,
https://www.twstackle.com/products/perko-1205dp0chr-rod-holder%7C085226558146.html,200,Categories - PERKO 1205DP0CHR Rod Holder,PERKO 1205DP0CHR Rod Holder,text/html; charset=iso-8859-1,
https://www.twstackle.com/products/plano-1087-00-leader-spool-box%7C024099010870.html,200,Categories - PLANO 1087-00 Leader Spool Box,PLANO 1087-00 Leader Spool Box,text/html; charset=iso-8859-1,
https://www.twstackle.com/products/plano-351026-rod-case%7C024099351027.html,200,Categories - PLANO 351026 ROD CASE,PLANO 351026 ROD CASE,text/html; charset=iso-8859-1,
https://www.twstackle.com/products/plano-4648-00-liqua-bait-walle%7C024099046480.html,200,Categories - PLANO 4648-00 Liqua-Bait Walle,PLANO 4648-00 Liqua-Bait Walle,text/html; charset=iso-8859-1,
https://www.twstackle.com/products/plano-4651-00-liqua-bait-bottl%7C024099046510.html,200,Categories - PLANO 4651-00 Liqua-Bait Bottl,PLANO 4651-00 Liqua-Bait Bottl,text/html; charset=iso-8859-1,
https://www.twstackle.com/products/plano-650800-xlrod-case%7C024099065085.html,200,Categories - PLANO 650800 XLROD CASE,PLANO 650800 XLROD CASE,text/html; charset=iso-8859-1,
https://www.twstackle.com/products/primos-362-dove-call-trap%7C010135003623.html,200,Categories - PRIMOS 362 DOVE CALL TRAP,PRIMOS 362 DOVE CALL TRAP,text/html; charset=iso-8859-1,
https://www.twstackle.com/products/primos-811-canada-goose-flute%7C010135008116.html,200,Categories - PRIMOS 811 Canada Goose Flute,PRIMOS 811 Canada Goose Flute,text/html; charset=iso-8859-1,
https://www.twstackle.com/products/primos-819-timber-wench-duck%7C010135008192.html,200,Categories - PRIMOS 819 Timber Wench Duck,PRIMOS 819 Timber Wench Duck,text/html; charset=iso-8859-1,
https://www.twstackle.com/products/primos-820-wench-duck-call%7C010135008208.html,200,Categories - PRIMOS 820 Wench Duck Call,PRIMOS 820 Wench Duck Call,text/html; charset=iso-8859-1,
https://www.twstackle.com/products/primos-829-feedin--mallard-duc%7C010135008291.html,200,Categories - PRIMOS 829 Feedin' Mallard Duc,PRIMOS 829 Feedin,text/html; charset=iso-8859-1,
https://www.twstackle.com/products/primos-846-the-nag-duck-call%7C010135008468.html,200,Categories - PRIMOS 846 The Nag Duck Call,PRIMOS 846 The Nag Duck Call,text/html; charset=iso-8859-1,
https://www.twstackle.com/products/primos-ps804-pro-mallard-duck-ca%7C010135008048.html,200,Categories - PRIMOS PS804 Pro Mallard Duck Ca,PRIMOS PS804 Pro Mallard Duck Ca,text/html; charset=iso-8859-1,
https://www.twstackle.com/products/primos-ps807-wood-duck-call%7C010135008079.html,200,Categories - PRIMOS PS807 Wood Duck Call,PRIMOS PS807 Wood Duck Call,text/html; charset=iso-8859-1,
https://www.twstackle.com/products/primos-ps813-duck-mallard-call%7C010135008130.html,200,Categories - PRIMOS PS813 Duck/Mallard Call,PRIMOS PS813 Duck/Mallard Call,text/html; charset=iso-8859-1,
https://www.twstackle.com/products/primos-ps821-bttmld-duck-call%7C010135008215.html,200,Categories - PRIMOS PS821 Bttmld Duck Call,PRIMOS PS821 Bttmld Duck Call,text/html; charset=iso-8859-1,
https://www.twstackle.com/products/pro-cure-af-isw-mogan-sprgel2oz%7C023669012450.html,200,Categories - PRO-CURE AF-ISW Mogan SprGel2oz,PRO-CURE AF-ISW Mogan SprGel2oz,text/html; charset=iso-8859-1,
https://www.twstackle.com/products/pro-cure-af-red-bait-super-gels%7C023669012412.html,200,Categories - PRO-CURE AF-RED Bait Super Gels,PRO-CURE AF-RED Bait Super Gels,text/html; charset=iso-8859-1,
https://www.twstackle.com/products/pro-cure-af-trt-mogan-sprgel2oz%7C023669012429.html,200,Categories - PRO-CURE AF-TRT Mogan SprGel2oz,PRO-CURE AF-TRT Mogan SprGel2oz,text/html; charset=iso-8859-1,
https://www.twstackle.com/products/pro-cure-blue-crab-super-gel-1348.html,200,Categories - Pro-Cure Blue Crab Super Gel,"Pro-Cure Super Gel with UV Flash Super Sticky - Super Strong - Super Effrective The ultimate scent for plugs, spinners, spoons, hoochies, flashers, soft plastics, swim baits, etc. 2 oz",text/html; charset=iso-8859-1,
https://www.twstackle.com/products/pro-cure-bo-sqd-bait-gels%7C023669006084.html,200,Categories - PRO-CURE BO-SQD Bait Gels,PRO-CURE BO-SQD Bait Gels,text/html; charset=iso-8859-1,
https://www.twstackle.com/products/pro-cure-bx-smp-bait-gel%7C023669012061.html,200,Categories - PRO-CURE BX-SMP BAIT GEL,PRO-CURE BX-SMP BAIT GEL,text/html; charset=iso-8859-1,
https://www.twstackle.com/products/pro-cure-flounder-pounder-bait-scents-1349.html,200,Categories - Pro-Cure Flounder Pounder Bait Scents,Pro-Cure Super Gel with UV Flash Super Powerful Real Full-Strength Fish Oils that Enhance the Attraction of ANY Bait or Lure 2 oz UNLEASH THE POWER,text/html; charset=iso-8859-1,
https://www.twstackle.com/products/pro-cure-g2-bas-super-gel%7C023669007111.html,200,Categories - PRO-CURE G2-BAS Super Gel,PRO-CURE G2-BAS Super Gel,text/html; charset=iso-8859-1,
https://www.twstackle.com/products/pro-cure-g2-eel-bait-gels%7C023669002123.html,200,Categories - PRO-CURE G2-EEL Bait Gels,PRO-CURE G2-EEL Bait Gels,text/html; charset=iso-8859-1,
https://www.twstackle.com/products/pro-cure-g2-fle-bait-gels%7C023669007944.html,200,Categories - PRO-CURE G2-FLE Bait Gels,PRO-CURE G2-FLE Bait Gels,text/html; charset=iso-8859-1,
https://www.twstackle.com/products/pro-cure-g2-fln-bait-gel%7C023669004578.html,200,Categories - PRO-CURE G2-FLN BAIT GEL,PRO-CURE G2-FLN BAIT GEL,text/html; charset=iso-8859-1,
https://www.twstackle.com/products/pro-cure-g2-isw-super-gel%7C023669004080.html,200,Categories - PRO-CURE G2-ISW Super Gel,PRO-CURE G2-ISW Super Gel,text/html; charset=iso-8859-1,
https://www.twstackle.com/products/pro-cure-g2-menhaden-bait-gels-1336.html,200,Categories - PRO-CURE G2-MENHADEN Bait Gels,"Super Sticky Super Strong Super Effective The ultimate scent for plugs, spinners, spoons, hoochies, flashers, soft plastics, swim baits etc.",text/html; charset=iso-8859-1,
https://www.twstackle.com/products/pro-cure-g2-mul-bait-gels%7C023669007173.html,200,Categories - PRO-CURE G2-MUL Bait Gels,PRO-CURE G2-MUL Bait Gels,text/html; charset=iso-8859-1,
https://www.twstackle.com/products/pro-cure-g2-sdr-super-gel-2oz%7C023669005872.html,200,Categories - PRO-CURE G2-SDR Super Gel 2oz,PRO-CURE G2-SDR Super Gel 2oz,text/html; charset=iso-8859-1,
https://www.twstackle.com/products/pro-cure-g2-smp-super-gel%7C023669007043.html,200,Categories - PRO-CURE G2-SMP Super Gel,PRO-CURE G2-SMP Super Gel,text/html; charset=iso-8859-1,
https://www.twstackle.com/products/pro-cure-g2-tun-bait-gels%7C023669004158.html,200,Categories - PRO-CURE G2-TUN Bait Gels,PRO-CURE G2-TUN Bait Gels,text/html; charset=iso-8859-1,
https://www.twstackle.com/products/pro-cure-g8-fln-bait-gels-8oz%7C023669004585.html,200,Categories - PRO-CURE G8-FLN Bait Gels 8OZ,PRO-CURE G8-FLN Bait Gels 8OZ,text/html; charset=iso-8859-1,
https://www.twstackle.com/products/pro-cure-g8-isw-bait-gels-8oz%7C023669004226.html,200,Categories - PRO-CURE G8-ISW Bait Gels 8OZ,PRO-CURE G8-ISW Bait Gels 8OZ,text/html; charset=iso-8859-1,
https://www.twstackle.com/products/pro-cure-g8-men-bait-gels-8oz%7C023669007890.html,200,Categories - PRO-CURE G8-MEN Bait Gels 8OZ,PRO-CURE G8-MEN Bait Gels 8OZ,text/html; charset=iso-8859-1,
https://www.twstackle.com/products/pro-cure-g8-mul-bait-gels-8oz%7C023669007906.html,200,Categories - PRO-CURE G8-MUL Bait Gels 8OZ,PRO-CURE G8-MUL Bait Gels 8OZ,text/html; charset=iso-8859-1,
https://www.twstackle.com/products/pro-cure-g8-smp-bait-gels-8oz%7C023669007685.html,200,Categories - PRO-CURE G8-SMP Bait Gels 8OZ,PRO-CURE G8-SMP Bait Gels 8OZ,text/html; charset=iso-8859-1,
https://www.twstackle.com/products/pro-cure-squid-super-gel-1347.html,200,Categories - Pro-Cure Squid Super Gel,"Pro-Cure Super Gel with UV Flash Super Sticky - Super Strong - Super Effrective The ultimate scent for plugs, spinners, spoons, hoochies, flashers, soft plastics, swim baits, etc. 2 oz",text/html; charset=iso-8859-1,
https://www.twstackle.com/products/pro-cure-ss-bas-super-sauce-4oz%7C023669002796.html,200,Categories - PRO-CURE SS-BAS Super Sauce 4oz,PRO-CURE SS-BAS Super Sauce 4oz,text/html; charset=iso-8859-1,
https://www.twstackle.com/products/pro-cure-ss-gar-super-sauce-4oz%7C023669002710.html,200,Categories - PRO-CURE SS-GAR Super Sauce 4oz,PRO-CURE SS-GAR Super Sauce 4oz,text/html; charset=iso-8859-1,
https://www.twstackle.com/products/promar-ac-103s-bait-knife-disp%7C837508002805.html,200,Categories - PROMAR AC-103S Bait Knife Disp,PROMAR AC-103S Bait Knife Disp,text/html; charset=iso-8859-1,
https://www.twstackle.com/products/promar-ac-124c-neon-bait-knife%7C837508008616.html,200,Categories - PROMAR AC-124C Neon Bait Knife,PROMAR AC-124C Neon Bait Knife,text/html; charset=iso-8859-1,
https://www.twstackle.com/products/promar-ac-612-2--dlx-rod-belt%7C837508002973.html,200,Categories - PROMAR AC-612 2&quot; Dlx Rod Belt,PROMAR AC-612 2&quot; Dlx Rod Belt,text/html; charset=iso-8859-1,
https://www.twstackle.com/products/promar-ct-18-150-cotton-stagin%7C837508002607.html,200,Categories - PROMAR CT-18-150 Cotton Stagin,PROMAR CT-18-150 Cotton Stagin,text/html; charset=iso-8859-1,
https://www.twstackle.com/products/promar-gfe-523-fiber-gaff%7C837508008760.html,200,Categories - PROMAR GFE-523 FIBER GAFF,PROMAR GFE-523 FIBER GAFF,text/html; charset=iso-8859-1,
https://www.twstackle.com/products/promar-gfe-543-fiber-gaff%7C837508008777.html,200,Categories - PROMAR GFE-543 FIBER GAFF,PROMAR GFE-543 FIBER GAFF,text/html; charset=iso-8859-1,
https://www.twstackle.com/products/promar-gfe-562-fiber-gaff%7C837508008807.html,200,Categories - PROMAR GFE-562 FIBER GAFF,PROMAR GFE-562 FIBER GAFF,text/html; charset=iso-8859-1,
https://www.twstackle.com/products/promar-gfe-563-fiber-gaff%7C837508009156.html,200,Categories - PROMAR GFE-563 FIBER GAFF,PROMAR GFE-563 FIBER GAFF,text/html; charset=iso-8859-1,
https://www.twstackle.com/products/promar-gfe-564-fiber-gaff%7C837508008784.html,200,Categories - PROMAR GFE-564 FIBER GAFF,PROMAR GFE-564 FIBER GAFF,text/html; charset=iso-8859-1,
https://www.twstackle.com/products/promar-gs-115g-1-5--glwstick-grn%7C837508007558.html,200,Categories - PROMAR GS-115G 1.5&quot; GlwStick-Grn,PROMAR GS-115G 1.5&quot; GlwStick-Grn,text/html; charset=iso-8859-1,
https://www.twstackle.com/products/promar-gs-120g-2--light-glow-s%7C837508007589.html,200,Categories - PROMAR GS-120G 2&quot; Light Glow S,PROMAR GS-120G 2&quot; Light Glow S,text/html; charset=iso-8859-1,
https://www.twstackle.com/products/promar-gs-130b-3--light-glow-s%7C837508006841.html,200,Categories - PROMAR GS-130B 3&quot; Light Glow S,PROMAR GS-130B 3&quot; Light Glow S,text/html; charset=iso-8859-1,
https://www.twstackle.com/products/promar-gs-130g-3--light-glow-s%7C837508006834.html,200,Categories - PROMAR GS-130G 3&quot; Light Glow S,PROMAR GS-130G 3&quot; Light Glow S,text/html; charset=iso-8859-1,
https://www.twstackle.com/products/promar-gs-130r-3--light-glow-s%7C837508007503.html,200,Categories - PROMAR GS-130R 3&quot; Light Glow S,PROMAR GS-130R 3&quot; Light Glow S,text/html; charset=iso-8859-1,
https://www.twstackle.com/products/promar-ne-100-poly-crab-line-100%7C837508000832.html,200,Categories - PROMAR NE-100 Poly Crab Line 100,PROMAR NE-100 Poly Crab Line 100,text/html; charset=iso-8859-1,
https://www.twstackle.com/products/promar-ne-111c-clr-drop-net%7C837508007787.html,200,Categories - PROMAR NE-111C Clr Drop Net,PROMAR NE-111C Clr Drop Net,text/html; charset=iso-8859-1,
https://www.twstackle.com/products/promar-ne-48c-48-ft-crab-trap%7C837508007800.html,200,Categories - PROMAR NE-48C 48 Ft Crab Trap,PROMAR NE-48C 48 Ft Crab Trap,text/html; charset=iso-8859-1,
https://www.twstackle.com/products/ptc-52260-tire-gauge-keyring%7C400002117551.html,200,Categories - PTC 52260 Tire Gauge Keyring,PTC 52260 Tire Gauge Keyring,text/html; charset=iso-8859-1,
https://www.twstackle.com/products/ptc-54949-fishing-line-clippers%7C840220049492.html,200,Categories - PTC 54949 FISHING LINE CLIPPERS,PTC 54949 FISHING LINE CLIPPERS,text/html; charset=iso-8859-1,
https://www.twstackle.com/products/ptc-59115-quick-snip%7C400000591155.html,200,Categories - PTC 59115 Quick Snip,PTC 59115 Quick Snip,text/html; charset=iso-8859-1,
https://www.twstackle.com/products/ptc-73539-5--measuring-tape%7C400002107941.html,200,Categories - PTC 73539 5' Measuring Tape,PTC 73539 5,text/html; charset=iso-8859-1,
https://www.twstackle.com/products/pucci-plrs12-12--p-line-strap%7C015789030360.html,200,Categories - PUCCI PLRS12 12&quot; P-Line Strap,PUCCI PLRS12 12&quot; P-Line Strap,text/html; charset=iso-8859-1,
https://www.twstackle.com/products/rapala-bp136sh-falcon-fillet-6%7C022677031101.html,200,Categories - RAPALA BP136SH Falcon Fillet 6,RAPALA BP136SH Falcon Fillet 6,text/html; charset=iso-8859-1,
https://www.twstackle.com/products/rapala-bp704sh1-soft-grip-fill%7C022677030128.html,200,Categories - RAPALA BP704SH1 Soft Grip Fill,RAPALA BP704SH1 Soft Grip Fill,text/html; charset=iso-8859-1,
https://www.twstackle.com/products/rapala-bp706sh1-soft-grip-fill%7C022677030159.html,200,Categories - RAPALA BP706SH1 Soft Grip Fill,RAPALA BP706SH1 Soft Grip Fill,text/html; charset=iso-8859-1,
https://www.twstackle.com/products/rapala-bpfnf4sh1-knife-4-%7C022677030326.html,200,Categories - RAPALA BPFNF4SH1 KNIFE 4&quot;,RAPALA BPFNF4SH1 KNIFE 4&quot;,text/html; charset=iso-8859-1,
https://www.twstackle.com/products/rapala-bpfnf6sh1-knife-6-%7C022677030333.html,200,Categories - RAPALA BPFNF6SH1 KNIFE 6&quot;,RAPALA BPFNF6SH1 KNIFE 6&quot;,text/html; charset=iso-8859-1,
https://www.twstackle.com/products/rapala-bpfnf7sh1-knife-7-%7C022677030395.html,200,Categories - RAPALA BPFNF7SH1 KNIFE 7&quot;,RAPALA BPFNF7SH1 KNIFE 7&quot;,text/html; charset=iso-8859-1,
https://www.twstackle.com/products/rapala-fncb-fillet-carry-board%7C022677206172.html,200,Categories - RAPALA FNCB Fillet/Carry Board,RAPALA FNCB Fillet/Carry Board,text/html; charset=iso-8859-1,
https://www.twstackle.com/products/rapala-pfbc-poly-fillet-board%7C022677206271.html,200,Categories - RAPALA PFBC Poly Fillet Board,RAPALA PFBC Poly Fillet Board,text/html; charset=iso-8859-1,
https://www.twstackle.com/products/rapala-psb1232-pro-series-boar%7C022677206189.html,200,Categories - RAPALA PSB1232 Pro Series Boar,RAPALA PSB1232 Pro Series Boar,text/html; charset=iso-8859-1,
https://www.twstackle.com/products/rapala-psb1624-pro-series-boar%7C022677206196.html,200,Categories - RAPALA PSB1624 Pro Series Boar,RAPALA PSB1624 Pro Series Boar,text/html; charset=iso-8859-1,
https://www.twstackle.com/products/rapala-psb1632-pro-series%7C022677206202.html,200,Categories - RAPALA PSB1632 Pro Series,RAPALA PSB1632 Pro Series,text/html; charset=iso-8859-1,
https://www.twstackle.com/products/rapala-rcd-2-54949-clipper--ea%7C022677151328.html,200,Categories - RAPALA RCD-2/54949 Clipper -Ea,RAPALA RCD-2/54949 Clipper -Ea,text/html; charset=iso-8859-1,
https://www.twstackle.com/products/rapala-rllc-line-counter%7C022677093116.html,200,Categories - RAPALA RLLC Line Counter,RAPALA RLLC Line Counter,text/html; charset=iso-8859-1,
https://www.twstackle.com/products/rapala-rrrul60-retract--60-ruler%7C022677296241.html,200,Categories - RAPALA RRRUL60 Retract. 60&quot;Ruler,RAPALA RRRUL60 Retract. 60&quot;Ruler,text/html; charset=iso-8859-1,
https://www.twstackle.com/products/rapala-rsb4bx-sw-bait-knife%7C022677138725.html,200,Categories - RAPALA RSB4BX SW Bait Knife,RAPALA RSB4BX SW Bait Knife,text/html; charset=iso-8859-1,
https://www.twstackle.com/products/rapala-rsd-1-line-scissors%7C022677148618.html,200,Categories - RAPALA RSD-1 Line Scissors,RAPALA RSD-1 Line Scissors,text/html; charset=iso-8859-1,
https://www.twstackle.com/products/rapala-sh1-knife-sharpener%7C022677030401.html,200,Categories - RAPALA SH1 Knife Sharpener,RAPALA SH1 Knife Sharpener,text/html; charset=iso-8859-1,
https://www.twstackle.com/products/rapala-sh2-knife-sharpener%7C022677030425.html,200,Categories - RAPALA SH2 Knife Sharpener,RAPALA SH2 Knife Sharpener,text/html; charset=iso-8859-1,
https://www.twstackle.com/products/rapala-srsd-1-spr-line-scissor%7C022677271798.html,200,Categories - RAPALA SRSD-1 SPR LINE SCISSOR,RAPALA SRSD-1 SPR LINE SCISSOR,text/html; charset=iso-8859-1,
https://www.twstackle.com/products/repel-hg-94100-insect-wipes%7C011423941009.html,200,Categories - REPEL HG-94100 Insect Wipes,REPEL HG-94100 Insect Wipes,text/html; charset=iso-8859-1,
https://www.twstackle.com/products/repel-hg-94109-insect-repelspray%7C011423941092.html,200,Categories - REPEL HG-94109 Insect RepelSpray,REPEL HG-94109 Insect RepelSpray,text/html; charset=iso-8859-1,
https://www.twstackle.com/products/saltycrw-50835001-blk-towel%7C804046156314.html,200,Categories - SALTYCRW 50835001 Blk Towel,SALTYCRW 50835001 Blk Towel,text/html; charset=iso-8859-1,
https://www.twstackle.com/products/sea-striker-22-2-27-2-pvc-spike%7C096337106331.html,200,Categories - SEA STRIKER 22-2/27-2 PVC Spike,SEA STRIKER 22-2/27-2 PVC Spike,text/html; charset=iso-8859-1,
https://www.twstackle.com/products/sea-striker-25ft-crab-throw-line-1441.html,200,Categories - SEA STRIKER 25ft Crab Throw Line,"Unravel live to approximate distance you want to throw. Bait with chicken neck or fish head by sliding bait on to the stainless wire. If more distance is needed, add extra weight to the stainless wire. Always be sure your line is securely tied to the sire on top of the weight. Toss line into the water. Retrieve slowly and dip crab with crab net.",text/html; charset=iso-8859-1,
https://www.twstackle.com/products/sea-striker-28-2al-28--sandspike%7C096337106188.html,200,Categories - SEA STRIKER 28-2AL 28&quot; SANDSPIKE,SEA STRIKER 28-2AL 28&quot; SANDSPIKE,text/html; charset=iso-8859-1,
https://www.twstackle.com/products/sea-striker-42-2al-sand-spike%7C096337106218.html,200,Categories - SEA STRIKER 42-2AL Sand Spike,SEA STRIKER 42-2AL Sand Spike,text/html; charset=iso-8859-1,
https://www.twstackle.com/products/sea-striker-brsc-beach-cart%7C096337036331.html,200,Categories - SEA STRIKER BRSC Beach Cart,SEA STRIKER BRSC Beach Cart,text/html; charset=iso-8859-1,
https://www.twstackle.com/products/sea-striker-brsc-dlx-beach-cart%7C096337036430.html,200,Categories - SEA STRIKER BRSC-DLX Beach Cart,SEA STRIKER BRSC-DLX Beach Cart,text/html; charset=iso-8859-1,
https://www.twstackle.com/products/sea-striker-brsc-wb-beach-cart%7C096337667092.html,200,Categories - SEA STRIKER BRSC-WB Beach Cart,SEA STRIKER BRSC-WB Beach Cart,text/html; charset=iso-8859-1,
https://www.twstackle.com/products/sea-striker-btch3-bucktail-tea%7C096337101152.html,200,Categories - SEA STRIKER BTCH3 Bucktail Tea,SEA STRIKER BTCH3 Bucktail Tea,text/html; charset=iso-8859-1,
https://www.twstackle.com/products/sea-striker-btpk3-bucktail-tea%7C096337002985.html,200,Categories - SEA STRIKER BTPK3 Bucktail Tea,SEA STRIKER BTPK3 Bucktail Tea,text/html; charset=iso-8859-1,
https://www.twstackle.com/products/sea-striker-btpkpm3-bucktail-t%7C096337022921.html,200,Categories - SEA STRIKER BTPKPM3 Bucktail T,SEA STRIKER BTPKPM3 Bucktail T,text/html; charset=iso-8859-1,
https://www.twstackle.com/products/sea-striker-btw3-bucktail-teas%7C096337100155.html,200,Categories - SEA STRIKER BTW3 Bucktail Teas,SEA STRIKER BTW3 Bucktail Teas,text/html; charset=iso-8859-1,
https://www.twstackle.com/products/sea-striker-ctl48-crab-trap-li%7C096337007409.html,200,Categories - SEA STRIKER CTL48 Crab Trap Li,SEA STRIKER CTL48 Crab Trap Li,text/html; charset=iso-8859-1,
https://www.twstackle.com/products/sea-striker-pt04-zap-gap-glue%7C087093004672.html,200,Categories - SEA STRIKER PT04 Zap Gap Glue,SEA STRIKER PT04 Zap Gap Glue,text/html; charset=iso-8859-1,
https://www.twstackle.com/products/sea-striker-sp1-surf-pal-spike%7C096337112424.html,200,Categories - SEA STRIKER SP1 Surf Pal Spike,SEA STRIKER SP1 Surf Pal Spike,text/html; charset=iso-8859-1,
https://www.twstackle.com/products/sea-striker-ss45bk-24-4--bait%7C096337660581.html,200,Categories - SEA STRIKER SS45BK-24 4&quot; Bait,SEA STRIKER SS45BK-24 4&quot; Bait,text/html; charset=iso-8859-1,
https://www.twstackle.com/products/sea-striker-ssbk25-48-2-5--knife%7C096337665241.html,200,Categories - SEA STRIKER SSBK25-48 2.5&quot; Knife,SEA STRIKER SSBK25-48 2.5&quot; Knife,text/html; charset=iso-8859-1,
https://www.twstackle.com/products/sea-striker-ssfs1-fish-scaler%7C096337006105.html,200,Categories - SEA STRIKER SSFS1 Fish Scaler,SEA STRIKER SSFS1 Fish Scaler,text/html; charset=iso-8859-1,
https://www.twstackle.com/products/sea-striker-ssok-24-oyster-kni%7C096337660611.html,200,Categories - SEA STRIKER SSOK-24 Oyster Kni,SEA STRIKER SSOK-24 Oyster Kni,text/html; charset=iso-8859-1,
https://www.twstackle.com/products/sea-striker-ssokn-oyster-knife%7C096337665258.html,200,Categories - SEA STRIKER SSOKN Oyster Knife,SEA STRIKER SSOKN Oyster Knife,text/html; charset=iso-8859-1,
https://www.twstackle.com/products/sea-striker-sspfk6-24-6--fillet%7C096337665234.html,200,Categories - SEA STRIKER SSPFK6-24 6&quot; Fillet,SEA STRIKER SSPFK6-24 6&quot; Fillet,text/html; charset=iso-8859-1,
https://www.twstackle.com/products/sea-striker-swl4-leader-wheel%7C096337005610.html,200,Categories - SEA STRIKER SWL4 Leader Wheel,SEA STRIKER SWL4 Leader Wheel,text/html; charset=iso-8859-1,
https://www.twstackle.com/products/sea-striker-swl6-leader-wheel%7C096337005627.html,200,Categories - SEA STRIKER SWL6 Leader Wheel,SEA STRIKER SWL6 Leader Wheel,text/html; charset=iso-8859-1,
https://www.twstackle.com/products/sea-striker-wl4-leader-wheel%7C096337102111.html,200,Categories - SEA STRIKER WL4 Leader Wheel,SEA STRIKER WL4 Leader Wheel,text/html; charset=iso-8859-1,
https://www.twstackle.com/products/sea-striker-wl6-leader-wheel%7C096337102098.html,200,Categories - SEA STRIKER WL6 Leader Wheel,SEA STRIKER WL6 Leader Wheel,text/html; charset=iso-8859-1,
https://www.twstackle.com/products/seaguar-gold-label-fluorocarbon-leader-25yd%7CGL25.html,200,Categories - Seaguar Gold Label Fluorocarbon Leader-25yd,Seaguar Gold Label Fluorocarbon Leader-25yd,text/html; charset=iso-8859-1,
https://www.twstackle.com/products/self-laminating-pouches%7C400000261041.html,200,Categories - Self Laminating Pouches,Self Laminating Pouches,text/html; charset=iso-8859-1,
https://www.twstackle.com/products/servus-22272g-mens-15--non-insulated-neoprene-work-boots-copper-tan-1542.html,200,Categories - Servus 22272G Mens 15&quot; Non-Insulated Neoprene Work Boots-Copper/Tan,"An Alaskan staple in the commercial fishing industry, the Legacy Boot provides commercial fishermen flexible, all-day comfort and the best protection against the broadest range of acids, corrosives, and contaminants. Each boot is made with XTRATUFs signature triple dipping technique, which creates a seamless barrier that is highly resistant to many organic and inorganic acids, chemicals and contam",text/html; charset=iso-8859-1,
https://www.twstackle.com/products/servus-safety-22172g-12--mens-non-insulated-neoprene-work-boots-copper-tan-1541.html,200,Categories - Servus Safety 22172G 12&quot; Mens Non-Insulated Neoprene Work Boots-Copper/Tan,"The Legacy Boot has become a symbol of belonging - an icon of hard work and constant doing. The Legacy Boot is 100% waterproof, made with our signature triple dipping technique which creates a seamless barrier that is highly resistant to many organic and inorganic acids, chemicals and contaminants. Our latex neoprene is ozone resistant, and is softer, lighter and far more pliable than ordinary rub",text/html; charset=iso-8859-1,
https://www.twstackle.com/products/shakespeare-salscgcbo-green%7C043388323439.html,200,Categories - SHAKESPEARE SALSCGCBO Green,Shakespeare&amp;reg; Salamander&amp;trade; provides young anglers with confidence-building gear that looks cool too!Tubular glass spincast rods offered in green and pink colorsPre-spooled with 6 lb line,text/html; charset=iso-8859-1,
https://www.twstackle.com/products/shakespeare-salscpcbo-pink%7C043388323422.html,200,Categories - SHAKESPEARE SALSCPCBO Pink,Shakespeare&amp;reg; Salamander&amp;trade; provides young anglers with confidence-building gear that looks cool too!Tubular glass spincast rods offered in green and pink colorsPre-spooled with 6 lb line,text/html; charset=iso-8859-1,
https://www.twstackle.com/products/shakespeare-uscbca701mh-lpcbo%7C043388457660.html,200,Categories - SHAKESPEARE USCBCA701MH/LPCBO,"Ugly won?t quit. Introducing the Ugly Stik&amp;reg; Carbon series featuring 100% graphite for a lightweight rod, crisp actions, and increased sensitivity while maintaining the legendary toughness you?ve come to expect from Ugly Stik. The lightest Ugly Stik&amp;reg; ever!Ugly Stik&amp;reg; solid graphite tip provides increased sensitivity while maintaining the legendary toughness you?ve come to",text/html; charset=iso-8859-1,
https://www.twstackle.com/products/shimano-tirc30w-tiagra-reel-cvr%7C022255358996.html,200,Categories - SHIMANO TIRC30W Tiagra Reel Cvr,SHIMANO TIRC30W Tiagra Reel Cvr,text/html; charset=iso-8859-1,
https://www.twstackle.com/products/shimano-tirc50w-tiagra-reel-covr%7C022255358972.html,200,Categories - SHIMANO TIRC50W Tiagra Reel Covr,SHIMANO TIRC50W Tiagra Reel Covr,text/html; charset=iso-8859-1,
https://www.twstackle.com/products/shimano-tirc80w-tiagra-reel-covr%7C022255358965.html,200,Categories - SHIMANO TIRC80W Tiagra Reel Covr,SHIMANO TIRC80W Tiagra Reel Covr,text/html; charset=iso-8859-1,
https://www.twstackle.com/products/silver-fish-clippers-1043.html,200,Categories - Silver Fish Clippers,KIKKERLAND MN65 Nail Clippers,text/html; charset=iso-8859-1,
https://www.twstackle.com/products/skeeter-beater-999098018-4oz-btl%7C654367015551.html,200,Categories - SKEETER BEATER 999098018 4oz BTL,SKEETER BEATER 999098018 4oz BTL,text/html; charset=iso-8859-1,
https://www.twstackle.com/products/slimshady-8--rack%7C736745074463.html,200,Categories - SlimShady 8' Rack,SlimShady 8,text/html; charset=iso-8859-1,
https://www.twstackle.com/products/smith-barra-20522308660ui-3743.html,200,Categories - SMITH BARRA 20522308660UI,Smith Barra ChromaPop Glass Polarized Green Mirror,text/html; charset=iso-8859-1,
https://www.twstackle.com/products/smith-barra-205223n9p60l5-3742.html,200,Categories - SMITH BARRA 205223N9P60L5,Smith Barra ChromaPop Glass Polarized Brown,text/html; charset=iso-8859-1,
https://www.twstackle.com/products/smith-br--aveline--br-polarized-brown-grandient%7C716736839943.html,200,Categories - Smith Aveline Polarized Brown Grandient,Smith Aveline Polarized Brown Grandient,text/html; charset=iso-8859-1,
https://www.twstackle.com/products/smith-br--barra--br-chromapop-polarized-black%7C716736844534.html,200,Categories - Smith Barra ChromaPop Polarized Black,Smith Barra ChromaPop Polarized Black,text/html; charset=iso-8859-1,
https://www.twstackle.com/products/smith-br--boomtown--br-chromapop-polarized-gray-green%7C827886538089.html,200,Categories - Smith Boomtown ChromaPop Polarized Gray Green,Smith Boomtown ChromaPop Polarized Gray Green,text/html; charset=iso-8859-1,
https://www.twstackle.com/products/smith-br--cheetah--br-polarized-gray-green%7C715757446819.html,200,Categories - Smith Cheetah Polarized Gray Green,Smith Cheetah Polarized Gray Green,text/html; charset=iso-8859-1,
https://www.twstackle.com/products/smith-br--deckboss--br-chromapop-glass-polarized-blue-mirror%7C716736430874.html,200,Categories - Smith Deckboss ChromaPop Glass Polarized Blue Mirror,Smith Deckboss ChromaPop Glass Polarized Blue Mirror,text/html; charset=iso-8859-1,
https://www.twstackle.com/products/smith-br--deckboss--br-chromapop-glass-polarized-brown%7C716736430881.html,200,Categories - Smith Deckboss ChromaPop Glass Polarized Brown,Smith Deckboss ChromaPop Glass Polarized Brown,text/html; charset=iso-8859-1,
https://www.twstackle.com/products/smith-br--deckboss--br-chromapop-glass-polarized-green-mirror%7C716736430867.html,200,Categories - Smith Deckboss ChromaPop Glass Polarized Green Mirror,Smith Deckboss ChromaPop Glass Polarized Green Mirror,text/html; charset=iso-8859-1,
https://www.twstackle.com/products/smith-br--guides-choice--br-chromapop-glass-polarized-low-light-yellow%7C827886639359.html,200,Categories - Smith Guides Choice ChromaPop Glass Polarized Low Light Yellow,Smith Guides Choice ChromaPop Glass Polarized Low Light Yellow,text/html; charset=iso-8859-1,
https://www.twstackle.com/products/smith-br--guides-choice--br-glass-polarchromic-copper-mirror%7C715757504564.html,200,Categories - Smith Guides Choice Glass Polarchromic Copper Mirror,Smith Guides Choice Glass Polarchromic Copper Mirror,text/html; charset=iso-8859-1,
https://www.twstackle.com/products/smith-br--guides-choice--br-glass-polarchromic-ignitor%7C715757504571.html,200,Categories - Smith Guides Choice Glass Polarchromic Ignitor,Smith Guides Choice Glass Polarchromic Ignitor,text/html; charset=iso-8859-1,
https://www.twstackle.com/products/smith-br--guides-choice-xl--br-glass-polarchromic-copper-mirror%7C716736804347.html,200,Categories - Smith Guides Choice XL Glass Polarchromic Copper Mirror,Smith Guides Choice XL Glass Polarchromic Copper Mirror,text/html; charset=iso-8859-1,
https://www.twstackle.com/products/smith-br--headliner--br-chromapop-polarized-blue-mirror%7C716736337210.html,200,Categories - Smith Headliner ChromaPop Polarized Blue Mirror,Smith Headliner ChromaPop Polarized Blue Mirror,text/html; charset=iso-8859-1,
https://www.twstackle.com/products/smith-br--headliner--br-chromapop-polarized-brown%7C716736337234.html,200,Categories - Smith Headliner ChromaPop Polarized Brown,Smith Headliner ChromaPop Polarized Brown,text/html; charset=iso-8859-1,
https://www.twstackle.com/products/smith-br--headliner--br-chromapop-polarized-gray-green%7C716736337241.html,200,Categories - Smith Headliner ChromaPop Polarized Gray Green,Smith Headliner ChromaPop Polarized Gray Green,text/html; charset=iso-8859-1,
https://www.twstackle.com/products/smith-br--joya--br-chromapop-glass-polarized-blue-mirror%7C716736431406.html,200,Categories - Smith Joya ChromaPop Glass Polarized Blue Mirror,Smith Joya ChromaPop Glass Polarized Blue Mirror,text/html; charset=iso-8859-1,
https://www.twstackle.com/products/smith-br--joya--br-chromapop-glass-polarized-brown%7C716736431352.html,200,Categories - Smith Joya ChromaPop Glass Polarized Brown,Smith Joya ChromaPop Glass Polarized Brown,text/html; charset=iso-8859-1,
https://www.twstackle.com/products/smith-br--lake-shasta--br-chromapop-polarized-grey-green%7C827886460786.html,200,Categories - Smith Lake Shasta ChromaPop Polarized Grey Green,Smith Lake Shasta ChromaPop Polarized Grey Green,text/html; charset=iso-8859-1,
https://www.twstackle.com/products/smith-br--longfin--br-chromapop-polarized-opal-mirror%7C716736844541.html,200,Categories - Smith Longfin ChromaPop Polarized Opal Mirror,Smith Longfin ChromaPop Polarized Opal Mirror,text/html; charset=iso-8859-1,
https://www.twstackle.com/products/smith-br--lowdown-steel--br-chromapop-polarized-brown%7C716736142838.html,200,Categories - Smith Lowdown Steel ChromaPop Polarized Brown,Smith Lowdown Steel ChromaPop Polarized Brown,text/html; charset=iso-8859-1,
https://www.twstackle.com/products/smith-br--redding--br-chromapop-glass-polarized-blue-mirror%7C716736167688.html,200,Categories - Smith Redding ChromaPop Glass Polarized Blue Mirror,Smith Redding ChromaPop Glass Polarized Blue Mirror,text/html; charset=iso-8859-1,
https://www.twstackle.com/products/smith-br--redding--br-chromapop-glass-polarized-bronze-mirror%7C716736287515.html,200,Categories - Smith Redding ChromaPop Glass Polarized Bronze Mirror,Smith Redding ChromaPop Glass Polarized Bronze Mirror,text/html; charset=iso-8859-1,
https://www.twstackle.com/products/smith-br--redding--br-chromapop-glass-polarized-brown%7C716736167695.html,200,Categories - Smith Redding ChromaPop Glass Polarized Brown,Smith Redding ChromaPop Glass Polarized Brown,text/html; charset=iso-8859-1,
https://www.twstackle.com/products/smith-br--redding--br-chromapop-glass-polarized-green-mirror%7C716736206905.html,200,Categories - Smith Redding ChromaPop Glass Polarized Green Mirror,Smith Redding ChromaPop Glass Polarized Green Mirror,text/html; charset=iso-8859-1,
https://www.twstackle.com/products/smith-br--redding--br-chromapop-glass-polarized-low-light-yellow%7C716736804880.html,200,Categories - Smith Redding ChromaPop Glass Polarized Low Light Yellow,Smith Redding ChromaPop Glass Polarized Low Light Yellow,text/html; charset=iso-8859-1,
https://www.twstackle.com/products/smith-br--shoal--br-chromapop-polarized-rose-gold-mirror%7C716736839486.html,200,Categories - Smith Shoal ChromaPop Polarized Rose Gold Mirror,Smith Shoal ChromaPop Polarized Rose Gold Mirror,text/html; charset=iso-8859-1,
https://www.twstackle.com/products/smith-longfin-20522400359qg-3741.html,200,Categories - SMITH LONGFIN 20522400359QG,Smith Longfin ChromaPop Glass Polarized Blue Mirror,text/html; charset=iso-8859-1,
https://www.twstackle.com/products/solo-marine-5-rod-rigger%7C400000051789.html,200,Categories - SoLo Marine 5 Rod Rigger,SoLo Marine 5 Rod Rigger,text/html; charset=iso-8859-1,
https://www.twstackle.com/products/spro-sbtjbs-1-2-prime-bucktail%7C651583102416.html,200,Categories - SPRO SBTJBS-1/2 Prime Bucktail,SPRO SBTJBS-1/2 Prime Bucktail,text/html; charset=iso-8859-1,
https://www.twstackle.com/products/spro-sbtjbs-1-4-prime-bucktail%7C651583104014.html,200,Categories - SPRO SBTJBS-1/4 Prime Bucktail,SPRO SBTJBS-1/4 Prime Bucktail,text/html; charset=iso-8859-1,
https://www.twstackle.com/products/spro-sbtjbs-1-prime-bucktail-j%7C651583102430.html,200,Categories - SPRO SBTJBS-1 Prime Bucktail J,SPRO SBTJBS-1 Prime Bucktail J,text/html; charset=iso-8859-1,
https://www.twstackle.com/products/spro-sbtjbs-2-prime-bucktail-j%7C651583103123.html,200,Categories - SPRO SBTJBS-2 Prime Bucktail J,SPRO SBTJBS-2 Prime Bucktail J,text/html; charset=iso-8859-1,
https://www.twstackle.com/products/spro-sbtjc-1-2-prime-bucktail%7C651583101907.html,200,Categories - SPRO SBTJC-1/2 Prime Bucktail,SPRO SBTJC-1/2 Prime Bucktail,text/html; charset=iso-8859-1,
https://www.twstackle.com/products/spro-sbtjc-1-4-prime-bucktail%7C651583104045.html,200,Categories - SPRO SBTJC-1/4 Prime Bucktail,SPRO SBTJC-1/4 Prime Bucktail,text/html; charset=iso-8859-1,
https://www.twstackle.com/products/spro-sbtjc-1-prime-bucktail-ji%7C651583101945.html,200,Categories - SPRO SBTJC-1 Prime Bucktail Ji,SPRO SBTJC-1 Prime Bucktail Ji,text/html; charset=iso-8859-1,
https://www.twstackle.com/products/spro-sbtjc-2-prime-bucktail-j%7C651583103109.html,200,Categories - SPRO SBTJC-2 Prime Bucktail J,SPRO SBTJC-2 Prime Bucktail J,text/html; charset=iso-8859-1,
https://www.twstackle.com/products/spro-sbtjcc-1-2-prime-bucktail%7C651583109996.html,200,Categories - SPRO SBTJCC-1/2 Prime Bucktail,SPRO SBTJCC-1/2 Prime Bucktail,text/html; charset=iso-8859-1,
https://www.twstackle.com/products/spro-sbtjcc-1-4-prime-bucktail%7C651583110008.html,200,Categories - SPRO SBTJCC-1/4 Prime Bucktail,SPRO SBTJCC-1/4 Prime Bucktail,text/html; charset=iso-8859-1,
https://www.twstackle.com/products/spro-sbtjcc-1-prime-bucktail%7C651583109989.html,200,Categories - SPRO SBTJCC-1 Prime Bucktail,SPRO SBTJCC-1 Prime Bucktail,text/html; charset=iso-8859-1,
https://www.twstackle.com/products/spro-sbtjcc-2-prime-bucktail%7C651583110022.html,200,Categories - SPRO SBTJCC-2 Prime Bucktail,SPRO SBTJCC-2 Prime Bucktail,text/html; charset=iso-8859-1,
https://www.twstackle.com/products/spro-sbtjcrb-1-2-prime-bucktail%7C651583115928.html,200,Categories - SPRO SBTJCRB-1/2 Prime Bucktail,SPRO SBTJCRB-1/2 Prime Bucktail,text/html; charset=iso-8859-1,
https://www.twstackle.com/products/spro-sbtjcrc-1-2-bucktail-jig%7C651583118356.html,200,Categories - SPRO SBTJCRC-1/2 BUCKTAIL JIG,SPRO SBTJCRC-1/2 BUCKTAIL JIG,text/html; charset=iso-8859-1,
https://www.twstackle.com/products/spro-sbtjcrc-1-bucktail-jig%7C651583118349.html,200,Categories - SPRO SBTJCRC-1 BUCKTAIL JIG,SPRO SBTJCRC-1 BUCKTAIL JIG,text/html; charset=iso-8859-1,
https://www.twstackle.com/products/streamlight-88039-protac-compa%7C080926880399.html,200,Categories - STREAMLIGHT 88039 ProTac Compa,STREAMLIGHT 88039 ProTac Compa,text/html; charset=iso-8859-1,
https://www.twstackle.com/products/sun-bum-20-40015-lotion-spf-15%7C871760001923.html,200,Categories - SUN BUM 20-40015 Lotion SPF 15,SUN BUM 20-40015 Lotion SPF 15,text/html; charset=iso-8859-1,
https://www.twstackle.com/products/sun-bum-20-40030-lotion-spf-30%7C871760001930.html,200,Categories - SUN BUM 20-40030 Lotion SPF 30,SUN BUM 20-40030 Lotion SPF 30,text/html; charset=iso-8859-1,
https://www.twstackle.com/products/sun-bum-20-40050-lotion-spf-50%7C871760001947.html,200,Categories - SUN BUM 20-40050 Lotion SPF 50,SUN BUM 20-40050 Lotion SPF 50,text/html; charset=iso-8859-1,
https://www.twstackle.com/products/sun-bum-20-40070-lotion-spf-70%7C871760002098.html,200,Categories - SUN BUM 20-40070 Lotion SPF 70,SUN BUM 20-40070 Lotion SPF 70,text/html; charset=iso-8859-1,
https://www.twstackle.com/products/sun-bum-20-42015-spray-spf-15%7C871760001954.html,200,Categories - SUN BUM 20-42015 Spray SPF 15,SUN BUM 20-42015 Spray SPF 15,text/html; charset=iso-8859-1,
https://www.twstackle.com/products/sun-bum-20-42030-spray-spf-30%7C871760001961.html,200,Categories - SUN BUM 20-42030 Spray SPF 30,SUN BUM 20-42030 Spray SPF 30,text/html; charset=iso-8859-1,
https://www.twstackle.com/products/sun-bum-20-42050-spray-spf-50%7C871760001978.html,200,Categories - SUN BUM 20-42050 Spray SPF 50,SUN BUM 20-42050 Spray SPF 50,text/html; charset=iso-8859-1,
https://www.twstackle.com/products/sun-bum-20-42070-spray-spf70-6oz%7C871760002081.html,200,Categories - SUN BUM 20-42070 Spray SPF70 6oz,SUN BUM 20-42070 Spray SPF70 6oz,text/html; charset=iso-8859-1,
https://www.twstackle.com/products/sun-bum-20-42230-scalp-spray-30%7C871760007536.html,200,Categories - SUN BUM 20-42230 Scalp Spray 30,SUN BUM 20-42230 Scalp Spray 30,text/html; charset=iso-8859-1,
https://www.twstackle.com/products/sun-bum-20-45030-face-stick-spf3%7C871760003095.html,200,Categories - SUN BUM 20-45030 Face Stick SPF3,SUN BUM 20-45030 Face Stick SPF3,text/html; charset=iso-8859-1,
https://www.twstackle.com/products/sun-bum-20-45080-aloe-gel%7C871760002005.html,200,Categories - SUN BUM 20-45080 Aloe Gel,SUN BUM 20-45080 Aloe Gel,text/html; charset=iso-8859-1,
https://www.twstackle.com/products/sun-bum-20-45085-aloe-lotion%7C871760002012.html,200,Categories - SUN BUM 20-45085 Aloe Lotion,SUN BUM 20-45085 Aloe Lotion,text/html; charset=iso-8859-1,
https://www.twstackle.com/products/sun-bum-20-45088-aloe-spray%7C871760003187.html,200,Categories - SUN BUM 20-45088 Aloe Spray,SUN BUM 20-45088 Aloe Spray,text/html; charset=iso-8859-1,
https://www.twstackle.com/products/sun-bum-20-45090-clear-zinc%7C871760003903.html,200,Categories - SUN BUM 20-45090 Clear Zinc,SUN BUM 20-45090 Clear Zinc,text/html; charset=iso-8859-1,
https://www.twstackle.com/products/sun-bum-20-45092-face-lotion-50%7C871760002975.html,200,Categories - SUN BUM 20-45092 Face Lotion 50,SUN BUM 20-45092 Face Lotion 50,text/html; charset=iso-8859-1,
https://www.twstackle.com/products/sun-bum-20-45094-face-lotion-3oz%7C840155600621.html,200,Categories - SUN BUM 20-45094 Face Lotion 3oz,SUN BUM 20-45094 Face Lotion 3oz,text/html; charset=iso-8859-1,
https://www.twstackle.com/products/sun-bum-20-45095-lip-balm-banana%7C871760001985.html,200,Categories - SUN BUM 20-45095 Lip Balm-Banana,SUN BUM 20-45095 Lip Balm-Banana,text/html; charset=iso-8859-1,
https://www.twstackle.com/products/sun-bum-20-45350-face-mist-3-4oz%7C840155600614.html,200,Categories - SUN BUM 20-45350 Face Mist 3.4oz,SUN BUM 20-45350 Face Mist 3.4oz,text/html; charset=iso-8859-1,
https://www.twstackle.com/products/sun-bum-20-46022-lip-balm-pineap%7C871760002326.html,200,Categories - SUN BUM 20-46022 Lip Balm-Pineap,SUN BUM 20-46022 Lip Balm-Pineap,text/html; charset=iso-8859-1,
https://www.twstackle.com/products/sun-bum-20-46023-lip-balm-waterm%7C871760002180.html,200,Categories - SUN BUM 20-46023 Lip Balm-Waterm,SUN BUM 20-46023 Lip Balm-Waterm,text/html; charset=iso-8859-1,
https://www.twstackle.com/products/sun-bum-20-46024-coconut-lipbalm%7C871760003583.html,200,Categories - SUN BUM 20-46024 COCONUT LIPBALM,SUN BUM 20-46024 COCONUT LIPBALM,text/html; charset=iso-8859-1,
https://www.twstackle.com/products/sun-bum-20-46025-keylime-lipbalm%7C871760003590.html,200,Categories - SUN BUM 20-46025 KeyLime LipBalm,SUN BUM 20-46025 KeyLime LipBalm,text/html; charset=iso-8859-1,
https://www.twstackle.com/products/sun-bum-20-46026-lip-balm-mango%7C871760003606.html,200,Categories - SUN BUM 20-46026 Lip Balm-Mango,SUN BUM 20-46026 Lip Balm-Mango,text/html; charset=iso-8859-1,
https://www.twstackle.com/products/sun-bum-20-46028-lip-balm-pomgrn%7C871760003620.html,200,Categories - SUN BUM 20-46028 Lip Balm-Pomgrn,SUN BUM 20-46028 Lip Balm-Pomgrn,text/html; charset=iso-8859-1,
https://www.twstackle.com/products/sun-bum-20-48056-cocobalm-ocnmnt%7C871760004702.html,200,Categories - SUN BUM 20-48056 CocoBalm-OcnMnt,SUN BUM 20-48056 CocoBalm-OcnMnt,text/html; charset=iso-8859-1,
https://www.twstackle.com/products/sun-bum-20-48057-cocobalm-cherry%7C871760004375.html,200,Categories - SUN BUM 20-48057 CocoBalm-Cherry,SUN BUM 20-48057 CocoBalm-Cherry,text/html; charset=iso-8859-1,
https://www.twstackle.com/products/sun-bum-20-48058-cocobalm-pinacl%7C871760004801.html,200,Categories - SUN BUM 20-48058 CocoBalm-PInaCl,SUN BUM 20-48058 CocoBalm-PInaCl,text/html; charset=iso-8859-1,
https://www.twstackle.com/products/sun-bum-20-48059-cocobalm-ban-cr%7C871760005983.html,200,Categories - SUN BUM 20-48059 CocoBalm-Ban.Cr,SUN BUM 20-48059 CocoBalm-Ban.Cr,text/html; charset=iso-8859-1,
https://www.twstackle.com/products/sun-bum-80-41052-condition-mask%7C871760005815.html,200,Categories - SUN BUM 80-41052 Condition Mask,SUN BUM 80-41052 Condition Mask,text/html; charset=iso-8859-1,
https://www.twstackle.com/products/suzanne-tate-charlie-clownfish---annie-a-book-1026.html,200,Categories - Suzanne Tate-Charlie Clownfish &amp; Annie A Book,Suzanne Tate-Charlie Clownfish,text/html; charset=iso-8859-1,
https://www.twstackle.com/products/suzanne-tate-color-with-the-crabby-lady-coloring-book-1007.html,200,Categories - Suzanne Tate-Color with the Crabby Lady Coloring Book,Suzanne Tate-Color w/Crabby,text/html; charset=iso-8859-1,
https://www.twstackle.com/products/suzanne-tate-crabby---nabby-book-1025.html,200,Categories - Suzanne Tate-Crabby &amp; Nabby Book,Suzanne Tate-Crabby &amp; Nabby Bk,text/html; charset=iso-8859-1,
https://www.twstackle.com/products/suzanne-tate-crabby-swims-free-book-1017.html,200,Categories - Suzanne Tate-Crabby Swims Free Book,Suzanne Tate-Crabby Swims Bk,text/html; charset=iso-8859-1,
https://www.twstackle.com/products/suzanne-tate-danny---daisy-book-1010.html,200,Categories - Suzanne Tate-Danny &amp; Daisy Book,Suzanne Tate-Danny &amp; Daisy Bk,text/html; charset=iso-8859-1,
https://www.twstackle.com/products/suzanne-tate-davy-sand-dollar-book-992.html,200,Categories - Suzanne Tate-Davy Sand Dollar Book,Suzanne Tate-Davy Sand Dollar,text/html; charset=iso-8859-1,
https://www.twstackle.com/products/suzanne-tate-flossie-flounder-book-1028.html,200,Categories - Suzanne Tate-Flossie Flounder Book,Suzanne Tate-Flossie Flounder,text/html; charset=iso-8859-1,
https://www.twstackle.com/products/suzanne-tate-flyer-book-1001.html,200,Categories - Suzanne Tate-Flyer Book,Suzanne Tate-Flyer Book,text/html; charset=iso-8859-1,
https://www.twstackle.com/products/suzanne-tate-great-sharky-shark-book-1022.html,200,Categories - Suzanne Tate-Great Sharky Shark Book,Suzanne Tate-Great Sharky Shark,text/html; charset=iso-8859-1,
https://www.twstackle.com/products/suzanne-tate-happy-hermit-crab-book-997.html,200,Categories - Suzanne Tate-Happy Hermit Crab Book,Suzanne Tate-Happy Hermit,text/html; charset=iso-8859-1,
https://www.twstackle.com/products/suzanne-tate-harry-horseshoe-book-1013.html,200,Categories - Suzanne Tate-Harry Horseshoe Book,Suzanne Tate-Harry Horseshoe,text/html; charset=iso-8859-1,
https://www.twstackle.com/products/suzanne-tate-izzie-lizzie-book-1006.html,200,Categories - Suzanne Tate-Izzie Lizzie Book,Suzanne Tate-Izzie Lizzie,text/html; charset=iso-8859-1,
https://www.twstackle.com/products/suzanne-tate-jenny-jellyfish-book-1004.html,200,Categories - Suzanne Tate-Jenny Jellyfish Book,Suzanne Tate-Jenny Jellyfish,text/html; charset=iso-8859-1,
https://www.twstackle.com/products/suzanne-tate-johnny-longlegs-book-1019.html,200,Categories - Suzanne Tate-Johnny Longlegs Book,Suzanne Tate-Johnny Longlegs,text/html; charset=iso-8859-1,
https://www.twstackle.com/products/suzanne-tate-katie-k--whale-book-1009.html,200,Categories - Suzanne Tate-Katie K. Whale Book,Suzanne Tate-Katie Whale Book,text/html; charset=iso-8859-1,
https://www.twstackle.com/products/suzanne-tate-lindie-lobster-book-1018.html,200,Categories - Suzanne Tate-Lindie Lobster Book,Suzanne Tate-Lindie Lobster,text/html; charset=iso-8859-1,
https://www.twstackle.com/products/suzanne-tate-mary-manatee-book-993.html,200,Categories - Suzanne Tate-Mary Manatee Book,Suzanne Tate-Mary Manatee,text/html; charset=iso-8859-1,
https://www.twstackle.com/products/suzanne-tate-merri-lee-monarch-book-1030.html,200,Categories - Suzanne Tate-Merri-Lee Monarch Book,Suzanne Tate-Merri-Lee Monarch,text/html; charset=iso-8859-1,
https://www.twstackle.com/products/suzanne-tate-nature-series-activity-book-1029.html,200,Categories - Suzanne Tate-Nature Series Activity Book,Suzanne Tate-Activity Book,text/html; charset=iso-8859-1,
https://www.twstackle.com/products/suzanne-tate-oopsie-otter-book-1032.html,200,Categories - Suzanne Tate-Oopsie Otter Book,Suzanne Tate-Oopsie(River)Ottr,text/html; charset=iso-8859-1,
https://www.twstackle.com/products/suzanne-tate-oozey-octopus-book-1005.html,200,Categories - Suzanne Tate-Oozey Octopus Book,Suzanne Tate-Oozey Octopus BK,text/html; charset=iso-8859-1,
https://www.twstackle.com/products/suzanne-tate-pearlie-oyster-book-1027.html,200,Categories - Suzanne Tate-Pearlie Oyster Book,Suzanne Tate-Pearlie Oyster Bk,text/html; charset=iso-8859-1,
https://www.twstackle.com/products/suzanne-tate-perky-pelican-book-1008.html,200,Categories - Suzanne Tate-Perky Pelican Book,Suzanne Tate-Perky Pelican BK,text/html; charset=iso-8859-1,
https://www.twstackle.com/products/suzanne-tate-perry-penguin-book-999.html,200,Categories - Suzanne Tate-Perry Penguin Book,Suzanne Tate-Perry Penguin Bk,text/html; charset=iso-8859-1,
https://www.twstackle.com/products/suzanne-tate-rosie-ray-book-1002.html,200,Categories - Suzanne Tate-Rosie Ray Book,Suzanne Tate-Rosie Ray Book,text/html; charset=iso-8859-1,
https://www.twstackle.com/products/suzanne-tate-salty-seagull-book-1011.html,200,Categories - Suzanne Tate-Salty Seagull Book,Suzanne Tate-Salty Seagull Bk,text/html; charset=iso-8859-1,
https://www.twstackle.com/products/suzanne-tate-sandy-seal-book-1000.html,200,Categories - Suzanne Tate-Sandy Seal Book,Suzanne Tate-Sandy Seal,text/html; charset=iso-8859-1,
https://www.twstackle.com/products/suzanne-tate-speedy-ghost-crab-book-1016.html,200,Categories - Suzanne Tate-Speedy Ghost Crab Book,Suzanne Tate-Speedy Ghost Crab,text/html; charset=iso-8859-1,
https://www.twstackle.com/products/taco-eth-24w-p04-91w-econo-sup%7C045038520458.html,200,Categories - TACO ETH-24W/P04-91W Econo Sup,TACO ETH-24W/P04-91W Econo Sup,text/html; charset=iso-8859-1,
https://www.twstackle.com/products/taylor-1818-flag-jolly-roger%7C040011931887.html,200,Categories - TAYLOR 1818 Flag Jolly Roger,TAYLOR 1818 Flag Jolly Roger,text/html; charset=iso-8859-1,
https://www.twstackle.com/products/taylor-2418-50-star-us-flag%7C040011932488.html,200,Categories - TAYLOR 2418 50 Star US Flag,TAYLOR 2418 50 Star US Flag,text/html; charset=iso-8859-1,
https://www.twstackle.com/products/taylor-2818-flag-sailfish%7C040011932884.html,200,Categories - TAYLOR 2818 FLAG SAILFISH,TAYLOR 2818 FLAG SAILFISH,text/html; charset=iso-8859-1,
https://www.twstackle.com/products/taylor-2918-flag-blue-marlin%7C040011932983.html,200,Categories - TAYLOR 2918 Flag Blue Marlin,TAYLOR 2918 Flag Blue Marlin,text/html; charset=iso-8859-1,
https://www.twstackle.com/products/taylor-3018-flag-white-marlin%7C040011933089.html,200,Categories - TAYLOR 3018 FLAG WHITE MARLIN,TAYLOR 3018 FLAG WHITE MARLIN,text/html; charset=iso-8859-1,
https://www.twstackle.com/products/taylor-3218-flag-shark%7C040011933287.html,200,Categories - TAYLOR 3218 Flag Shark,TAYLOR 3218 Flag Shark,text/html; charset=iso-8859-1,
https://www.twstackle.com/products/taylor-4218-flag-dolphin%7C040011934284.html,200,Categories - TAYLOR 4218 Flag Dolphin,TAYLOR 4218 Flag Dolphin,text/html; charset=iso-8859-1,
https://www.twstackle.com/products/thermacell-apcl-case-holster-blk%7C843654002620.html,200,Categories - THERMACELL APCL Case/Holster-Blk,THERMACELL APCL Case/Holster-Blk,text/html; charset=iso-8859-1,
https://www.twstackle.com/products/thermacell-mr300g-portable-repel%7C843654001340.html,200,Categories - THERMACELL MR300G PORTABLE REPEL,THERMACELL MR300G PORTABLE REPEL,text/html; charset=iso-8859-1,
https://www.twstackle.com/products/thermacell-r4-repel-refill%7C181752000224.html,200,Categories - THERMACELL R4 REPEL REFILL,THERMACELL R4 REPEL REFILL,text/html; charset=iso-8859-1,
https://www.twstackle.com/products/toadfish-1001-tfoystkn-teal-3414.html,200,Categories - TOADFISH 1001 TFOYSTKN-TEAL,TOADFISH OYSTKN-TEAL TF1001,text/html; charset=iso-8859-1,
https://www.twstackle.com/products/toadfish-1005-tfprofknife-white-3415.html,200,Categories - TOADFISH 1005 TFPROFKNIFE-WHITE,TOADFISH PROFKNIFE-GR TF1005,text/html; charset=iso-8859-1,
https://www.twstackle.com/products/toadfish-1006-tfcrabtool-3413.html,200,Categories - TOADFISH 1006 TFCRABTOOL,TOADFISH CRABTOOL TF1006,text/html; charset=iso-8859-1,
https://www.twstackle.com/products/toadfish-1009-tffshrimptool-1489.html,200,Categories - TOADFISH 1009 TFFSHRIMPTOOL,TOADFISH FSHRIMPTOOL TF1009,text/html; charset=iso-8859-1,
https://www.twstackle.com/products/toadfish-1011-tfckcset-teal-set-3412.html,200,Categories - TOADFISH 1011 TFCKCSET-TEAL Set,# TOADFISH CKCSET-TEAL TF1011,text/html; charset=iso-8859-1,
https://www.twstackle.com/products/toadfish-1013-tfccooler-teal-3411.html,200,Categories - TOADFISH 1013 TFCCOOLER-TEAL,TOADFISH CCOOLER-TE TF1013,text/html; charset=iso-8859-1,
https://www.twstackle.com/products/toadfish-1014-tfshukersbdle-3410.html,200,Categories - TOADFISH 1014 TFSHUKERSBDLE,# TOADFISH ANCHOR-TEAL TF1014,text/html; charset=iso-8859-1,
https://www.twstackle.com/products/toadfish-1022-tfcrablobset-set-3409.html,200,Categories - TOADFISH 1022 TFCRABLOBSET Set,# TOADFISH CRABLOBSET TF1022,text/html; charset=iso-8859-1,
https://www.twstackle.com/products/toadfish-1023-tfcrablobforks-3408.html,200,Categories - TOADFISH 1023 TFCRABLOBFORKS,TOADFISH CRABLOBFORKS TF1023,text/html; charset=iso-8859-1,
https://www.twstackle.com/products/toadfish-1027-tfspatula-3407.html,200,Categories - TOADFISH 1027 TFSPATULA,TOADFISH SPATULA TF1027,text/html; charset=iso-8859-1,
https://www.twstackle.com/products/toadfish-1028-tffishprinttowel-3405.html,200,Categories - TOADFISH 1028 TFFISHPRINTTOWEL,TOADFISH FISHPRINTTOWEL TF1028,text/html; charset=iso-8859-1,
https://www.twstackle.com/products/toadfish-1029-tffoldfiletkn-7in-3403.html,200,Categories - TOADFISH 1029 TFFOLDFILETKN-7IN,TOADFISH FOLDFILETKN-7 TF1029,text/html; charset=iso-8859-1,
https://www.twstackle.com/products/toadfish-1043-tfslimcooler-white-3278.html,200,Categories - TOADFISH 1043 TFSLIMCOOLER-WHITE,TOADFISH SLIMCOOLER WH TF1043,text/html; charset=iso-8859-1,
https://www.twstackle.com/products/toadfish-1046-tfanchor-teal-3433.html,200,Categories - TOADFISH 1046 TFANCHOR-TEAL,TOADFISH ANCHOR-TEAL TF1046,text/html; charset=iso-8859-1,
https://www.twstackle.com/products/toadfish-1054-tfstowcutboard-tea-3401.html,200,Categories - TOADFISH 1054 TFSTOWCUTBOARD-TEA,TOADFISH STOWCUTBOARD-T TF1054,text/html; charset=iso-8859-1,
https://www.twstackle.com/products/toadfish-1066-tfccooler-pink-3428.html,200,Categories - TOADFISH 1066 TFCCOOLER-PINK,TOADFISH CCOOLER-PINK TF1066,text/html; charset=iso-8859-1,
https://www.twstackle.com/products/toadfish-1070-tfanchor-graphite-3425.html,200,Categories - TOADFISH 1070 TFANCHOR-GRAPHITE,TOADFISH ANCHOR-GRP TF1070,text/html; charset=iso-8859-1,
https://www.twstackle.com/products/toadfish-1071-tfslimcooler-grpht-3426.html,200,Categories - TOADFISH 1071 TFSLIMCOOLER-GRPHT,TOADFISH SLIMCOOLER GRP TF1071,text/html; charset=iso-8859-1,
https://www.twstackle.com/products/toadfish-1075-tf10ozccooler-teal-3422.html,200,Categories - TOADFISH 1075 TF10OZCCOOLER-TEAL,TOADFISH 10OZROCKS-TEAL TF1075,text/html; charset=iso-8859-1,
https://www.twstackle.com/products/toadfish-1082-tffoldfiletkn-8-5--3424.html,200,Categories - TOADFISH 1082 TFFOLDFILETKN-8.5&quot;,TOADFISH FOLDFILETKN85 1082,text/html; charset=iso-8859-1,
https://www.twstackle.com/products/toadfish-1086-tfstowcutboard-3420.html,200,Categories - TOADFISH 1086 TFSTOWCUTBOARD,TOADFISH STOWCUTBOARDXL TF1086,text/html; charset=iso-8859-1,
https://www.twstackle.com/products/toadfish-1143-tficeballtray6-3419.html,200,Categories - TOADFISH 1143 TFICEBALLTRAY6,TOADFISH ICEBALLTRAY6 TF1143,text/html; charset=iso-8859-1,
https://www.twstackle.com/products/top-spot-map-n239-pamlico-soun%7C737703002399.html,200,Categories - TOP SPOT MAP N239 Pamlico Soun,TOP SPOT MAP N239 Pamlico Soun,text/html; charset=iso-8859-1,
https://www.twstackle.com/products/top-spot-map-n242-offshore-n-c%7C737703002429.html,200,Categories - TOP SPOT MAP N242 Offshore N.C,TOP SPOT MAP N242 Offshore N.C,text/html; charset=iso-8859-1,
https://www.twstackle.com/products/top-spot-map-n243-offshore-n-c%7C737703002436.html,200,Categories - TOP SPOT MAP N243 Offshore N.C,TOP SPOT MAP N243 Offshore N.C,text/html; charset=iso-8859-1,
https://www.twstackle.com/products/top-spot-map-n244-offshore-va%7C737703002443.html,200,Categories - TOP SPOT MAP N244 Offshore VA,TOP SPOT MAP N244 Offshore VA,text/html; charset=iso-8859-1,
https://www.twstackle.com/products/tormenter-md-b-s-mini-dredge-b-s%7C400002106876.html,200,Categories - TORMENTER MD-B/S Mini Dredge B/S,TORMENTER MD-B/S Mini Dredge B/S,text/html; charset=iso-8859-1,
https://www.twstackle.com/products/trailhead-khade-sdhb-deflator%7C400000934310.html,200,Categories - TRAILHEAD/KHADE SDHB Deflator,TRAILHEAD/KHADE SDHB Deflator,text/html; charset=iso-8859-1,
https://www.twstackle.com/products/trailhead-khade-sdhr-deflator%7C400000934327.html,200,Categories - TRAILHEAD/KHADE SDHR Deflator,TRAILHEAD/KHADE SDHR Deflator,text/html; charset=iso-8859-1,
https://www.twstackle.com/products/trailhead-khade-tpgi--gauge%7C400000934341.html,200,Categories - TRAILHEAD/KHADE TPGI&nbsp;&nbsp;Gauge,TRAILHEAD/KHADE TPGI Gauge,text/html; charset=iso-8859-1,
https://www.twstackle.com/products/trik-fish-25fls01501-fluor%7C821901830158.html,200,Categories - TRIK FISH 25FLS01501 Fluor,TRIK FISH 25FLS01501 Fluor,text/html; charset=iso-8859-1,
https://www.twstackle.com/products/trik-fish-25fls02001-fluoroc%7C821901830202.html,200,Categories - TRIK FISH 25FLS02001 Fluoroc,TRIK FISH 25FLS02001 Fluoroc,text/html; charset=iso-8859-1,
https://www.twstackle.com/products/trik-fish-25fls02501-fluoroc%7C821901830257.html,200,Categories - TRIK FISH 25FLS02501 Fluoroc,TRIK FISH 25FLS02501 Fluoroc,text/html; charset=iso-8859-1,
https://www.twstackle.com/products/trik-fish-25fls03001-fluoroc%7C821901830301.html,200,Categories - TRIK FISH 25FLS03001 Fluoroc,TRIK FISH 25FLS03001 Fluoroc,text/html; charset=iso-8859-1,
https://www.twstackle.com/products/trik-fish-25fls04001-fluoroc%7C821901830400.html,200,Categories - TRIK FISH 25FLS04001 Fluoroc,TRIK FISH 25FLS04001 Fluoroc,text/html; charset=iso-8859-1,
https://www.twstackle.com/products/trik-fish-25fls05001-fluoroc%7C821901830509.html,200,Categories - TRIK FISH 25FLS05001 Fluoroc,TRIK FISH 25FLS05001 Fluoroc,text/html; charset=iso-8859-1,
https://www.twstackle.com/products/trik-fish-25fls06001-fluoroc%7C821901830608.html,200,Categories - TRIK FISH 25FLS06001 Fluoroc,TRIK FISH 25FLS06001 Fluoroc,text/html; charset=iso-8859-1,
https://www.twstackle.com/products/trik-fish-25fls08001-fluoroc%7C821901830806.html,200,Categories - TRIK FISH 25FLS08001 Fluoroc,TRIK FISH 25FLS08001 Fluoroc,text/html; charset=iso-8859-1,
https://www.twstackle.com/products/trik-fish-25fls10001-fluoroc%7C821901831001.html,200,Categories - TRIK FISH 25FLS10001 Fluoroc,TRIK FISH 25FLS10001 Fluoroc,text/html; charset=iso-8859-1,
https://www.twstackle.com/products/trik-fish-25fls12501-fluoroc%7C821901831254.html,200,Categories - TRIK FISH 25FLS12501 Fluoroc,TRIK FISH 25FLS12501 Fluoroc,text/html; charset=iso-8859-1,
https://www.twstackle.com/products/tsunami-ts-10rdtipb-tip-kit%7C799967470499.html,200,Categories - TSUNAMI TS-10RDTIPB TIP KIT,TSUNAMI TS-10RDTIPB TIP KIT,text/html; charset=iso-8859-1,
https://www.twstackle.com/products/tsunami-ts-6rdtipb-tip-replc-kit%7C799967470598.html,200,Categories - TSUNAMI TS-6RDTIPB Tip Replc Kit,TSUNAMI TS-6RDTIPB Tip Replc Kit,text/html; charset=iso-8859-1,
https://www.twstackle.com/products/tsunami-ts-6rdtips-tip-replc-kit%7C799967470604.html,200,Categories - TSUNAMI TS-6RDTIPS Tip Replc Kit,TSUNAMI TS-6RDTIPS Tip Replc Kit,text/html; charset=iso-8859-1,
https://www.twstackle.com/products/tsunami-ts-a-1-fighting-belt%7C799967089547.html,200,Categories - TSUNAMI TS-A-1 Fighting Belt,TSUNAMI TS-A-1 Fighting Belt,text/html; charset=iso-8859-1,
https://www.twstackle.com/products/tsunami-ts-a-2-fighting-belt%7C799967089554.html,200,Categories - TSUNAMI TS-A-2 Fighting Belt,TSUNAMI TS-A-2 Fighting Belt,text/html; charset=iso-8859-1,
https://www.twstackle.com/products/tw-s-3-fish-bait-ball-for-men---blend-pull-over-hooded-sweatshirt-3878.html,200,Categories - TW's 3 Fish Bait Ball for Men - Blend Pull-Over Hooded Sweatshirt,TW,text/html; charset=iso-8859-1,
https://www.twstackle.com/products/tw-s-3-fish-bait-ball-for-men---cotton-short-sleeve-t-shirt-3797.html,200,Categories - TW's 3 Fish Bait Ball for Men - Cotton Short Sleeve T-Shirt,TW,text/html; charset=iso-8859-1,
https://www.twstackle.com/products/tw-s-3-fish-bait-ball-for-men---long-sleeve-br-t-shirt-833.html,200,Categories - TW's 3 Fish Bait Ball for Men - Long SleeveT-Shirt,The TW,text/html; charset=iso-8859-1,
https://www.twstackle.com/products/tw-s-3-fish-bait-ball-for-men---long-sleeve-performance-shirt-844.html,200,Categories - TW's 3 Fish Bait Ball for Men - Long Sleeve Performance Shirt,The TW,text/html; charset=iso-8859-1,
https://www.twstackle.com/products/tw-s-3-fish-bait-ball-for-men---midweight-pull-over-hooded-sweatshirt-3879.html,200,Categories - TW's 3 Fish Bait Ball for Men - Midweight Pull-Over Hooded Sweatshirt,TW,text/html; charset=iso-8859-1,
https://www.twstackle.com/products/tw-s-3-fish-bait-ball-for-men---short-sleeve-performance-shirt-843.html,200,Categories - TW's 3 Fish Bait Ball for Men - Short Sleeve Performance Shirt,The TW,text/html; charset=iso-8859-1,
https://www.twstackle.com/products/tw-s-3-fish-bait-ball-for-men---tank-top-834.html,200,Categories - TW's 3 Fish Bait Ball for Men - Tank Top,The TW,text/html; charset=iso-8859-1,
https://www.twstackle.com/products/tw-s-3-fish-bait-ball-for-women---short-sleeve-t-shirt---vintage-burgundy%7C400002121428.html,200,Categories - TW's 3 Fish Bait Ball for Women - Short Sleeve T-Shirt - Vintage Burgundy,TW,text/html; charset=iso-8859-1,
https://www.twstackle.com/products/tw-s-3-fish-bait-ball-for-women---short-sleeve-t-shirt---vintage-burgundy%7C400002121435.html,200,Categories - TW's 3 Fish Bait Ball for Women - Short Sleeve T-Shirt - Vintage Burgundy,TW,text/html; charset=iso-8859-1,
https://www.twstackle.com/products/tw-s-3-fish-bait-ball-for-women---short-sleeve-t-shirt---vintage-burgundy%7C400002121459.html,200,Categories - TW's 3 Fish Bait Ball for Women - Short Sleeve T-Shirt - Vintage Burgundy,TW,text/html; charset=iso-8859-1,
https://www.twstackle.com/products/tw-s-3-fish-bait-ball-for-women---short-sleeve-t-shirt---vintage-burgundy-1485.html,200,Categories - TW's 3 Fish Bait Ball for Women - Short Sleeve T-Shirt - Vintage Burgundy,TW,text/html; charset=iso-8859-1,
https://www.twstackle.com/products/tw-s-3-fish-bait-ball-for-women---short-sleeve-t-shirt---vintage-royal-11.html,200,Categories - TW's 3 Fish Bait Ball for Women - Short Sleeve T-Shirt - Vintage Royal,"60% Combed Ringspun Cotton, 40% Polyester blend, Ladies",text/html; charset=iso-8859-1,
https://www.twstackle.com/products/tw-s-3-fish-bait-ball-for-women---short-sleeve-t-shirt---vintage-royal-31.html,200,Categories - TW's 3 Fish Bait Ball for Women - Short Sleeve T-Shirt - Vintage Royal,"60% Combed Ringspun Cotton, 40% Polyester blend, Ladies",text/html; charset=iso-8859-1,
https://www.twstackle.com/products/tw-s-3-fish-bait-ball-for-women---short-sleeve-t-shirt---vintage-royal-49.html,200,Categories - TW's 3 Fish Bait Ball for Women - Short Sleeve T-Shirt - Vintage Royal,"60% Combed Ringspun Cotton, 40% Polyester blend, Ladies",text/html; charset=iso-8859-1,
https://www.twstackle.com/products/tw-s-3-fish-bait-ball-for-women---short-sleeve-t-shirt---vintage-royal-50.html,200,Categories - TW's 3 Fish Bait Ball for Women - Short Sleeve T-Shirt - Vintage Royal,"60% Combed Ringspun Cotton, 40% Polyester blend, Ladies",text/html; charset=iso-8859-1,
https://www.twstackle.com/products/tw-s-3-fish-bait-ball-for-women---short-sleeve-t-shirt---vintage-royal-52.html,200,Categories - TW's 3 Fish Bait Ball for Women - Short Sleeve T-Shirt - Vintage Royal,"60% Combed Ringspun Cotton, 40% Polyester blend, Ladies",text/html; charset=iso-8859-1,
https://www.twstackle.com/products/tw-s-cobia-cap---heather-dark-green-light-grey%7C400002284024.html,200,Categories - TW's Cobia Cap - Heather Dark Green/Light Grey,TW,text/html; charset=iso-8859-1,
https://www.twstackle.com/products/tw-s-cobia-cap---heather-grey-light-grey--or-white--3773.html,200,Categories - TW's Cobia Cap - Heather Grey/Light Grey (or White),TW,text/html; charset=iso-8859-1,
https://www.twstackle.com/products/tw-s-cobia-cap---khaki-coffee-956.html,200,Categories - TW's Cobia Cap - Khaki/Coffee,"Mid Pro Shape, Cotton-Poly/Nylon Mesh Fabric, Precurved Visor, Cotton Sweatband, Adjustable Snapback, One Size Fits Most",text/html; charset=iso-8859-1,
https://www.twstackle.com/products/tw-s-cobia-cap---khaki-white-mesh-3774.html,200,Categories - TW's Cobia Cap - Khaki/White Mesh,TW,text/html; charset=iso-8859-1,
https://www.twstackle.com/products/tw-s-cobia-cap---loden-black-mesh%7C400002118480.html,200,Categories - TW's Cobia Cap - Loden/Black Mesh,TW,text/html; charset=iso-8859-1,
https://www.twstackle.com/products/tw-s-cobia-cap---loden-camo-mesh-1453.html,200,Categories - TW's Cobia Cap - Loden/Camo Mesh,TW,text/html; charset=iso-8859-1,
https://www.twstackle.com/products/tw-s-cobia-cap---navy-khaki-mesh%7C400002294566.html,200,Categories - TW's Cobia Cap - Navy/Khaki Mesh,TW,text/html; charset=iso-8859-1,
https://www.twstackle.com/products/tw-s-cobia-cap---pale-khaki-loden-mesh%7C400002282372.html,200,Categories - TW's Cobia Cap - Pale Khaki/Loden Mesh,TW,text/html; charset=iso-8859-1,
https://www.twstackle.com/products/tw-s-cobia-cuffed-beanie-camel%7C400002298052.html,200,Categories - TW's Cobia Cuffed Beanie-Camel,TW,text/html; charset=iso-8859-1,
https://www.twstackle.com/products/tw-s-deer-cap---blaze-orange-buck-blaze%7C400002112143.html,200,Categories - TW's Deer Cap - Blaze Orange/Buck Blaze,TW,text/html; charset=iso-8859-1,
https://www.twstackle.com/products/tw-s-deer-cap---khaki-coffee-1287.html,200,Categories - TW's Deer Cap - Khaki/Coffee,Deer Cap Khaki/Coffee Mesh OB EMB Deer Cap 112 Richardson Mesh,text/html; charset=iso-8859-1,
https://www.twstackle.com/products/tw-s-deer-cap---loden-black%7C400002117766.html,200,Categories - TW's Deer Cap - Loden/Black,TW,text/html; charset=iso-8859-1,
https://www.twstackle.com/products/tw-s-deer-cap---loden-camo%7C400002129844.html,200,Categories - TW's Deer Cap - Loden/Camo,TW,text/html; charset=iso-8859-1,
https://www.twstackle.com/products/tw-s-deer-cap---loden-loden-1288.html,200,Categories - TW's Deer Cap - Loden/Loden,Deer Loden Mesh OB EMB Deer Cap 115-Richards-Loden,text/html; charset=iso-8859-1,
https://www.twstackle.com/products/tw-s-deer-cap---realtree-timber-black-962.html,200,Categories - TW's Deer Cap - Realtree Timber/Black,Adjustable Snapback Closure,text/html; charset=iso-8859-1,
https://www.twstackle.com/products/tw-s-deer-youth-cap---blaze-orange%7C400002276906.html,200,Categories - TW's Deer Youth Cap - Blaze Orange,TW,text/html; charset=iso-8859-1,
https://www.twstackle.com/products/tw-s-deer-youth-cap---realtree-edge-camo%7C400002276913.html,200,Categories - TW's Deer Youth Cap - Realtree Edge Camo,TW,text/html; charset=iso-8859-1,
https://www.twstackle.com/products/tw-s-dolphin---charcoal-dark-grey--neon-blue-967.html,200,Categories - TW's Dolphin - Charcoal(Dark Grey)/Neon Blue,"Mid Pro -Cotton-Poly/Nylon Mesh Fabric, Precurved Visor, Cotton Sweatband, Adjustable Snapback, One Size Fits Most",text/html; charset=iso-8859-1,
https://www.twstackle.com/products/tw-s-dolphin-cap---army-olive-tan%7C400002294542.html,200,Categories - TW's Dolphin Cap - Army Olive/Tan,TW,text/html; charset=iso-8859-1,
https://www.twstackle.com/products/tw-s-dolphin-cap---columbia-blue-white%7C400002282402.html,200,Categories - TW's Dolphin Cap - Columbia Blue/White,TW,text/html; charset=iso-8859-1,
https://www.twstackle.com/products/tw-s-drum-youth-cap---charcoal-white-1286.html,200,Categories - TW's Drum Youth Cap - Charcoal/White,Youth Drum Mesh Charcoal/White OB EMB Drum Cap FWT130 Youth Cap,text/html; charset=iso-8859-1,
https://www.twstackle.com/products/tw-s-drum-youth-cap---navy-white%7C400002276890.html,200,Categories - TW's Drum Youth Cap - Navy/White,TW,text/html; charset=iso-8859-1,
https://www.twstackle.com/products/tw-s-drummy-sunset-for-men---basic-pull-over-hooded-sweatshirt-3800.html,200,Categories - TW's Drummy Sunset for Men - Basic Pull-Over Hooded Sweatshirt,TW,text/html; charset=iso-8859-1,
https://www.twstackle.com/products/tw-s-drummy-sunset-for-men---blend-pull-over-hooded-sweatshirt-3799.html,200,Categories - TW's Drummy Sunset for Men - Blend Pull-Over Hooded Sweatshirt,TW,text/html; charset=iso-8859-1,
https://www.twstackle.com/products/tw-s-drummy-sunset-for-men---cotton-short-sleeve-t-shirt-3798.html,200,Categories - TW's Drummy Sunset for Men - Cotton Short Sleeve T-Shirt,TW,text/html; charset=iso-8859-1,
https://www.twstackle.com/products/tw-s-drummy-sunset-for-men---hooded-long-sleeve-performance-shirt-3823.html,200,Categories - TW's Drummy Sunset for Men - Hooded Long Sleeve Performance Shirt,TW,text/html; charset=iso-8859-1,
https://www.twstackle.com/products/tw-s-drummy-sunset-for-men---long-sleeve-performance-shirt---3680.html,200,Categories - TW's Drummy Sunset for Men - Long Sleeve Performance Shirt&nbsp;&nbsp;,TW,text/html; charset=iso-8859-1,
https://www.twstackle.com/products/tw-s-drummy-sunset-for-men---long-sleeve-t-shirt--3366.html,200,Categories - TW's Drummy Sunset for Men - Long Sleeve T-Shirt,TW,text/html; charset=iso-8859-1,
https://www.twstackle.com/products/tw-s-drummy-sunset-for-women---short-sleeve-v-neck-t-shirt-3822.html,200,Categories - TW's Drummy Sunset for Women - Short Sleeve V-Neck T-Shirt,TW,text/html; charset=iso-8859-1,
https://www.twstackle.com/products/tw-s-dying-to-fish-for-men---basic-pull-over-hooded-sweatshirt-3803.html,200,Categories - TW's Dying to Fish for Men - Basic Pull-Over Hooded Sweatshirt,TW,text/html; charset=iso-8859-1,
https://www.twstackle.com/products/tw-s-dying-to-fish-for-men---cotton-short-sleeve-t-shirt-3802.html,200,Categories - TW's Dying to Fish for Men - Cotton Short Sleeve T-Shirt,TW,text/html; charset=iso-8859-1,
https://www.twstackle.com/products/tw-s-dying-to-fish-for-men---hooded-long-sleeve-performance-shirt-3378.html,200,Categories - TW's Dying to Fish for Men - Hooded Long Sleeve Performance Shirt,TW,text/html; charset=iso-8859-1,
https://www.twstackle.com/products/tw-s-dying-to-fish-for-men---long-sleeve-br-t-shirt-839.html,200,Categories - TW's Dying To Fish for Men - Long SleeveT-Shirt,The TW,text/html; charset=iso-8859-1,
https://www.twstackle.com/products/tw-s-dying-to-fish-for-men---long-sleeve-performance-shirt-1636.html,200,Categories - TW's Dying to Fish for Men - Long Sleeve Performance Shirt,The TW,text/html; charset=iso-8859-1,
https://www.twstackle.com/products/tw-s-dying-to-fish-for-men---short-sleeve-performance-shirt-3377.html,200,Categories - TW's Dying to Fish for Men - Short Sleeve Performance Shirt,TW,text/html; charset=iso-8859-1,
https://www.twstackle.com/products/tw-s-dying-to-fish-for-women---crew-neck-sweatshirt-3379.html,200,Categories - TW's Dying to Fish for Women - Crew Neck Sweatshirt,TW,text/html; charset=iso-8859-1,
https://www.twstackle.com/products/tw-s-great-marlin-pursuit-for-men---cotton-blend-short-sleeve-t-shirt-3808.html,200,Categories - TW's Great Marlin Pursuit for Men - Cotton Blend Short Sleeve T-Shirt,TW,text/html; charset=iso-8859-1,
https://www.twstackle.com/products/tw-s-great-marlin-pursuit-for-men---cotton-short-sleeve-t-shirt-3807.html,200,Categories - TW's Great Marlin Pursuit for Men - Cotton Short Sleeve T-Shirt,TW,text/html; charset=iso-8859-1,
https://www.twstackle.com/products/tw-s-great-marlin-pursuit-for-men---crew-neck-sweatshirt--3385.html,200,Categories - TW's Great Marlin Pursuit for Men - Crew Neck Sweatshirt,TW,text/html; charset=iso-8859-1,
https://www.twstackle.com/products/tw-s-great-marlin-pursuit-for-men---heavyweight-pull-over-hooded-sweatshirt-3805.html,200,Categories - TW's Great Marlin Pursuit for Men - Heavyweight Pull-Over Hooded Sweatshirt,TW,text/html; charset=iso-8859-1,
https://www.twstackle.com/products/tw-s-great-marlin-pursuit-for-men---hooded-long-sleeve-performance--3386.html,200,Categories - TW's Great Marlin Pursuit for Men - Hooded Long Sleeve Performance,TW,text/html; charset=iso-8859-1,
https://www.twstackle.com/products/tw-s-great-marlin-pursuit-for-men---long-sleeve-t-shirt-3387.html,200,Categories - TW's Great Marlin Pursuit for Men - Long Sleeve T-Shirt,TW,text/html; charset=iso-8859-1,
https://www.twstackle.com/products/tw-s-great-marlin-pursuit-for-women---short-sleeve-t-shirt-3824.html,200,Categories - TW's Great Marlin Pursuit for Women - Short Sleeve T-Shirt,TW,text/html; charset=iso-8859-1,
https://www.twstackle.com/products/tw-s-great-marlin-pursuit-for-women---tank-tee-3825.html,200,Categories - TW's Great Marlin Pursuit for Women - Tank Tee,TW,text/html; charset=iso-8859-1,
https://www.twstackle.com/products/tw-s-great-marlin-pursuit-rope-hat---one-size-fits-most%7CCPGMPR.html,200,Categories - TW's Great Marlin Pursuit Rope Hat - One Size Fits Most,TW,text/html; charset=iso-8859-1,
https://www.twstackle.com/products/tw-s-great-marlin-pursuit-trucker-hat---one-size-fits-most%7CCPGMP.html,200,Categories - TW's Great Marlin Pursuit Trucker Hat - One Size Fits Most,TW,text/html; charset=iso-8859-1,
https://www.twstackle.com/products/tw-s-mallard-youth-cap---dark-green-1243.html,200,Categories - TW's Mallard Youth Cap - Dark Green,"Unstructured Low-Profile, Hook and Loop Closure",text/html; charset=iso-8859-1,
https://www.twstackle.com/products/tw-s-mallard-youth-cap---max-5%7C400002102168.html,200,Categories - TW's Mallard Youth Cap - Max 5,TW,text/html; charset=iso-8859-1,
https://www.twstackle.com/products/tw-s-marlin-outline-for-infants---short-sleeve-onesie-1628.html,200,Categories - TW's Marlin Outline for Infants - Short Sleeve Onesie,The TW,text/html; charset=iso-8859-1,
https://www.twstackle.com/products/tw-s-marlin-outline-for-men---sweatpants-1501.html,200,Categories - TW's Marlin Outline for Men - Sweatpants,The TW,text/html; charset=iso-8859-1,
https://www.twstackle.com/products/tw-s-marlin-outline-for-toddlers---crew-neck-sweatshirt-1630.html,200,Categories - TW's Marlin Outline for Toddlers - Crew Neck Sweatshirt,The TW,text/html; charset=iso-8859-1,
https://www.twstackle.com/products/tw-s-marlin-outline-for-toddlers---long-sleeve-performance-shirt-3383.html,200,Categories - TW's Marlin Outline for Toddlers - Long Sleeve Performance Shirt,TW,text/html; charset=iso-8859-1,
https://www.twstackle.com/products/tw-s-marlin-outline-for-toddlers---long-sleeve-t-shirt-1629.html,200,Categories - TW's Marlin Outline for Toddlers - Long Sleeve T-Shirt,The TW,text/html; charset=iso-8859-1,
https://www.twstackle.com/products/tw-s-marlin-outline-for-toddlers---pull-over-hooded-sweatshirt-3382.html,200,Categories - TW's Marlin Outline for Toddlers - Pull-Over Hooded Sweatshirt,TW,text/html; charset=iso-8859-1,
https://www.twstackle.com/products/tw-s-marlin-outline-for-toddlers---short-sleeve-t-shirt-1632.html,200,Categories - TW's Marlin Outline for Toddlers - Short Sleeve T-Shirt,The TW,text/html; charset=iso-8859-1,
https://www.twstackle.com/products/tw-s-marlin-outline-for-women---long-sleeve-t-shirt-1621.html,200,Categories - TW's Marlin Outline for Women - Long Sleeve T-Shirt,The TW,text/html; charset=iso-8859-1,
https://www.twstackle.com/products/tw-s-marlin-outline-for-women---pull-over-hooded-sweatshirt-915.html,200,Categories - TW's Marlin Outline for Women - Pull-Over Hooded Sweatshirt,The TW,text/html; charset=iso-8859-1,
https://www.twstackle.com/products/tw-s-marlin-outline-for-women---short-sleeve-t-shirt-1263.html,200,Categories - TW's Marlin Outline for Women - Short Sleeve T-Shirt,The TW,text/html; charset=iso-8859-1,
https://www.twstackle.com/products/tw-s-marlin-outline-for-women---shorts-1617.html,200,Categories - TW's Marlin Outline for Women - Shorts,The TW,text/html; charset=iso-8859-1,
https://www.twstackle.com/products/tw-s-marlin-outline-for-youth---long-sleeve-pf-shirt-1635.html,200,Categories - TW's Marlin Outline for Youth - Long Sleeve PF Shirt,The TW,text/html; charset=iso-8859-1,
https://www.twstackle.com/products/tw-s-marlin-outline-for-youth---pull-over-hooded-sweatshirt-1633.html,200,Categories - TW's Marlin Outline for Youth - Pull-Over Hooded Sweatshirt,The TW,text/html; charset=iso-8859-1,
https://www.twstackle.com/products/tw-s-marlin-outline-for-youth---short-sleeve-br-t-shirt-1634.html,200,Categories - TW's Marlin Outline for Youth - Short SleeveT-Shirt,The TW,text/html; charset=iso-8859-1,
https://www.twstackle.com/products/tw-s-marlin-square-for-women---hooded-zip-sweatshirt-1627.html,200,Categories - TW's Marlin Square for Women - Hooded Zip Sweatshirt,The TW,text/html; charset=iso-8859-1,
https://www.twstackle.com/products/tw-s-marlin-square-for-women---short-sleeve-t-shirt-1607.html,200,Categories - TW's Marlin Square for Women - Short Sleeve T-Shirt,The TW,text/html; charset=iso-8859-1,
https://www.twstackle.com/products/tw-s-marlin-square-towel-with-grommet%7C400002294597.html,200,Categories - TW's Marlin Square Towel with Grommet,TW,text/html; charset=iso-8859-1,
https://www.twstackle.com/products/tw-s-marlin-youth-cloth-cap---baby-blue-1418.html,200,Categories - TW's Marlin Youth Cloth Cap - Baby Blue,100% Cotton Small Fit,text/html; charset=iso-8859-1,
https://www.twstackle.com/products/tw-s-marsh-dog-for-infants---short-sleeve-onesie-3814.html,200,Categories - TW's Marsh Dog for Infants - Short Sleeve Onesie,TWs,text/html; charset=iso-8859-1,
https://www.twstackle.com/products/tw-s-marsh-dog-for-men---basic-pull-over-hooded-sweatshirt-3810.html,200,Categories - TW's Marsh Dog for Men - Basic Pull-Over Hooded Sweatshirt,TW,text/html; charset=iso-8859-1,
https://www.twstackle.com/products/tw-s-marsh-dog-for-men---long-sleeve-t-shirt-3758.html,200,Categories - TW's Marsh Dog for Men - Long Sleeve T-Shirt,TW,text/html; charset=iso-8859-1,
https://www.twstackle.com/products/tw-s-marsh-dog-for-toddlers---long-sleeve-t-shirt-3815.html,200,Categories - TW's Marsh Dog for Toddlers - Long Sleeve T-shirt,TW,text/html; charset=iso-8859-1,
https://www.twstackle.com/products/tw-s-marsh-dog-for-toddlers---pull-over-crewneck-sweatshirt-3817.html,200,Categories - TW's Marsh Dog for Toddlers - Pull-Over Crewneck Sweatshirt,TW,text/html; charset=iso-8859-1,
https://www.twstackle.com/products/tw-s-marsh-dog-for-toddlers---short-sleeve-t-shirt-3818.html,200,Categories - TW's Marsh Dog for Toddlers - Short Sleeve T-shirt,TW,text/html; charset=iso-8859-1,
https://www.twstackle.com/products/tw-s-marsh-dog-for-youth---long-sleeve-t-shirt-3819.html,200,Categories - TW's Marsh Dog for Youth - Long Sleeve T-Shirt,TW,text/html; charset=iso-8859-1,
https://www.twstackle.com/products/tw-s-marsh-dog-for-youth---pull-over-hooded-sweatshirt-3820.html,200,Categories - TW's Marsh Dog for Youth - Pull-Over Hooded Sweatshirt,TW,text/html; charset=iso-8859-1,
https://www.twstackle.com/products/tw-s-marsh-dog-for-youth---short-sleeve-t-shirt-3821.html,200,Categories - TW's Marsh Dog for Youth - Short Sleeve T-Shirt,TW,text/html; charset=iso-8859-1,
https://www.twstackle.com/products/tw-s-multifish-for-infants---short-sleeve-onesie-1624.html,200,Categories - TW's Multifish for Infants - Short Sleeve Onesie,The TW,text/html; charset=iso-8859-1,
https://www.twstackle.com/products/tw-s-multifish-for-toddlers---long-sleeve-performance-shirt-3830.html,200,Categories - TW's Multifish for Toddlers - Long Sleeve Performance Shirt,TW,text/html; charset=iso-8859-1,
https://www.twstackle.com/products/tw-s-multifish-for-toddlers---long-sleeve-t-shirt-1623.html,200,Categories - TW's Multifish for Toddlers - Long Sleeve T-Shirt,The TW,text/html; charset=iso-8859-1,
https://www.twstackle.com/products/tw-s-multifish-for-toddlers---pull-over-hooded-sweatshirt-1625.html,200,Categories - TW's Multifish for Toddlers - Pull-Over Hooded Sweatshirt,The TW,text/html; charset=iso-8859-1,
https://www.twstackle.com/products/tw-s-multifish-for-toddlers---short-sleeve-t-shirt-1626.html,200,Categories - TW's Multifish for Toddlers - Short Sleeve T-Shirt,The TW,text/html; charset=iso-8859-1,
https://www.twstackle.com/products/tw-s-multifish-for-women---hooded-zip-sweatshirt-1613.html,200,Categories - TW's Multifish for Women - Hooded Zip Sweatshirt,The TW,text/html; charset=iso-8859-1,
https://www.twstackle.com/products/tw-s-multifish-for-women---short-sleeve-t-shirt-3829.html,200,Categories - TW's Multifish for Women - Short Sleeve T-Shirt,"LAT 3516, 60% Combed Ringspun Cotton, 40% Polyester blend, Ladies",text/html; charset=iso-8859-1,
https://www.twstackle.com/products/tw-s-multifish-for-women---tank-top%7CMFWTK.html,200,Categories - TW's Multifish for Women - Tank Top,TW,text/html; charset=iso-8859-1,
https://www.twstackle.com/products/tw-s-multifish-for-youth---hooded-long-sleeve-performance-shirt-3831.html,200,Categories - TW's Multifish for Youth - Hooded Long Sleeve Performance Shirt,TW,text/html; charset=iso-8859-1,
https://www.twstackle.com/products/tw-s-multifish-for-youth---long-sleeve-performance-shirt-952.html,200,Categories - TW's Multifish for Youth - Long Sleeve Performance Shirt,The TW,text/html; charset=iso-8859-1,
https://www.twstackle.com/products/tw-s-multifish-for-youth---pull-over-hooded-sweatshirt-953.html,200,Categories - TW's Multifish for Youth - Pull-Over Hooded Sweatshirt,The TW,text/html; charset=iso-8859-1,
https://www.twstackle.com/products/tw-s-multifish-for-youth---short-sleeve-t-shirt-951.html,200,Categories - TW's Multifish for Youth - Short Sleeve T-Shirt,The TW,text/html; charset=iso-8859-1,
https://www.twstackle.com/products/tw-s-multifish-towel-with-grommet%7C400002275824.html,200,Categories - TW's Multifish Towel with Grommet,TW,text/html; charset=iso-8859-1,
https://www.twstackle.com/products/tw-s-nc-flag-marlin-for-women---short-sleeve-t-shirt%7CNCMWSS.html,200,Categories - TW's NC Flag Marlin for Women - Short Sleeve T-Shirt,The TW,text/html; charset=iso-8859-1,
https://www.twstackle.com/products/tw-s-nc-flag-marlin-youth-cap---heather-grey-white%7C400002121848.html,200,Categories - TW's NC Flag Marlin Youth Cap - Heather Grey/White,TW,text/html; charset=iso-8859-1,
https://www.twstackle.com/products/tw-s-old-school-camo-marlin-for-youth---long-sleeve-performance-shirt-3686.html,200,Categories - TW's Old School Camo Marlin for Youth - Long Sleeve Performance Shirt,TW,text/html; charset=iso-8859-1,
https://www.twstackle.com/products/tw-s-old-school-camo-marlin-for-youth---long-sleeve-t-shirt-3684.html,200,Categories - TW's Old School Camo Marlin for Youth - Long Sleeve T-Shirt,TW,text/html; charset=iso-8859-1,
https://www.twstackle.com/products/tw-s-old-school-camo-marlin-for-youth---pull-over-hooded-sweatshirt-3687.html,200,Categories - TW's Old School Camo Marlin for Youth - Pull-Over Hooded Sweatshirt,TW,text/html; charset=iso-8859-1,
https://www.twstackle.com/products/tw-s-old-school-camo-marlin-for-youth---short-sleeve-performance-shirt-3685.html,200,Categories - TW's Old School Camo Marlin for Youth - Short Sleeve Performance Shirt,TW,text/html; charset=iso-8859-1,
https://www.twstackle.com/products/tw-s-old-school-camo-marlin-for-youth---short-sleeve-t-shirt-3683.html,200,Categories - TW's Old School Camo Marlin for Youth - Short Sleeve T-Shirt,TW,text/html; charset=iso-8859-1,
https://www.twstackle.com/products/tw-s-paw-fect-for-infants---short-sleeve-onesie-3679.html,200,Categories - TW's Paw-fect for Infants - Short Sleeve Onesie,TW,text/html; charset=iso-8859-1,
https://www.twstackle.com/products/tw-s-reel---retrieve-for-infants---short-sleeve-onesie-3675.html,200,Categories - TW's Reel &amp; Retrieve for Infants - Short Sleeve Onesie,TW,text/html; charset=iso-8859-1,
https://www.twstackle.com/products/tw-s-reel---retrieve-women-s-short-sleeve-t-shirt-3677.html,200,Categories - TW'S Reel &amp; Retrieve Women's Short Sleeve T-Shirt,TW,text/html; charset=iso-8859-1,
https://www.twstackle.com/products/tw-s-slay---fillet-for-women---tank-top-3391.html,200,Categories - TW's Slay &amp; Fillet for Women - Tank Top,TW,text/html; charset=iso-8859-1,
https://www.twstackle.com/products/tw-s-slay---fillet-towel-with-grommet%7C400002294580.html,200,Categories - TW's Slay &amp; Fillet Towel with Grommet,TW,text/html; charset=iso-8859-1,
https://www.twstackle.com/products/tw-s-sunset-marlin-for-women---short-sleeve-t-shirt-836.html,200,Categories - TW's Sunset Marlin for Women - Short Sleeve T-Shirt,The TW,text/html; charset=iso-8859-1,
https://www.twstackle.com/products/tw-s-tuna-youth-cap---heather-black%7C400002273882.html,200,Categories - TW's Tuna Youth Cap - Heather/Black,TW,text/html; charset=iso-8859-1,
https://www.twstackle.com/products/united-plastic-01-3780o-fish-g%7C859370000017.html,200,Categories - UNITED PLASTIC 01-3780O Fish G,UNITED PLASTIC 01-3780O Fish G,text/html; charset=iso-8859-1,
https://www.twstackle.com/products/vortex-db-215-hd-binoculars%7C875874009943.html,200,Categories - VORTEX DB-215 HD BINOCULARS,VORTEX DB-215 HD BINOCULARS,text/html; charset=iso-8859-1,
https://www.twstackle.com/products/vortex-dbk-04-bdc-4-12x40-scope%7C875874001152.html,200,Categories - VORTEX DBK-04-BDC 4-12x40 Scope,VORTEX DBK-04-BDC 4-12x40 Scope,text/html; charset=iso-8859-1,
https://www.twstackle.com/products/vortex-son-412-sonora-riflescope%7C875874005969.html,200,Categories - VORTEX SON-412 Sonora Riflescope,VORTEX SON-412 Sonora Riflescope,text/html; charset=iso-8859-1,
https://www.twstackle.com/products/watkins-pigfish-or-pinfish-pots%7C400000045851.html,200,Categories - WATKINS PIGFISH OR PINFISH POTS,WATKINS PIGFISH OR PINFISH POTS,text/html; charset=iso-8859-1,
https://www.twstackle.com/products/xtratuf-22733-mens-6--ankle-deck-rubber-boot-navy-red-1534.html,200,Categories - XTRATUF 22733 Mens 6&quot; Ankle Deck Rubber Boot-Navy/Red,"The Ankle Deck Boot collection has been crafted specifically for off-shore anglers. Anglers are athletes, and like any athlete they demand the best footwear to help them perform at a high level. We",text/html; charset=iso-8859-1,
https://www.twstackle.com/products/xtratuf-22734-mens-6--ankle-deck-rubber-boot-chocolate-tan-1535.html,200,Categories - XTRATUF 22734 Mens 6&quot; Ankle Deck Rubber Boot-Chocolate/Tan,"The Ankle Deck Boot collection has been crafted specifically for off-shore anglers. Anglers are athletes, and like any athlete they demand the best footwear to help them perform at a high level. We",text/html; charset=iso-8859-1,
https://www.twstackle.com/products/xtratuf-22735-mens-6--ankle-deck-rubber-boot-gray-yellow-1536.html,200,Categories - XTRATUF 22735 Mens 6&quot; Ankle Deck Rubber Boot-Gray/Yellow,"The Ankle Deck Boot collection has been crafted specifically for off-shore anglers. Anglers are athletes, and like any athlete they demand the best footwear to help them perform at a high level. We",text/html; charset=iso-8859-1,
https://www.twstackle.com/products/xtratuf-22736-mens-6--ankle-deck-rubber-boot-black-1537.html,200,Categories - XTRATUF 22736 Mens 6&quot; Ankle Deck Rubber Boot-Black,"The Ankle Deck Boot collection has been crafted specifically for off-shore anglers. Anglers are athletes, and like any athlete they demand the best footwear to help them perform at a high level. We",text/html; charset=iso-8859-1,
https://www.twstackle.com/products/xtratuf-adsm-000-mens-6--ankle-deck-sport-boot-black-3775.html,200,Categories - XTRATUF ADSM-000 Mens 6&quot; Ankle Deck Sport Boot-Black,XTRATUF ADSM-000 Mens 6&quot; Ankle Deck Sport Boot-Black,text/html; charset=iso-8859-1,
https://www.twstackle.com/products/xtratuf-adsm-100-mens-6--ankle-deck-sport-boot-grey-2473.html,200,Categories - XTRATUF ADSM-100 Mens 6&quot; Ankle Deck Sport Boot-Grey,XTRATUF ADSM-100 Mens 6&quot; Ankle Deck Sport Boot-Grey,text/html; charset=iso-8859-1,
https://www.twstackle.com/products/xtratuf-adsm-101-mens-6--ankle-deck-sport-boot-white-2474.html,200,Categories - XTRATUF ADSM-101 Mens 6&quot; Ankle Deck Sport Boot-White,XTRATUF ADSM-101 Mens 6&quot; Ankle Deck Sport Boot-White,text/html; charset=iso-8859-1,
https://www.twstackle.com/products/xtratuf-adsm-200-mens-6--ankle-deck-sport-boot-blue-2475.html,200,Categories - XTRATUF ADSM-200 Mens 6&quot; Ankle Deck Sport Boot-Blue,XTRATUF ADSM-200 Mens 6&quot; Ankle Deck Sport Boot-Blue,text/html; charset=iso-8859-1,
https://www.twstackle.com/products/xtratuf-adsm-300-mens-6--ankle-deck-sport-boot-olive-3776.html,200,Categories - XTRATUF ADSM-300 Mens 6&quot; Ankle Deck Sport Boot-Olive,XTRATUF ADSM-300 Mens 6&quot; Ankle Deck Sport Boot-Olive,text/html; charset=iso-8859-1,
https://www.twstackle.com/products/xtratuf-adsw-000-6--ankle-deck-sport-boot-for-women-black-3777.html,200,Categories - XTRATUF ADSW-000 6&quot; Ankle Deck Sport Boot for Women-Black,XTRATUF ADSW-000 6&quot; Ankle Deck Sport Boot for Women-Black,text/html; charset=iso-8859-1,
https://www.twstackle.com/products/xtratuf-adsw-108-6--ankle-deck-sport-boot-for-women-gray-yellow-2476.html,200,Categories - XTRATUF ADSW-108 6&quot; Ankle Deck Sport Boot for Women-Gray/Yellow,XTRATUF ADSW-108 6&quot; Ankle Deck Sport Boot for Women-Gray/Yellow,text/html; charset=iso-8859-1,
https://www.twstackle.com/products/xtratuf-adsw-300-6--ankle-deck-sport-boot-for-women-teal-2477.html,200,Categories - XTRATUF ADSW-300 6&quot; Ankle Deck Sport Boot for Women-Teal,XTRATUF ADSW-300 6&quot; Ankle Deck Sport Boot for Women-Teal,text/html; charset=iso-8859-1,
https://www.twstackle.com/products/xtratuf-adsw-302-6--ankle-deck-sport-boot-for-women-olive-3778.html,200,Categories - XTRATUF ADSW-302 6&quot; Ankle Deck Sport Boot for Women-Olive,XTRATUF ADSW-302 6&quot; Ankle Deck Sport Boot for Women-Olive,text/html; charset=iso-8859-1,
https://www.twstackle.com/products/xtratuf-adsw-400-6--ankle-deck-sport-boot-for-women-pink-2478.html,200,Categories - XTRATUF ADSW-400 6&quot; Ankle Deck Sport Boot for Women-Pink,XTRATUF ADSW-400 6&quot; Ankle Deck Sport Boot for Women-Pink,text/html; charset=iso-8859-1,
https://www.twstackle.com/products/xtratuf-aunm-000-auna-sandals-men-black-camo-3779.html,200,Categories - XTRATUF AUNM-000 Auna Sandals-Men-Black Camo,XTRATUF AUNM-000 Auna Sandals-Men-Black Camo,text/html; charset=iso-8859-1,
https://www.twstackle.com/products/xtratuf-can-coozie-brown-897.html,200,Categories - Xtratuf Can Coozie-Brown,Uses the same non-slip technology as in the boots.,text/html; charset=iso-8859-1,
https://www.twstackle.com/products/xtratuf-xkab-000-kids-ankle-deck-rubber-boot-black-3786.html,200,Categories - XTRATUF XKAB-000 Kids Ankle Deck Rubber Boot-Black,XTRATUF XKAB-000 Kids Ankle Deck Rubber Boot-Black,text/html; charset=iso-8859-1,
https://www.twstackle.com/products/xtratuf-xkab-107-kids-ankle-deck-rubber-boot-gray-yellow-3787.html,200,Categories - XTRATUF XKAB-107 Kids Ankle Deck Rubber Boot-Gray/Yellow,XTRATUF XKAB-107 Kids Ankle Deck Rubber Boot-Gray/Yellow,text/html; charset=iso-8859-1,
https://www.twstackle.com/products/xtratuf-xkab-1wf-kids-ankle-deck-rubber-boot-mo-elements%7CXKAB1WF.html,200,Categories - XTRATUF XKAB-1WF Kids Ankle Deck Rubber Boot-MO Elements,XTRATUF XKAB-1WF Kids Ankle Deck Rubber Boot-MO Elements,text/html; charset=iso-8859-1,
https://www.twstackle.com/products/xtratuf-xkab-200-kids-ankle-deck-rubber-boot-navy-3788.html,200,Categories - XTRATUF XKAB-200 Kids Ankle Deck Rubber Boot-Navy,XTRATUF XKAB-200 Kids Ankle Deck Rubber Boot-Navy,text/html; charset=iso-8859-1,
https://www.twstackle.com/products/xtratuf-xkab-2ss-kids-salmon-sister-ankle-deck-rubber-boot-light-blue-with-3789.html,200,Categories - XTRATUF XKAB-2SS Kids Salmon Sister Ankle Deck Rubber Boot-Light Blue with,XTRATUF XKAB-2SS Kids Salmon Sister Ankle Deck Rubber Boot-Light Blue with,text/html; charset=iso-8859-1,
https://www.twstackle.com/products/xtratuf-xkab-900-kids-ankle-deck-rubber-boot-brown-3790.html,200,Categories - XTRATUF XKAB-900 Kids Ankle Deck Rubber Boot-Brown,XTRATUF XKAB-900 Kids Ankle Deck Rubber Boot-Brown,text/html; charset=iso-8859-1,
https://www.twstackle.com/products/xtratuf-xkab-mob-kids-ankle-deck-rubber-boot-mossy-oak-bottomland-3791.html,200,Categories - XTRATUF XKAB-MOB Kids Ankle Deck Rubber Boot-Mossy Oak Bottomland,XTRATUF XKAB-MOB Kids Ankle Deck Rubber Boot-Mossy Oak Bottomland,text/html; charset=iso-8859-1,
https://www.twstackle.com/products/xtratuf-xmab-901-mens-6--ankle-deck-boot-tan-2481.html,200,Categories - XTRATUF XMAB-901 Mens 6&quot; Ankle Deck Boot-Tan,XTRATUF XMAB-901 Mens 6&quot; Ankle Deck Boot-Tan,text/html; charset=iso-8859-1,
https://www.twstackle.com/products/xtratuf-xmab-dcam-mens-6--ankle-deck-rubber-boot-duck-camo-tan-1548.html,200,Categories - XTRATUF XMAB-DCAM Mens 6&quot; Ankle Deck Rubber Boot-Duck Camo/Tan,"The Ankle Deck Boot collection has been crafted specifically for off-shore anglers. Anglers are athletes, and like any athlete they demand the best footwear to help them perform at a high level. We",text/html; charset=iso-8859-1,
https://www.twstackle.com/products/xtratuf-xmab-mdna-mens-6--ankle-deck-boot-mossy-oak-country-dna-2482.html,200,Categories - XTRATUF XMAB-MDNA Mens 6&quot; Ankle Deck Boot-Mossy Oak Country DNA,XTRATUF XMAB-MDNA Mens 6&quot; Ankle Deck Boot-Mossy Oak Country DNA,text/html; charset=iso-8859-1,
https://www.twstackle.com/products/xtratuf-xmab-mob-mens-6--ankle-deck-rubber-boot-mossy-oak-bottomlands-1549.html,200,Categories - XTRATUF XMAB-MOB Mens 6&quot; Ankle Deck Rubber Boot-Mossy Oak Bottomlands,"The Ankle Deck Boot collection has been crafted specifically for off-shore anglers. Anglers are athletes, and like any athlete they demand the best footwear to help them perform at a high level. We",text/html; charset=iso-8859-1,
https://www.twstackle.com/products/xtratuf-xmab-moh-men-s-6--ankle-deck-boot-mossy-oak-elements-2483.html,200,Categories - XTRATUF XMAB-MOH Men's 6&quot; Ankle Deck Boot-Mossy Oak Elements,XTRATUF XMAB-MOH Men,text/html; charset=iso-8859-1,
https://www.twstackle.com/products/xtratuf-xmabv-900-mens-6--ankle-deck-boot-vintage-brown-3793.html,200,Categories - XTRATUF XMABV-900 Mens 6&quot; Ankle Deck Boot-Vintage Brown,XTRATUF XMABV-900 Mens 6&quot; Ankle Deck Boot-Vintage Brown,text/html; charset=iso-8859-1,
https://www.twstackle.com/products/xtratuf-xmw-000-mens-6--wheelhouse-boot-black-1553.html,200,Categories - XTRATUF XMW-000 Mens 6&quot; Wheelhouse Boot-Black,"The commercial grade version of the Ankle Deck Boot fishermen have been asking for. Standing for 12+ hours a day on the sea can cause feet to swell, and the wider fit of this boot is built for that. The upper is reinforced in high wear areas such as the toe and heel for maximum durability. The boot features an EVA/PU blend insole for all-day comfort, and an oil resistant, SRC-rated outsole for the",text/html; charset=iso-8859-1,
https://www.twstackle.com/products/xtratuf-xmw-100-mens-6--wheelhouse-boot-white-1554.html,200,Categories - XTRATUF XMW-100 Mens 6&quot; Wheelhouse Boot-White,"The commercial grade version of the Ankle Deck Boot fishermen have been asking for. Standing for 12+ hours a day on the sea can cause feet to swell, and the wider fit of this boot is built for that. The upper is reinforced in high wear areas such as the toe and heel for maximum durability. The boot features an EVA/PU blend insole for all-day comfort, and an oil resistant, SRC-rated outsole for the",text/html; charset=iso-8859-1,
https://www.twstackle.com/products/xtratuf-xmw-101-mens-6--wheelhouse-boot-gray%7CXMW101.html,200,Categories - XTRATUF XMW-101 Mens 6&quot; Wheelhouse Boot-Gray,XTRATUF XMW-101 Mens 6&quot; Wheelhouse Boot-Gray,text/html; charset=iso-8859-1,
https://www.twstackle.com/products/xtratuf-xmw-201-mens-6--wheelhouse-boot-navy-1555.html,200,Categories - XTRATUF XMW-201 Mens 6&quot; Wheelhouse Boot-Navy,"The commercial grade version of the Ankle Deck Boot fishermen have been asking for. Standing for 12+ hours a day on the sea can cause feet to swell, and the wider fit of this boot is built for that. The upper is reinforced in high wear areas such as the toe and heel for maximum durability. The boot features an EVA/PU blend insole for all-day comfort, and an oil resistant, SRC-rated outsole for the",text/html; charset=iso-8859-1,
https://www.twstackle.com/products/xtratuf-xmw-900-mens-6--wheelhouse-boot-brown-1557.html,200,Categories - XTRATUF XMW-900 Mens 6&quot; Wheelhouse Boot-Brown,"The commercial grade version of the Ankle Deck Boot fishermen have been asking for. Standing for 12+ hours a day on the sea can cause feet to swell, and the wider fit of this boot is built for that. The upper is reinforced in high wear areas such as the toe and heel for maximum durability. The boot features an EVA/PU blend insole for all-day comfort, and an oil resistant, SRC-rated outsole for the",text/html; charset=iso-8859-1,
https://www.twstackle.com/products/xtratuf-xsbr-100-mens-sharkbyte-eco-canvas-deck-shoe-black-2486.html,200,Categories - XTRATUF XSBR-100 Mens Sharkbyte Eco Canvas Deck Shoe-Black,XTRATUF XSBR-100 Mens Sharkbyte Eco Canvas Deck Shoe-Black,text/html; charset=iso-8859-1,
https://www.twstackle.com/products/xtratuf-xsw-102-womens-sharkbyte-canvas-shoe-white-camo-1561.html,200,Categories - XTRATUF XSW-102 Womens Sharkbyte Canvas Shoe-White Camo,The Women,text/html; charset=iso-8859-1,
https://www.twstackle.com/products/xtratuf-xsw-7gg-womens-sharkbyte-fishwear-canvas-shoe-grey-1563.html,200,Categories - XTRATUF XSW-7GG Womens Sharkbyte Fishwear Canvas Shoe-Grey,"Founded in 2015 in Anchorage, Alaska, Fishe&amp;reg;Wear",text/html; charset=iso-8859-1,
https://www.twstackle.com/products/xtratuf-xswr-200-womens-sharkbyte-eco-deck-shoe-blue-2488.html,200,Categories - XTRATUF XSWR-200 Womens Sharkbyte Eco Deck Shoe-Blue,XTRATUF XSWR-200 Womens Sharkbyte Eco Deck Shoe-Blue,text/html; charset=iso-8859-1,
https://www.twstackle.com/products/xtratuf-xwab-002-womens-6--ankle-deck-rubber-boot-black-camo-1564.html,200,Categories - XTRATUF XWAB-002 Womens 6&quot; Ankle Deck Rubber Boot-Black Camo,"Due to popular demand, this black ankle deck boot has been crafted specifically for a female fit. Anglers are athletes, and like any athlete they need the best footwear to help them perform at a high level. We",text/html; charset=iso-8859-1,
https://www.twstackle.com/products/xtratuf-xwab-102-womens-6--ankle-deck-rubber-boot-gray-1567.html,200,Categories - XTRATUF XWAB-102 Womens 6&quot; Ankle Deck Rubber Boot-Gray,"The Ankle Deck Boot collection has been crafted specifically for Off-Shore anglers. Anglers are athletes, and like any athlete they need the best footwear to help them perform at a high level. We",text/html; charset=iso-8859-1,
https://www.twstackle.com/products/xtratuf-xwab-201-womens-6--ankle-deck-rubber-boot-navy-1568.html,200,Categories - XTRATUF XWAB-201 Womens 6&quot; Ankle Deck Rubber Boot-Navy,"The Ankle Deck Boot collection has been crafted specifically for Off-Shore anglers. Anglers are athletes, and like any athlete they need the best footwear to help them perform at a high level. We",text/html; charset=iso-8859-1,
https://www.twstackle.com/products/xtratuf-xwab-2bm-womens-6--ankle-deck-rubber-boot-light-blue-blue-mermaid-1570.html,200,Categories - XTRATUF XWAB-2BM Womens 6&quot; Ankle Deck Rubber Boot-Light Blue/Blue Mermaid,Xtratuf,text/html; charset=iso-8859-1,
https://www.twstackle.com/products/xtratuf-xwab-3bb-womens-6--ankle-deck-rubber-boot-black-camo-1565.html,200,Categories - XTRATUF XWAB-3BB Womens 6&quot; Ankle Deck Rubber Boot-Black Camo,This?lightweight design has the same slip-resistant Chevron outsole found in our Legacy boots. The performance ankle deck boot is the perfect boot for any on the water athlete looking for protection with slip-on-and-go styling. This version delivers performance and style with an understated black camo design.Slip-Resistant Chevron Outsole100% WaterproofRecommend half sizes order upXPRESSCOOL&amp;r,text/html; charset=iso-8859-1,
https://www.twstackle.com/products/xtratuf-xwab-3bb-womens-6--ankle-deck-rubber-boot-seafoam-with-fishewear-2491.html,200,Categories - XTRATUF XWAB-3BB Womens 6&quot; Ankle Deck Rubber Boot-Seafoam with Fishewear,XTRATUF XWAB-3BB Womens 6&quot; Ankle Deck Rubber Boot-Seafoam with Fishewear,text/html; charset=iso-8859-1,
https://www.twstackle.com/products/xtratuf-xwab-6ks-womens-6--ankle-deck-salmon-sisters-rubber-boot-red-sockeye-2074.html,200,Categories - XTRATUF XWAB-6KS Womens 6&quot; Ankle Deck Salmon Sisters Rubber Boot-Red/Sockeye,XTRATUF XWAB-6KS Womens 6&quot; Ankle Deck Salmon Sisters Rubber Boot-Red/Sockeye,text/html; charset=iso-8859-1,
https://www.twstackle.com/products/xtratuf-xwab-900-womens-6--ankle-deck-rubber-boot-brown-1575.html,200,Categories - XTRATUF XWAB-900 Womens 6&quot; Ankle Deck Rubber Boot-Brown,"Due to popular demand, this brown ankle deck boot has been crafted specifically for a female fit. Anglers are athletes, and like any athlete they need the best footwear to help them perform at a high level. We",text/html; charset=iso-8859-1,
https://www.twstackle.com/products/xtratuf-xwabv301-womens-6--ankle-deck-rubber-boot-vintage-green-3794.html,200,Categories - XTRATUF XWABV301 Womens 6&quot; Ankle Deck Rubber Boot-Vintage Green,XTRATUF XWABV301 Womens 6&quot; Ankle Deck Rubber Boot-Vintage Green,text/html; charset=iso-8859-1,
https://www.twstackle.com/products/xtratuf-xwabv401-womens-6--ankle-deck-rubber-boot-vintage-coral-3795.html,200,Categories - XTRATUF XWABV401 Womens 6&quot; Ankle Deck Rubber Boot-Vintage Coral,XTRATUF XWABV401 Womens 6&quot; Ankle Deck Rubber Boot-Vintage Coral,text/html; charset=iso-8859-1,
https://www.twstackle.com/products/xtratuf-xwal-1bg-womens-6--ankle-deck-rubber-boot-gray-dolphin-1577.html,200,Categories - XTRATUF XWAL-1BG Womens 6&quot; Ankle Deck Rubber Boot-Gray/Dolphin,"No matter what the season or the occasion fishermen require XTRATUF&amp;reg; performance while mending nets, maintaining engines or just enjoying life off-the-water. The Boatyard series is a 100% waterproof collection of leather work boots that provide traction, comfort and protection.Waterproof Full Grain Leather100% Waterproof breathable membraneHalf sizes available!Molded EVA insole for added c",text/html; charset=iso-8859-1,
https://www.twstackle.com/products/xtratuf-xwal-400-womens-6--ankle-deck-leather-boot-pink-cream-1579.html,200,Categories - XTRATUF XWAL-400 Womens 6&quot; Ankle Deck Leather Boot-Pink Cream,"No matter what the season or the occasion fishermen require XTRATUF&amp;reg; performance while mending nets, maintaining engines or just enjoying life off-the-water. The Boatyard series is a 100% waterproof collection of leather work boots that provide traction, comfort and protection.Waterproof Full Grain Leather100% Waterproof breathable membraneHalf sizes available!Molded EVA insole for added c",text/html; charset=iso-8859-1,
https://www.twstackle.com/products/xtratuf-xwal-901-womens-6--ankle-deck-leather-boot-taupe-scales-1581.html,200,Categories - XTRATUF XWAL-901 Womens 6&quot; Ankle Deck Leather Boot-Taupe/Scales,"No matter what the season or the occasion fishermen require XTRATUF&amp;reg; performance while mending nets, maintaining engines or just enjoying life off-the-water. The Boatyard series is a 100% waterproof collection of leather work boots that provide traction, comfort and protection.Waterproof Full Grain Leather100% Waterproof breathable membraneHalf sizes available!Molded EVA insole for added c",text/html; charset=iso-8859-1,
https://www.twstackle.com/products/xtratuf-xwl-1bg-womens-15--legacy-rubber-boots-black-beach-glass-1583.html,200,Categories - XTRATUF XWL-1BG Womens 15&quot; Legacy Rubber Boots-Black/Beach Glass,The Women,text/html; charset=iso-8859-1,
https://www.twstackle.com/products/xtratuf-xwl-lob-womens-15--legacy-rubber-boots-brown-w-lobsters%7CXWL9LOB.html,200,Categories - XTRATUF XWL-LOB Womens 15&quot; Legacy Rubber Boots-Brown w/Lobsters,XTRATUF XWL-LOB Womens 15&quot; Legacy Rubber Boots-Brown w/Lobsters,text/html; charset=iso-8859-1,
https://www.twstackle.com/products/xtratuf-xwr-301-womens-riptide-water-shoe-teal-1586.html,200,Categories - XTRATUF XWR-301 Womens Riptide Water Shoe-Teal,"Great for most any water or land based excursion, these XTRATUF deck shoes not only look and feel great but also keep you safe and sure-footed thanks to our signature non-slip Chevron outsole, the same as our original commercial grade fishing boots. They are extremely comfortable and feature a breathable quick dry airmesh upper that both drains and dries quickly. Whether you",text/html; charset=iso-8859-1,
https://www.twstackle.com/products/xtratuf-xww-2ch-womens-6--wheelhouse-boot-blue-coho-1587.html,200,Categories - XTRATUF XWW-2CH Womens 6&quot; Wheelhouse Boot-Blue Coho,"The commercial grade version of the Ankle Deck Boot fishermen have been asking for. Standing for 12+ hours a day on the sea can cause feet to swell, and the wider fit of this boot is built for that. The upper is reinforced in high wear areas such as the toe and heel for maximum durability. The boot features an EVA/PU blend insole for all-day comfort, and an oil resistant, SRC-rated outsole for the",text/html; charset=iso-8859-1,
https://www.twstackle.com/products/xtratuf-xww-700-womens-6--wheelhouse-boot-grey-mint-1588.html,200,Categories - XTRATUF XWW-700 Womens 6&quot; Wheelhouse Boot-Grey/Mint,"The commercial grade version of the Ankle Deck Boot fishermen have been asking for. Standing for 12+ hours a day on the sea can cause feet to swell, and the wider fit of this boot is built for that. The upper is reinforced in high wear areas such as the toe and heel for maximum durability. The boot features an EVA/PU blend insole for all-day comfort, and an oil resistant, SRC-rated outsole for the",text/html; charset=iso-8859-1,
https://www.twstackle.com/products/xtratuf-xww300---wheelhouse%7CXWW300.html,200,Categories - XTRATUF XWW300&nbsp;&nbsp; WheelHouse,XTRATUF XWW300 WheelHouse,text/html; charset=iso-8859-1,
https://www.twstackle.com/products/yeti-10ozrmblr2-0---10ozrmblrmug-3842.html,200,Categories - YETI 10ozRmblr2.0&nbsp;&nbsp; 10OZRMBLRMUG,Yeti Rambler 10 oz 2.0 Mug with Magslider Lid,text/html; charset=iso-8859-1,
https://www.twstackle.com/products/yeti-18oz-straw-wb--18ozstrawwb-3841.html,200,Categories - YETI 18OZ STRAW WB&nbsp;&nbsp;18OZSTRAWWB,Yeti Rambler 18 oz Water Bottle With Straw Cap,text/html; charset=iso-8859-1,
https://www.twstackle.com/products/yeti-25oz-mug-straw--25ozmug-3840.html,200,Categories - YETI 25OZ MUG STRAW&nbsp;&nbsp;25OZMUG,Yeti Rambler 25 oz Mug with Straw Lid,text/html; charset=iso-8859-1,
https://www.twstackle.com/products/yeti-35oz-mug-straw--35ozmug-3837.html,200,Categories - YETI 35OZ MUG STRAW&nbsp;&nbsp;35OZMUG,Yeti Rambler 35 oz Mug with Straw Lid,text/html; charset=iso-8859-1,
https://www.twstackle.com/products/yeti-bottle-26oz--26ozbottle-3839.html,200,Categories - YETI BOTTLE 26oz&nbsp;&nbsp;26OZBOTTLE,Yeti Rambler 26oz Water Bottle with Chug Cap,text/html; charset=iso-8859-1,
https://www.twstackle.com/products/yeti-camino-20-carryall-tote-bag-3309.html,200,Categories - Yeti Camino 20 Carryall Tote Bag,Yeti Camino 20 Carryall Tote Bag,text/html; charset=iso-8859-1,
https://www.twstackle.com/products/yeti-camino-35-carryall-tote-bag-3308.html,200,Categories - Yeti Camino 35 Carryall Tote Bag,Yeti Camino 35 Carryall Tote Bag,text/html; charset=iso-8859-1,
https://www.twstackle.com/products/yeti-camino-50-carryall-tote-bag%7CCAMINO50.html,200,Categories - Yeti Camino 50 Carryall Tote Bag,Yeti Camino 50 Carryall Tote Bag,text/html; charset=iso-8859-1,
https://www.twstackle.com/products/yeti-cool-loadout15--gobox15-3835.html,200,Categories - YETI COOL LOADOUT15&nbsp;&nbsp;GOBOX15,Yeti Loadout GoBox 15 Gear Case,text/html; charset=iso-8859-1,
https://www.twstackle.com/products/yeti-cool-loadout302-0--gobox30-3834.html,200,Categories - YETI COOL LOADOUT302.0&nbsp;&nbsp;GOBOX30,Yeti Loadout GoBox 30 2.0 Gear Case,text/html; charset=iso-8859-1,
https://www.twstackle.com/products/yeti-cool-y-hopper-m20--backpack-3833.html,200,Categories - YETI COOL Y HOPPER M20&nbsp;&nbsp;Backpack,Yeti Hopper M20 Soft Cooler,text/html; charset=iso-8859-1,
https://www.twstackle.com/products/yeti-cooler-yr24--roadie-24-3288.html,200,Categories - YETI COOLER YR24&nbsp;&nbsp;ROADIE 24,Yeti Roadie 24 Hard Cooler,text/html; charset=iso-8859-1,
https://www.twstackle.com/products/yeti-daytrip-lunch-bag-3306.html,200,Categories - Yeti Daytrip Lunch Bag,Yeti Daytrip Lunch Bag,text/html; charset=iso-8859-1,
https://www.twstackle.com/products/yeti-daytrip-lunch-box-3305.html,200,Categories - Yeti Daytrip Lunch Box,Yeti Daytrip Lunch Box,text/html; charset=iso-8859-1,
https://www.twstackle.com/products/yeti-hopper-flip-12-soft-cooler-3304.html,200,Categories - Yeti Hopper Flip 12 Soft Cooler,Yeti Hopper Flip 12 Soft Cooler,text/html; charset=iso-8859-1,
https://www.twstackle.com/products/yeti-hopper-flip-18-soft-cooler-3303.html,200,Categories - Yeti Hopper Flip 18 Soft Cooler,Yeti Hopper Flip 18 Soft Cooler,text/html; charset=iso-8859-1,
https://www.twstackle.com/products/yeti-hopper-flip-8-soft-cooler-3302.html,200,Categories - Yeti Hopper Flip 8 Soft Cooler,Yeti Hopper Flip 8 Soft Cooler,text/html; charset=iso-8859-1,
https://www.twstackle.com/products/yeti-hopper-m30-2-0-soft-cooler-3294.html,200,Categories - Yeti Hopper M30 2.0 Soft Cooler,Yeti Hopper M30 2.0 Soft Cooler,text/html; charset=iso-8859-1,
https://www.twstackle.com/products/yeti-hopper-m30-soft-cooler-3295.html,200,Categories - Yeti Hopper M30 Soft Cooler,Yeti Hopper M30 Soft Cooler,text/html; charset=iso-8859-1,
https://www.twstackle.com/products/yeti-hopper-sidekick-3301.html,200,Categories - Yeti Hopper Sidekick,Yeti Hopper Sidekick,text/html; charset=iso-8859-1,
https://www.twstackle.com/products/yeti-ice-pack-3300.html,200,Categories - Yeti Ice Pack,Yeti Ice Pack,text/html; charset=iso-8859-1,
https://www.twstackle.com/products/yeti-loadout-5-gallon-bucket-3298.html,200,Categories - Yeti Loadout 5-Gallon Bucket,Yeti Loadout 5-Gallon Bucket,text/html; charset=iso-8859-1,
https://www.twstackle.com/products/yeti-loadout-bucket-caddy-3325.html,200,Categories - Yeti Loadout Bucket Caddy,Yeti Loadout Bucket Caddy,text/html; charset=iso-8859-1,
https://www.twstackle.com/products/yeti-loadout-bucket-utility-gear-belt%7C888830303962.html,200,Categories - Yeti Loadout Bucket Utility Gear Belt,Yeti Loadout Bucket Utility Gear Belt,text/html; charset=iso-8859-1,
https://www.twstackle.com/products/yeti-loadout-gobox-30-gear-case-3297.html,200,Categories - Yeti Loadout GoBox 30 Gear Case,Yeti Loadout GoBox 30 Gear Case,text/html; charset=iso-8859-1,
https://www.twstackle.com/products/yeti-molle-zinger%7C888830112663.html,200,Categories - Yeti Molle Zinger,Yeti Molle Zinger,text/html; charset=iso-8859-1,
https://www.twstackle.com/products/yeti-panga-100l-waterproof-duffel-3293.html,200,Categories - Yeti Panga 100L Waterproof Duffel,Yeti Panga 100L Waterproof Duffel,text/html; charset=iso-8859-1,
https://www.twstackle.com/products/yeti-panga-28l-waterproof-backpack-3292.html,200,Categories - Yeti Panga 28L Waterproof Backpack,Yeti Panga 28L Waterproof Backpack,text/html; charset=iso-8859-1,
https://www.twstackle.com/products/yeti-panga-50l-waterproof-duffel-3291.html,200,Categories - Yeti Panga 50L Waterproof Duffel,Yeti Panga 50L Waterproof Duffel,text/html; charset=iso-8859-1,
https://www.twstackle.com/products/yeti-panga-75l-waterproof-duffel-3290.html,200,Categories - Yeti Panga 75L Waterproof Duffel,Yeti Panga 75L Waterproof Duffel,text/html; charset=iso-8859-1,
https://www.twstackle.com/products/yeti-rambler-10-oz-stackable-mug-with-magslider-lid-3351.html,200,Categories - Yeti Rambler 10 oz Stackable Mug with Magslider Lid,Yeti Rambler 10 oz Stackable Mug with Magslider Lid,text/html; charset=iso-8859-1,
https://www.twstackle.com/products/yeti-rambler-10-oz-tumbler-with-magslider-lid-3349.html,200,Categories - Yeti Rambler 10 oz Tumbler with Magslider Lid,Yeti Rambler 10 oz Tumbler with Magslider Lid,text/html; charset=iso-8859-1,
https://www.twstackle.com/products/yeti-rambler-10-oz-wine-tumbler-with-magslider-lid-3350.html,200,Categories - Yeti Rambler 10 oz Wine Tumbler with Magslider Lid,Yeti Rambler 10 oz Wine Tumbler with Magslider Lid,text/html; charset=iso-8859-1,
https://www.twstackle.com/products/yeti-rambler-10oz-lowball-with-magslider-lid-3296.html,200,Categories - Yeti Rambler 10oz Lowball with Magslider Lid,Yeti Rambler 10oz Lowball with Magslider Lid,text/html; charset=iso-8859-1,
https://www.twstackle.com/products/yeti-rambler-12-oz-bottle-with-hotshot-cap-3348.html,200,Categories - Yeti Rambler 12 oz Bottle with Hotshot Cap,Yeti Rambler 12 oz Bottle with Hotshot Cap,text/html; charset=iso-8859-1,
https://www.twstackle.com/products/yeti-rambler-12-oz-kids-water-bottle-3347.html,200,Categories - Yeti Rambler 12 oz Kids Water Bottle,Yeti Rambler 12 oz Kids Water Bottle,text/html; charset=iso-8859-1,
https://www.twstackle.com/products/yeti-rambler-14-oz-mug-with-magslider-lid-3346.html,200,Categories - Yeti Rambler 14 oz Mug with Magslider Lid,Yeti Rambler 14 oz Mug with Magslider Lid,text/html; charset=iso-8859-1,
https://www.twstackle.com/products/yeti-rambler-16-oz-colster-tall-can-insulator-3282.html,200,Categories - Yeti Rambler 16 oz Colster Tall Can Insulator,Yeti Rambler 16 oz Colster Tall Can Insulator,text/html; charset=iso-8859-1,
https://www.twstackle.com/products/yeti-rambler-16-oz-stackable-pint-with-magslider-lid-3345.html,200,Categories - Yeti Rambler 16 oz Stackable Pint with Magslider Lid,Yeti Rambler 16 oz Stackable Pint with Magslider Lid,text/html; charset=iso-8859-1,
https://www.twstackle.com/products/yeti-rambler-18-oz-bottle-with-hotshot-cap-3343.html,200,Categories - Yeti Rambler 18 oz Bottle with Hotshot Cap,Yeti Rambler 18 oz Bottle with Hotshot Cap,text/html; charset=iso-8859-1,
https://www.twstackle.com/products/yeti-rambler-18-oz-water-bottle-with-chug-cap-3344.html,200,Categories - Yeti Rambler 18 oz Water Bottle with Chug Cap,Yeti Rambler 18 oz Water Bottle with Chug Cap,text/html; charset=iso-8859-1,
https://www.twstackle.com/products/yeti-rambler-26-oz-stackable-cup-with-straw-lid-3338.html,200,Categories - Yeti Rambler 26 oz Stackable Cup with Straw Lid,Yeti Rambler 26 oz Stackable Cup with Straw Lid,text/html; charset=iso-8859-1,
https://www.twstackle.com/products/yeti-rambler-30-oz-tumbler-straw-lid-1310.html,200,Categories - Yeti Rambler 30 oz Tumbler Straw Lid,Yeti Rambler 30 oz Tumbler Straw Lid,text/html; charset=iso-8859-1,
https://www.twstackle.com/products/yeti-rambler-bottle-5-oz-cup-cap-3322.html,200,Categories - Yeti Rambler Bottle 5 oz Cup Cap,Yeti Rambler Bottle 5 oz Cup Cap,text/html; charset=iso-8859-1,
https://www.twstackle.com/products/yeti-rambler-half-gallon-water-jug-3352.html,200,Categories - Yeti Rambler Half Gallon Water Jug,Yeti Rambler Half Gallon Water Jug,text/html; charset=iso-8859-1,
https://www.twstackle.com/products/yeti-rambler-one-gallon-water-jug-3342.html,200,Categories - Yeti Rambler One Gallon Water Jug,Yeti Rambler One Gallon Water Jug,text/html; charset=iso-8859-1,
https://www.twstackle.com/products/yeti-roadie-24-hard-cooler-basket-3317.html,200,Categories - Yeti Roadie 24 Hard Cooler Basket,Yeti Roadie 24 Hard Cooler Basket,text/html; charset=iso-8859-1,
https://www.twstackle.com/products/yeti-silo-6g-water-cooler---white-3321.html,200,Categories - Yeti Silo 6G Water Cooler - White,Yeti Silo 6G Water Cooler - White,text/html; charset=iso-8859-1,
https://www.twstackle.com/products/yeti-t-rex-tundra-lid-latches-3331.html,200,Categories - Yeti T-Rex Tundra Lid Latches,Yeti T-Rex Tundra Lid Latches,text/html; charset=iso-8859-1,
https://www.twstackle.com/products/yeti-tarpon-beverage-entry-tool-3358.html,200,Categories - Yeti Tarpon Beverage Entry Tool,Yeti Tarpon Beverage Entry Tool,text/html; charset=iso-8859-1,
https://www.twstackle.com/products/yeti-thin-ice-3299.html,200,Categories - Yeti Thin Ice,Yeti Thin Ice,text/html; charset=iso-8859-1,
https://www.twstackle.com/products/yeti-tie-down-kit-3332.html,200,Categories - Yeti Tie-Down Kit,Yeti Tie-Down Kit,text/html; charset=iso-8859-1,
https://www.twstackle.com/products/yeti-trailhead-camp-chair-3307.html,200,Categories - Yeti Trailhead Camp Chair,Yeti Trailhead Camp Chair,text/html; charset=iso-8859-1,
https://www.twstackle.com/products/yeti-tundra-haul-wheeled-cooler-3289.html,200,Categories - Yeti Tundra Haul Wheeled Cooler,Yeti Tundra Haul Wheeled Cooler,text/html; charset=iso-8859-1,
https://www.twstackle.com/products/yeti-vortex-drain-plug-3315.html,200,Categories - Yeti Vortex Drain Plug,Yeti Vortex Drain Plug,text/html; charset=iso-8859-1,
https://www.twstackle.com/products/yeti-yonder-1-5-l---50-oz-water-bottle%7CYONDER1.5.html,200,Categories - Yeti Yonder 1.5 L / 50 oz Water Bottle,Yeti Yonder 1.5 L / 50 oz Water Bottle,text/html; charset=iso-8859-1,
https://www.twstackle.com/products/yeti-yonder-1-l---34-oz-water-bottle%7CYONDER1.0.html,200,Categories - Yeti Yonder 1 L / 34 oz Water Bottle,Yeti Yonder 1 L / 34 oz Water Bottle,text/html; charset=iso-8859-1,
https://www.twstackle.com/products/yeti-yonder-75-ml---25-oz-water-bottle%7CYONDER.75.html,200,Categories - Yeti Yonder 75 mL / 25 oz Water Bottle,Yeti Yonder 75 mL / 25 oz Water Bottle,text/html; charset=iso-8859-1,
https://www.twstackle.com/products/yeti-yonder-75-ml---25-oz-water-bottle---king-crab-orange%7C888830349755.html,200,Categories - Yeti Yonder 75 mL / 25 oz Water Bottle - King Crab Orange,Yeti Yonder 75 mL / 25 oz Water Bottle - King Crab Orange,text/html; charset=iso-8859-1,
https://www.twstackle.com/products/yeti-yonder-bottle-straw-cap--fits-all-yonder-water-bottles-%7C888830273395.html,200,Categories - Yeti Yonder Bottle Straw Cap (Fits All Yonder Water Bottles),Yeti Yonder Bottle Straw Cap (Fits All Yonder Water Bottles),text/html; charset=iso-8859-1,
https://www.twstackle.com/products/yeti-yonder-chug-cap--fits-all-yonder-water-bottles-%7C888830180709.html,200,Categories - Yeti Yonder Chug Cap (Fits All Yonder Water Bottles),Yeti Yonder Chug Cap (Fits All Yonder Water Bottles),text/html; charset=iso-8859-1,
https://www.twstackle.com/products/yeti-yonder-tether-cap--fits-all-yonder-water-bottles-%7C888830273371.html,200,Categories - Yeti Yonder Tether Cap (Fits All Yonder Water Bottles),Yeti Yonder Tether Cap (Fits All Yonder Water Bottles),text/html; charset=iso-8859-1,
https://www.twstackle.com/products/yo-zuri-hd10lb-dp-hd-fluorocar%7C756791191341.html,200,Categories - Yo-Zuri HD10LB-DP HD Fluorocar,Yo-Zuri HD10LB-DP HD Fluorocar,text/html; charset=iso-8859-1,
https://www.twstackle.com/products/yo-zuri-hd130lb-dp-hd-fluor%7C756791191457.html,200,Categories - YO-ZURI HD130LB-DP HD Fluor,YO-ZURI HD130LB-DP HD Fluor,text/html; charset=iso-8859-1,
https://www.twstackle.com/products/yo-zuri-hd15lb-dp-hd-fluoro%7C756791191365.html,200,Categories - YO-ZURI HD15LB-DP HD Fluoro,YO-ZURI HD15LB-DP HD Fluoro,text/html; charset=iso-8859-1,
https://www.twstackle.com/products/yo-zuri-hd20lb-dp-hd-fluoro%7C756791191372.html,200,Categories - YO-ZURI HD20LB-DP HD Fluoro,YO-ZURI HD20LB-DP HD Fluoro,text/html; charset=iso-8859-1,
https://www.twstackle.com/products/yo-zuri-hd30lb-dp-hd-fluorline%7C756791191396.html,200,Categories - YO-ZURI HD30LB-DP HD FluorLine,YO-ZURI HD30LB-DP HD FluorLine,text/html; charset=iso-8859-1,
https://www.twstackle.com/products/yo-zuri-hd50lbdp-flouro-line-pk%7C756791191419.html,200,Categories - YO-ZURI HD50LBDP Flouro.Line-Pk,YO-ZURI HD50LBDP Flouro.Line-Pk,text/html; charset=iso-8859-1,
https://www.twstackle.com/products/zebco-808jsf-bx3-saltwater-reel%7C032784638926.html,200,Categories - ZEBCO 808JSF.BX3 Saltwater Reel,ZEBCO 808JSF.BX3 Saltwater Reel,text/html; charset=iso-8859-1,
https://www.twstackle.com/products/zep-belps-marl-crzlbr---emb-mrln%7CBELPSMARLCRZ.html,200,Categories - ZEP BELPS MARL-CRZLBR&nbsp;&nbsp; EMB MRLN,ZEP BELPS MARL-CRZLBR EMB MRLN,text/html; charset=iso-8859-1,
https://www.twstackle.com/products/zep-belps-tuna-crzlbr---emb-tuna%7CBELPSTUNACRZ.html,200,Categories - ZEP BELPS TUNA-CRZLBR&nbsp;&nbsp; EMB TUNA,ZEP BELPS TUNA-CRZLBR EMB TUNA,text/html; charset=iso-8859-1,
https://www.twstackle.com/products/zep-btl1-btuna-buf--embossed%7CBTL1BTUNA.html,200,Categories - ZEP BTL1-BTUNA-BUF&nbsp;&nbsp;EMBOSSED,ZEP BTL1-BTUNA-BUF EMBOSSED,text/html; charset=iso-8859-1,
https://www.twstackle.com/products/zep-btl1-dolp-buf--embossed-dolp%7CBTL1DOLP.html,200,Categories - ZEP BTL1-DOLP-BUF&nbsp;&nbsp;EMBOSSED DOLP,ZEP BTL1-DOLP-BUF EMBOSSED DOLP,text/html; charset=iso-8859-1,
https://www.twstackle.com/products/zep-btl1-marl-buf--embossed-marl%7CBTL1MARL.html,200,Categories - ZEP BTL1-MARL-BUF&nbsp;&nbsp;EMBOSSED MARL,ZEP BTL1-MARL-BUF EMBOSSED MARL,text/html; charset=iso-8859-1,
https://www.twstackle.com/products/zep-btl1-redf-buf--embossed-ref%7CBTL1REDF.html,200,Categories - ZEP BTL1-REDF-BUF&nbsp;&nbsp;EMBOSSED REF,ZEP BTL1-REDF-BUF EMBOSSED REF,text/html; charset=iso-8859-1,
https://www.twstackle.com/products/zep-btl1-ytuna-buf--embossed%7CBTL1YTUNA.html,200,Categories - ZEP BTL1-YTUNA-BUF&nbsp;&nbsp;EMBOSSED,ZEP BTL1-YTUNA-BUF EMBOSSED,text/html; charset=iso-8859-1,
https://www.twstackle.com/products/zep-btl3-btuna--bf-tuna-lthr-emb%7CBTL3BTUNA.html,200,Categories - ZEP BTL3-BTUNA&nbsp;&nbsp;BF TUNA LTHR EMB,ZEP BTL3-BTUNA BF TUNA LTHR EMB,text/html; charset=iso-8859-1,
https://www.twstackle.com/products/zep-btl3-cobia--cobia-lthr-emb%7CBTL3COBIA.html,200,Categories - ZEP BTL3-COBIA&nbsp;&nbsp;COBIA LTHR EMB,ZEP BTL3-COBIA COBIA LTHR EMB,text/html; charset=iso-8859-1,
https://www.twstackle.com/products/zep-btl3-dolp--dolphin-lthr-emb%7CBTL3DOLP.html,200,Categories - ZEP BTL3-DOLP&nbsp;&nbsp;DOLPHIN LTHR EMB,ZEP BTL3-DOLP DOLPHIN LTHR EMB,text/html; charset=iso-8859-1,
https://www.twstackle.com/products/zep-btl3-lbass--lg-bass-lthr-emb%7CBTL3LBASS.html,200,Categories - ZEP BTL3-LBASS&nbsp;&nbsp;LG BASS LTHR EMB,ZEP BTL3-LBASS LG BASS LTHR EMB,text/html; charset=iso-8859-1,
https://www.twstackle.com/products/zep-btl3-marl---marlin-lthr-emb%7CBTL3MARL.html,200,Categories - ZEP BTL3-MARL&nbsp;&nbsp; MARLIN LTHR EMB,ZEP BTL3-MARL MARLIN LTHR EMB,text/html; charset=iso-8859-1,
https://www.twstackle.com/products/zep-btl3-redf--redfish-lth-emb%7CBTL3REDF.html,200,Categories - ZEP BTL3-REDF&nbsp;&nbsp;REDFISH LTH EMB,ZEP BTL3-REDF REDFISH LTH EMB,text/html; charset=iso-8859-1,
https://www.twstackle.com/products/zep-btl3-sailf--sailfish-lth-emb%7CBTL3SAILF.html,200,Categories - ZEP BTL3-SAILF&nbsp;&nbsp;SAILFISH LTH EMB,ZEP BTL3-SAILF SAILFISH LTH EMB,text/html; charset=iso-8859-1,
https://www.twstackle.com/products/zep-btl3-stripr--striper-lth-emb%7CBTL3STRIPR.html,200,Categories - ZEP BTL3-STRIPR&nbsp;&nbsp;STRIPER LTH EMB,ZEP BTL3-STRIPR STRIPER LTH EMB,text/html; charset=iso-8859-1,
https://www.twstackle.com/products/zep-btl3-wahoo--wahoo-lth-emb%7CBTL3WAHOO.html,200,Categories - ZEP BTL3-WAHOO&nbsp;&nbsp;WAHOO LTH EMB,ZEP BTL3-WAHOO WAHOO LTH EMB,text/html; charset=iso-8859-1,
https://www.twstackle.com/products/zep-btl3-ytuna--ytuna-lth-emb%7CBTL3YTUNA.html,200,Categories - ZEP BTL3-YTUNA&nbsp;&nbsp;YTUNA LTH EMB,ZEP BTL3-YTUNA YTUNA LTH EMB,text/html; charset=iso-8859-1,
https://www.twstackle.com/products/zep-btr4lb-bcans--beer-cans%7CBTR4LBBCANS.html,200,Categories - ZEP BTR4LB-BCANS&nbsp;&nbsp;BEER CANS,ZEP BTR4LB-BCANS BEER CANS,text/html; charset=iso-8859-1,
https://www.twstackle.com/products/zep-btr4nt-marl-buf--marlin%7CBTR4NTMARL.html,200,Categories - ZEP BTR4NT-MARL-BUF&nbsp;&nbsp;MARLIN,ZEP BTR4NT-MARL-BUF MARLIN,text/html; charset=iso-8859-1,
https://www.twstackle.com/products/zep-btr4nt-sailf-buf--sailfish%7CBTR4NTSAILF.html,200,Categories - ZEP BTR4NT-SAILF-BUF&nbsp;&nbsp;SAILFISH,ZEP BTR4NT-SAILF-BUF SAILFISH,text/html; charset=iso-8859-1,
https://www.twstackle.com/products/zep-btr4nv-ancwhl-buf--anchor%7CBTR4NVANCWHL.html,200,Categories - ZEP BTR4NV-ANCWHL-BUF&nbsp;&nbsp;ANCHOR,ZEP BTR4NV-ANCWHL-BUF ANCHOR,text/html; charset=iso-8859-1,
https://www.twstackle.com/products/zep-btr4nv-dolp-buf--dolphin%7CBTR4NVDOLP.html,200,Categories - ZEP BTR4NV-DOLP-BUF&nbsp;&nbsp;DOLPHIN,ZEP BTR4NV-DOLP-BUF DOLPHIN,text/html; charset=iso-8859-1,
